id,index,group,type,circulate,star,exp_cost,exp_all,rankCount,isTopRank,reward_rank_status,reward_rank,reward_star,key_big,key_full,frame,icon
1,1,1,1,,0,200,0,5,,,,,activity_99136_57,activity_Valentine_rank1,Assets/Main/Sprites/UI/UIActValentineWorldFrame/zxl_qingrenjie_shijie_duanwei1,Assets/Main/TextureEx/UIActValentineMainTex/ljq_qingrenjie_duanwei_1.png
2,2,1,1,,1,400,200,5,,520521,279103715,279103714,activity_99136_57,activity_Valentine_rank1,Assets/Main/Sprites/UI/UIActValentineWorldFrame/zxl_qingrenjie_shijie_duanwei1,Assets/Main/TextureEx/UIActValentineMainTex/ljq_qingrenjie_duanwei_1.png
3,3,1,1,,2,600,600,5,,,,279103714,activity_99136_57,activity_Valentine_rank1,Assets/Main/Sprites/UI/UIActValentineWorldFrame/zxl_qingrenjie_shijie_duanwei1,Assets/Main/TextureEx/UIActValentineMainTex/ljq_qingrenjie_duanwei_1.png
4,4,1,1,,3,800,1200,5,,,,279103714,activity_99136_57,activity_Valentine_rank1,Assets/Main/Sprites/UI/UIActValentineWorldFrame/zxl_qingrenjie_shijie_duanwei1,Assets/Main/TextureEx/UIActValentineMainTex/ljq_qingrenjie_duanwei_1.png
5,5,1,1,,4,1000,2000,5,,,,279103714,activity_99136_57,activity_Valentine_rank1,Assets/Main/Sprites/UI/UIActValentineWorldFrame/zxl_qingrenjie_shijie_duanwei1,Assets/Main/TextureEx/UIActValentineMainTex/ljq_qingrenjie_duanwei_1.png
6,6,1,2,,0,1500,3000,5,,520522,279103716,279103714,activity_99136_58,activity_Valentine_rank2,Assets/Main/Sprites/UI/UIActValentineWorldFrame/zxl_qingrenjie_shijie_duanwei2,Assets/Main/TextureEx/UIActValentineMainTex/ljq_qingrenjie_duanwei_2.png
7,7,1,2,,1,1500,4500,5,,,,279103714,activity_99136_58,activity_Valentine_rank2,Assets/Main/Sprites/UI/UIActValentineWorldFrame/zxl_qingrenjie_shijie_duanwei2,Assets/Main/TextureEx/UIActValentineMainTex/ljq_qingrenjie_duanwei_2.png
8,8,1,2,,2,1500,6000,5,,,,279103714,activity_99136_58,activity_Valentine_rank2,Assets/Main/Sprites/UI/UIActValentineWorldFrame/zxl_qingrenjie_shijie_duanwei2,Assets/Main/TextureEx/UIActValentineMainTex/ljq_qingrenjie_duanwei_2.png
9,9,1,2,,3,1500,7500,5,,,,279103714,activity_99136_58,activity_Valentine_rank2,Assets/Main/Sprites/UI/UIActValentineWorldFrame/zxl_qingrenjie_shijie_duanwei2,Assets/Main/TextureEx/UIActValentineMainTex/ljq_qingrenjie_duanwei_2.png
10,10,1,2,,4,1500,9000,5,,,,279103714,activity_99136_58,activity_Valentine_rank2,Assets/Main/Sprites/UI/UIActValentineWorldFrame/zxl_qingrenjie_shijie_duanwei2,Assets/Main/TextureEx/UIActValentineMainTex/ljq_qingrenjie_duanwei_2.png
11,11,1,3,,0,2000,10500,5,,520523,279103717,279103714,activity_99136_59,activity_Valentine_rank3,Assets/Main/Sprites/UI/UIActValentineWorldFrame/zxl_qingrenjie_shijie_duanwei3,Assets/Main/TextureEx/UIActValentineMainTex/ljq_qingrenjie_duanwei_3.png
12,12,1,3,,1,2000,12500,5,,,,279103714,activity_99136_59,activity_Valentine_rank3,Assets/Main/Sprites/UI/UIActValentineWorldFrame/zxl_qingrenjie_shijie_duanwei3,Assets/Main/TextureEx/UIActValentineMainTex/ljq_qingrenjie_duanwei_3.png
13,13,1,3,,2,2000,14500,5,,,,279103714,activity_99136_59,activity_Valentine_rank3,Assets/Main/Sprites/UI/UIActValentineWorldFrame/zxl_qingrenjie_shijie_duanwei3,Assets/Main/TextureEx/UIActValentineMainTex/ljq_qingrenjie_duanwei_3.png
14,14,1,3,,3,2000,16500,5,,,,279103714,activity_99136_59,activity_Valentine_rank3,Assets/Main/Sprites/UI/UIActValentineWorldFrame/zxl_qingrenjie_shijie_duanwei3,Assets/Main/TextureEx/UIActValentineMainTex/ljq_qingrenjie_duanwei_3.png
15,15,1,3,,4,2000,18500,5,,,,279103714,activity_99136_59,activity_Valentine_rank3,Assets/Main/Sprites/UI/UIActValentineWorldFrame/zxl_qingrenjie_shijie_duanwei3,Assets/Main/TextureEx/UIActValentineMainTex/ljq_qingrenjie_duanwei_3.png
16,16,1,4,,0,3000,20500,5,,520524,279103718,279103714,activity_99136_60,activity_Valentine_rank4,Assets/Main/Sprites/UI/UIActValentineWorldFrame/zxl_qingrenjie_shijie_duanwei4,Assets/Main/TextureEx/UIActValentineMainTex/ljq_qingrenjie_duanwei_4.png
17,17,1,4,,1,3000,23500,5,,,,279103714,activity_99136_60,activity_Valentine_rank4,Assets/Main/Sprites/UI/UIActValentineWorldFrame/zxl_qingrenjie_shijie_duanwei4,Assets/Main/TextureEx/UIActValentineMainTex/ljq_qingrenjie_duanwei_4.png
18,18,1,4,,2,3000,26500,5,,,,279103714,activity_99136_60,activity_Valentine_rank4,Assets/Main/Sprites/UI/UIActValentineWorldFrame/zxl_qingrenjie_shijie_duanwei4,Assets/Main/TextureEx/UIActValentineMainTex/ljq_qingrenjie_duanwei_4.png
19,19,1,4,,3,3000,29500,5,,,,279103714,activity_99136_60,activity_Valentine_rank4,Assets/Main/Sprites/UI/UIActValentineWorldFrame/zxl_qingrenjie_shijie_duanwei4,Assets/Main/TextureEx/UIActValentineMainTex/ljq_qingrenjie_duanwei_4.png
20,20,1,4,,4,3000,32500,5,,,,279103714,activity_99136_60,activity_Valentine_rank4,Assets/Main/Sprites/UI/UIActValentineWorldFrame/zxl_qingrenjie_shijie_duanwei4,Assets/Main/TextureEx/UIActValentineMainTex/ljq_qingrenjie_duanwei_4.png
21,21,1,5,,0,5000,35500,,1,520525,279103719,279103714,activity_99136_61,activity_Valentine_rank5,Assets/Main/Sprites/UI/UIActValentineWorldFrame/zxl_qingrenjie_shijie_duanwei5,Assets/Main/TextureEx/UIActValentineMainTex/ljq_qingrenjie_duanwei_5.png
22,22,1,5,,1,5000,40500,,1,,,279103714,activity_99136_61,activity_Valentine_rank5,Assets/Main/Sprites/UI/UIActValentineWorldFrame/zxl_qingrenjie_shijie_duanwei5,Assets/Main/TextureEx/UIActValentineMainTex/ljq_qingrenjie_duanwei_5.png
23,23,1,5,,2,5000,45500,,1,,,279103714,activity_99136_61,activity_Valentine_rank5,Assets/Main/Sprites/UI/UIActValentineWorldFrame/zxl_qingrenjie_shijie_duanwei5,Assets/Main/TextureEx/UIActValentineMainTex/ljq_qingrenjie_duanwei_5.png
24,24,1,5,,3,5000,50500,,1,,,279103714,activity_99136_61,activity_Valentine_rank5,Assets/Main/Sprites/UI/UIActValentineWorldFrame/zxl_qingrenjie_shijie_duanwei5,Assets/Main/TextureEx/UIActValentineMainTex/ljq_qingrenjie_duanwei_5.png
25,25,1,5,,4,5000,55500,,1,,,279103714,activity_99136_61,activity_Valentine_rank5,Assets/Main/Sprites/UI/UIActValentineWorldFrame/zxl_qingrenjie_shijie_duanwei5,Assets/Main/TextureEx/UIActValentineMainTex/ljq_qingrenjie_duanwei_5.png
26,26,1,5,,5,10000,60500,,1,,,279103714,activity_99136_61,activity_Valentine_rank5,Assets/Main/Sprites/UI/UIActValentineWorldFrame/zxl_qingrenjie_shijie_duanwei5,Assets/Main/TextureEx/UIActValentineMainTex/ljq_qingrenjie_duanwei_5.png
27,27,1,5,,6,10000,70500,,1,,,279103714,activity_99136_61,activity_Valentine_rank5,Assets/Main/Sprites/UI/UIActValentineWorldFrame/zxl_qingrenjie_shijie_duanwei5,Assets/Main/TextureEx/UIActValentineMainTex/ljq_qingrenjie_duanwei_5.png
28,28,1,5,,7,10000,80500,,1,,,279103714,activity_99136_61,activity_Valentine_rank5,Assets/Main/Sprites/UI/UIActValentineWorldFrame/zxl_qingrenjie_shijie_duanwei5,Assets/Main/TextureEx/UIActValentineMainTex/ljq_qingrenjie_duanwei_5.png
29,29,1,5,,8,10000,90500,,1,,,279103714,activity_99136_61,activity_Valentine_rank5,Assets/Main/Sprites/UI/UIActValentineWorldFrame/zxl_qingrenjie_shijie_duanwei5,Assets/Main/TextureEx/UIActValentineMainTex/ljq_qingrenjie_duanwei_5.png
30,30,1,5,,9,10000,100500,,1,,,279103714,activity_99136_61,activity_Valentine_rank5,Assets/Main/Sprites/UI/UIActValentineWorldFrame/zxl_qingrenjie_shijie_duanwei5,Assets/Main/TextureEx/UIActValentineMainTex/ljq_qingrenjie_duanwei_5.png
31,31,1,5,,10,10000,110500,,1,,,279103714,activity_99136_61,activity_Valentine_rank5,Assets/Main/Sprites/UI/UIActValentineWorldFrame/zxl_qingrenjie_shijie_duanwei5,Assets/Main/TextureEx/UIActValentineMainTex/ljq_qingrenjie_duanwei_5.png
32,32,1,5,,11,10000,120500,,1,,,279103714,activity_99136_61,activity_Valentine_rank5,Assets/Main/Sprites/UI/UIActValentineWorldFrame/zxl_qingrenjie_shijie_duanwei5,Assets/Main/TextureEx/UIActValentineMainTex/ljq_qingrenjie_duanwei_5.png
33,33,1,5,,12,10000,130500,,1,,,279103714,activity_99136_61,activity_Valentine_rank5,Assets/Main/Sprites/UI/UIActValentineWorldFrame/zxl_qingrenjie_shijie_duanwei5,Assets/Main/TextureEx/UIActValentineMainTex/ljq_qingrenjie_duanwei_5.png
34,34,1,5,,13,10000,140500,,1,,,279103714,activity_99136_61,activity_Valentine_rank5,Assets/Main/Sprites/UI/UIActValentineWorldFrame/zxl_qingrenjie_shijie_duanwei5,Assets/Main/TextureEx/UIActValentineMainTex/ljq_qingrenjie_duanwei_5.png
35,35,1,5,,14,10000,150500,,1,,,279103714,activity_99136_61,activity_Valentine_rank5,Assets/Main/Sprites/UI/UIActValentineWorldFrame/zxl_qingrenjie_shijie_duanwei5,Assets/Main/TextureEx/UIActValentineMainTex/ljq_qingrenjie_duanwei_5.png
36,36,1,5,,15,10000,160500,,1,,,279103714,activity_99136_61,activity_Valentine_rank5,Assets/Main/Sprites/UI/UIActValentineWorldFrame/zxl_qingrenjie_shijie_duanwei5,Assets/Main/TextureEx/UIActValentineMainTex/ljq_qingrenjie_duanwei_5.png
37,37,1,5,,16,10000,170500,,1,,,279103714,activity_99136_61,activity_Valentine_rank5,Assets/Main/Sprites/UI/UIActValentineWorldFrame/zxl_qingrenjie_shijie_duanwei5,Assets/Main/TextureEx/UIActValentineMainTex/ljq_qingrenjie_duanwei_5.png
38,38,1,5,,17,10000,180500,,1,,,279103714,activity_99136_61,activity_Valentine_rank5,Assets/Main/Sprites/UI/UIActValentineWorldFrame/zxl_qingrenjie_shijie_duanwei5,Assets/Main/TextureEx/UIActValentineMainTex/ljq_qingrenjie_duanwei_5.png
39,39,1,5,,18,10000,190500,,1,,,279103714,activity_99136_61,activity_Valentine_rank5,Assets/Main/Sprites/UI/UIActValentineWorldFrame/zxl_qingrenjie_shijie_duanwei5,Assets/Main/TextureEx/UIActValentineMainTex/ljq_qingrenjie_duanwei_5.png
40,40,1,5,,19,10000,200500,,1,,,279103714,activity_99136_61,activity_Valentine_rank5,Assets/Main/Sprites/UI/UIActValentineWorldFrame/zxl_qingrenjie_shijie_duanwei5,Assets/Main/TextureEx/UIActValentineMainTex/ljq_qingrenjie_duanwei_5.png
41,41,1,5,,20,10000,210500,,1,,,279103714,activity_99136_61,activity_Valentine_rank5,Assets/Main/Sprites/UI/UIActValentineWorldFrame/zxl_qingrenjie_shijie_duanwei5,Assets/Main/TextureEx/UIActValentineMainTex/ljq_qingrenjie_duanwei_5.png
42,42,1,5,,21,10000,220500,,1,,,279103714,activity_99136_61,activity_Valentine_rank5,Assets/Main/Sprites/UI/UIActValentineWorldFrame/zxl_qingrenjie_shijie_duanwei5,Assets/Main/TextureEx/UIActValentineMainTex/ljq_qingrenjie_duanwei_5.png
43,43,1,5,,22,10000,230500,,1,,,279103714,activity_99136_61,activity_Valentine_rank5,Assets/Main/Sprites/UI/UIActValentineWorldFrame/zxl_qingrenjie_shijie_duanwei5,Assets/Main/TextureEx/UIActValentineMainTex/ljq_qingrenjie_duanwei_5.png
44,44,1,5,,23,10000,240500,,1,,,279103714,activity_99136_61,activity_Valentine_rank5,Assets/Main/Sprites/UI/UIActValentineWorldFrame/zxl_qingrenjie_shijie_duanwei5,Assets/Main/TextureEx/UIActValentineMainTex/ljq_qingrenjie_duanwei_5.png
45,45,1,5,,24,10000,250500,,1,,,279103714,activity_99136_61,activity_Valentine_rank5,Assets/Main/Sprites/UI/UIActValentineWorldFrame/zxl_qingrenjie_shijie_duanwei5,Assets/Main/TextureEx/UIActValentineMainTex/ljq_qingrenjie_duanwei_5.png
46,46,1,5,,25,10000,260500,,1,,,279103714,activity_99136_61,activity_Valentine_rank5,Assets/Main/Sprites/UI/UIActValentineWorldFrame/zxl_qingrenjie_shijie_duanwei5,Assets/Main/TextureEx/UIActValentineMainTex/ljq_qingrenjie_duanwei_5.png
47,47,1,5,,26,10000,270500,,1,,,279103714,activity_99136_61,activity_Valentine_rank5,Assets/Main/Sprites/UI/UIActValentineWorldFrame/zxl_qingrenjie_shijie_duanwei5,Assets/Main/TextureEx/UIActValentineMainTex/ljq_qingrenjie_duanwei_5.png
48,48,1,5,,27,10000,280500,,1,,,279103714,activity_99136_61,activity_Valentine_rank5,Assets/Main/Sprites/UI/UIActValentineWorldFrame/zxl_qingrenjie_shijie_duanwei5,Assets/Main/TextureEx/UIActValentineMainTex/ljq_qingrenjie_duanwei_5.png
49,49,1,5,,28,10000,290500,,1,,,279103714,activity_99136_61,activity_Valentine_rank5,Assets/Main/Sprites/UI/UIActValentineWorldFrame/zxl_qingrenjie_shijie_duanwei5,Assets/Main/TextureEx/UIActValentineMainTex/ljq_qingrenjie_duanwei_5.png
50,50,1,5,,29,10000,300500,,1,,,279103714,activity_99136_61,activity_Valentine_rank5,Assets/Main/Sprites/UI/UIActValentineWorldFrame/zxl_qingrenjie_shijie_duanwei5,Assets/Main/TextureEx/UIActValentineMainTex/ljq_qingrenjie_duanwei_5.png
51,51,1,5,,30,10000,310500,,1,,,279103714,activity_99136_61,activity_Valentine_rank5,Assets/Main/Sprites/UI/UIActValentineWorldFrame/zxl_qingrenjie_shijie_duanwei5,Assets/Main/TextureEx/UIActValentineMainTex/ljq_qingrenjie_duanwei_5.png
52,52,1,5,,31,10000,320500,,1,,,279103714,activity_99136_61,activity_Valentine_rank5,Assets/Main/Sprites/UI/UIActValentineWorldFrame/zxl_qingrenjie_shijie_duanwei5,Assets/Main/TextureEx/UIActValentineMainTex/ljq_qingrenjie_duanwei_5.png
53,53,1,5,,32,10000,330500,,1,,,279103714,activity_99136_61,activity_Valentine_rank5,Assets/Main/Sprites/UI/UIActValentineWorldFrame/zxl_qingrenjie_shijie_duanwei5,Assets/Main/TextureEx/UIActValentineMainTex/ljq_qingrenjie_duanwei_5.png
54,54,1,5,,33,10000,340500,,1,,,279103714,activity_99136_61,activity_Valentine_rank5,Assets/Main/Sprites/UI/UIActValentineWorldFrame/zxl_qingrenjie_shijie_duanwei5,Assets/Main/TextureEx/UIActValentineMainTex/ljq_qingrenjie_duanwei_5.png
55,55,1,5,,34,10000,350500,,1,,,279103714,activity_99136_61,activity_Valentine_rank5,Assets/Main/Sprites/UI/UIActValentineWorldFrame/zxl_qingrenjie_shijie_duanwei5,Assets/Main/TextureEx/UIActValentineMainTex/ljq_qingrenjie_duanwei_5.png
56,56,1,5,,35,10000,360500,,1,,,279103714,activity_99136_61,activity_Valentine_rank5,Assets/Main/Sprites/UI/UIActValentineWorldFrame/zxl_qingrenjie_shijie_duanwei5,Assets/Main/TextureEx/UIActValentineMainTex/ljq_qingrenjie_duanwei_5.png
57,57,1,5,,36,10000,370500,,1,,,279103714,activity_99136_61,activity_Valentine_rank5,Assets/Main/Sprites/UI/UIActValentineWorldFrame/zxl_qingrenjie_shijie_duanwei5,Assets/Main/TextureEx/UIActValentineMainTex/ljq_qingrenjie_duanwei_5.png
58,58,1,5,,37,10000,380500,,1,,,279103714,activity_99136_61,activity_Valentine_rank5,Assets/Main/Sprites/UI/UIActValentineWorldFrame/zxl_qingrenjie_shijie_duanwei5,Assets/Main/TextureEx/UIActValentineMainTex/ljq_qingrenjie_duanwei_5.png
59,59,1,5,,38,10000,390500,,1,,,279103714,activity_99136_61,activity_Valentine_rank5,Assets/Main/Sprites/UI/UIActValentineWorldFrame/zxl_qingrenjie_shijie_duanwei5,Assets/Main/TextureEx/UIActValentineMainTex/ljq_qingrenjie_duanwei_5.png
60,60,1,5,,39,20000,400500,,1,,,279103714,activity_99136_61,activity_Valentine_rank5,Assets/Main/Sprites/UI/UIActValentineWorldFrame/zxl_qingrenjie_shijie_duanwei5,Assets/Main/TextureEx/UIActValentineMainTex/ljq_qingrenjie_duanwei_5.png
61,61,1,5,,40,20000,420500,,1,,,279103714,activity_99136_61,activity_Valentine_rank5,Assets/Main/Sprites/UI/UIActValentineWorldFrame/zxl_qingrenjie_shijie_duanwei5,Assets/Main/TextureEx/UIActValentineMainTex/ljq_qingrenjie_duanwei_5.png
62,62,1,5,,41,20000,440500,,1,,,279103714,activity_99136_61,activity_Valentine_rank5,Assets/Main/Sprites/UI/UIActValentineWorldFrame/zxl_qingrenjie_shijie_duanwei5,Assets/Main/TextureEx/UIActValentineMainTex/ljq_qingrenjie_duanwei_5.png
63,63,1,5,,42,20000,460500,,1,,,279103714,activity_99136_61,activity_Valentine_rank5,Assets/Main/Sprites/UI/UIActValentineWorldFrame/zxl_qingrenjie_shijie_duanwei5,Assets/Main/TextureEx/UIActValentineMainTex/ljq_qingrenjie_duanwei_5.png
64,64,1,5,,43,20000,480500,,1,,,279103714,activity_99136_61,activity_Valentine_rank5,Assets/Main/Sprites/UI/UIActValentineWorldFrame/zxl_qingrenjie_shijie_duanwei5,Assets/Main/TextureEx/UIActValentineMainTex/ljq_qingrenjie_duanwei_5.png
65,65,1,5,,44,20000,500500,,1,,,279103714,activity_99136_61,activity_Valentine_rank5,Assets/Main/Sprites/UI/UIActValentineWorldFrame/zxl_qingrenjie_shijie_duanwei5,Assets/Main/TextureEx/UIActValentineMainTex/ljq_qingrenjie_duanwei_5.png
66,66,1,5,,45,20000,520500,,1,,,279103714,activity_99136_61,activity_Valentine_rank5,Assets/Main/Sprites/UI/UIActValentineWorldFrame/zxl_qingrenjie_shijie_duanwei5,Assets/Main/TextureEx/UIActValentineMainTex/ljq_qingrenjie_duanwei_5.png
67,67,1,5,,46,20000,540500,,1,,,279103714,activity_99136_61,activity_Valentine_rank5,Assets/Main/Sprites/UI/UIActValentineWorldFrame/zxl_qingrenjie_shijie_duanwei5,Assets/Main/TextureEx/UIActValentineMainTex/ljq_qingrenjie_duanwei_5.png
68,68,1,5,,47,20000,560500,,1,,,279103714,activity_99136_61,activity_Valentine_rank5,Assets/Main/Sprites/UI/UIActValentineWorldFrame/zxl_qingrenjie_shijie_duanwei5,Assets/Main/TextureEx/UIActValentineMainTex/ljq_qingrenjie_duanwei_5.png
69,69,1,5,,48,20000,580500,,1,,,279103714,activity_99136_61,activity_Valentine_rank5,Assets/Main/Sprites/UI/UIActValentineWorldFrame/zxl_qingrenjie_shijie_duanwei5,Assets/Main/TextureEx/UIActValentineMainTex/ljq_qingrenjie_duanwei_5.png
70,70,1,5,,49,20000,600500,,1,,,279103714,activity_99136_61,activity_Valentine_rank5,Assets/Main/Sprites/UI/UIActValentineWorldFrame/zxl_qingrenjie_shijie_duanwei5,Assets/Main/TextureEx/UIActValentineMainTex/ljq_qingrenjie_duanwei_5.png
71,71,1,5,,50,40000,620500,,1,,,279103714,activity_99136_61,activity_Valentine_rank5,Assets/Main/Sprites/UI/UIActValentineWorldFrame/zxl_qingrenjie_shijie_duanwei5,Assets/Main/TextureEx/UIActValentineMainTex/ljq_qingrenjie_duanwei_5.png
72,72,1,5,,51,40000,660500,,1,,,279103714,activity_99136_61,activity_Valentine_rank5,Assets/Main/Sprites/UI/UIActValentineWorldFrame/zxl_qingrenjie_shijie_duanwei5,Assets/Main/TextureEx/UIActValentineMainTex/ljq_qingrenjie_duanwei_5.png
73,73,1,5,,52,40000,700500,,1,,,279103714,activity_99136_61,activity_Valentine_rank5,Assets/Main/Sprites/UI/UIActValentineWorldFrame/zxl_qingrenjie_shijie_duanwei5,Assets/Main/TextureEx/UIActValentineMainTex/ljq_qingrenjie_duanwei_5.png
74,74,1,5,,53,40000,740500,,1,,,279103714,activity_99136_61,activity_Valentine_rank5,Assets/Main/Sprites/UI/UIActValentineWorldFrame/zxl_qingrenjie_shijie_duanwei5,Assets/Main/TextureEx/UIActValentineMainTex/ljq_qingrenjie_duanwei_5.png
75,75,1,5,,54,40000,780500,,1,,,279103714,activity_99136_61,activity_Valentine_rank5,Assets/Main/Sprites/UI/UIActValentineWorldFrame/zxl_qingrenjie_shijie_duanwei5,Assets/Main/TextureEx/UIActValentineMainTex/ljq_qingrenjie_duanwei_5.png
76,76,1,5,,55,40000,820500,,1,,,279103714,activity_99136_61,activity_Valentine_rank5,Assets/Main/Sprites/UI/UIActValentineWorldFrame/zxl_qingrenjie_shijie_duanwei5,Assets/Main/TextureEx/UIActValentineMainTex/ljq_qingrenjie_duanwei_5.png
77,77,1,5,,56,40000,860500,,1,,,279103714,activity_99136_61,activity_Valentine_rank5,Assets/Main/Sprites/UI/UIActValentineWorldFrame/zxl_qingrenjie_shijie_duanwei5,Assets/Main/TextureEx/UIActValentineMainTex/ljq_qingrenjie_duanwei_5.png
78,78,1,5,,57,40000,900500,,1,,,279103714,activity_99136_61,activity_Valentine_rank5,Assets/Main/Sprites/UI/UIActValentineWorldFrame/zxl_qingrenjie_shijie_duanwei5,Assets/Main/TextureEx/UIActValentineMainTex/ljq_qingrenjie_duanwei_5.png
79,79,1,5,,58,40000,940500,,1,,,279103714,activity_99136_61,activity_Valentine_rank5,Assets/Main/Sprites/UI/UIActValentineWorldFrame/zxl_qingrenjie_shijie_duanwei5,Assets/Main/TextureEx/UIActValentineMainTex/ljq_qingrenjie_duanwei_5.png
80,80,1,5,,59,40000,980500,,1,,,279103714,activity_99136_61,activity_Valentine_rank5,Assets/Main/Sprites/UI/UIActValentineWorldFrame/zxl_qingrenjie_shijie_duanwei5,Assets/Main/TextureEx/UIActValentineMainTex/ljq_qingrenjie_duanwei_5.png
81,81,1,5,,60,150000,1020500,,1,,,279103714,activity_99136_61,activity_Valentine_rank5,Assets/Main/Sprites/UI/UIActValentineWorldFrame/zxl_qingrenjie_shijie_duanwei5,Assets/Main/TextureEx/UIActValentineMainTex/ljq_qingrenjie_duanwei_5.png
82,82,1,5,,61,150000,1170500,,1,,,279103714,activity_99136_61,activity_Valentine_rank5,Assets/Main/Sprites/UI/UIActValentineWorldFrame/zxl_qingrenjie_shijie_duanwei5,Assets/Main/TextureEx/UIActValentineMainTex/ljq_qingrenjie_duanwei_5.png
83,83,1,5,,62,150000,1320500,,1,,,279103714,activity_99136_61,activity_Valentine_rank5,Assets/Main/Sprites/UI/UIActValentineWorldFrame/zxl_qingrenjie_shijie_duanwei5,Assets/Main/TextureEx/UIActValentineMainTex/ljq_qingrenjie_duanwei_5.png
84,84,1,5,,63,150000,1470500,,1,,,279103714,activity_99136_61,activity_Valentine_rank5,Assets/Main/Sprites/UI/UIActValentineWorldFrame/zxl_qingrenjie_shijie_duanwei5,Assets/Main/TextureEx/UIActValentineMainTex/ljq_qingrenjie_duanwei_5.png
85,85,1,5,,64,150000,1620500,,1,,,279103714,activity_99136_61,activity_Valentine_rank5,Assets/Main/Sprites/UI/UIActValentineWorldFrame/zxl_qingrenjie_shijie_duanwei5,Assets/Main/TextureEx/UIActValentineMainTex/ljq_qingrenjie_duanwei_5.png
86,86,1,5,,65,150000,1770500,,1,,,279103714,activity_99136_61,activity_Valentine_rank5,Assets/Main/Sprites/UI/UIActValentineWorldFrame/zxl_qingrenjie_shijie_duanwei5,Assets/Main/TextureEx/UIActValentineMainTex/ljq_qingrenjie_duanwei_5.png
87,87,1,5,,66,150000,1920500,,1,,,279103714,activity_99136_61,activity_Valentine_rank5,Assets/Main/Sprites/UI/UIActValentineWorldFrame/zxl_qingrenjie_shijie_duanwei5,Assets/Main/TextureEx/UIActValentineMainTex/ljq_qingrenjie_duanwei_5.png
88,88,1,5,,67,150000,2070500,,1,,,279103714,activity_99136_61,activity_Valentine_rank5,Assets/Main/Sprites/UI/UIActValentineWorldFrame/zxl_qingrenjie_shijie_duanwei5,Assets/Main/TextureEx/UIActValentineMainTex/ljq_qingrenjie_duanwei_5.png
89,89,1,5,,68,150000,2220500,,1,,,279103714,activity_99136_61,activity_Valentine_rank5,Assets/Main/Sprites/UI/UIActValentineWorldFrame/zxl_qingrenjie_shijie_duanwei5,Assets/Main/TextureEx/UIActValentineMainTex/ljq_qingrenjie_duanwei_5.png
90,90,1,5,,69,10000000,2370500,,1,,,279103714,activity_99136_61,activity_Valentine_rank5,Assets/Main/Sprites/UI/UIActValentineWorldFrame/zxl_qingrenjie_shijie_duanwei5,Assets/Main/TextureEx/UIActValentineMainTex/ljq_qingrenjie_duanwei_5.png
91,91,1,5,,70,10000000,12370500,,1,,,279103714,activity_99136_61,activity_Valentine_rank5,Assets/Main/Sprites/UI/UIActValentineWorldFrame/zxl_qingrenjie_shijie_duanwei5,Assets/Main/TextureEx/UIActValentineMainTex/ljq_qingrenjie_duanwei_5.png
92,92,1,5,,71,10000000,22370500,,1,,,279103714,activity_99136_61,activity_Valentine_rank5,Assets/Main/Sprites/UI/UIActValentineWorldFrame/zxl_qingrenjie_shijie_duanwei5,Assets/Main/TextureEx/UIActValentineMainTex/ljq_qingrenjie_duanwei_5.png
93,93,1,5,,72,10000000,32370500,,1,,,279103714,activity_99136_61,activity_Valentine_rank5,Assets/Main/Sprites/UI/UIActValentineWorldFrame/zxl_qingrenjie_shijie_duanwei5,Assets/Main/TextureEx/UIActValentineMainTex/ljq_qingrenjie_duanwei_5.png
94,94,1,5,,73,10000000,42370500,,1,,,279103714,activity_99136_61,activity_Valentine_rank5,Assets/Main/Sprites/UI/UIActValentineWorldFrame/zxl_qingrenjie_shijie_duanwei5,Assets/Main/TextureEx/UIActValentineMainTex/ljq_qingrenjie_duanwei_5.png
95,95,1,5,,74,10000000,52370500,,1,,,279103714,activity_99136_61,activity_Valentine_rank5,Assets/Main/Sprites/UI/UIActValentineWorldFrame/zxl_qingrenjie_shijie_duanwei5,Assets/Main/TextureEx/UIActValentineMainTex/ljq_qingrenjie_duanwei_5.png
96,96,1,5,,75,10000000,62370500,,1,,,279103714,activity_99136_61,activity_Valentine_rank5,Assets/Main/Sprites/UI/UIActValentineWorldFrame/zxl_qingrenjie_shijie_duanwei5,Assets/Main/TextureEx/UIActValentineMainTex/ljq_qingrenjie_duanwei_5.png
97,97,1,5,,76,10000000,72370500,,1,,,279103714,activity_99136_61,activity_Valentine_rank5,Assets/Main/Sprites/UI/UIActValentineWorldFrame/zxl_qingrenjie_shijie_duanwei5,Assets/Main/TextureEx/UIActValentineMainTex/ljq_qingrenjie_duanwei_5.png
98,98,1,5,,77,10000000,82370500,,1,,,279103714,activity_99136_61,activity_Valentine_rank5,Assets/Main/Sprites/UI/UIActValentineWorldFrame/zxl_qingrenjie_shijie_duanwei5,Assets/Main/TextureEx/UIActValentineMainTex/ljq_qingrenjie_duanwei_5.png
99,99,1,5,,78,10000000,92370500,,1,,,279103714,activity_99136_61,activity_Valentine_rank5,Assets/Main/Sprites/UI/UIActValentineWorldFrame/zxl_qingrenjie_shijie_duanwei5,Assets/Main/TextureEx/UIActValentineMainTex/ljq_qingrenjie_duanwei_5.png
100,100,1,5,,79,10000000,102370500,,1,,,279103714,activity_99136_61,activity_Valentine_rank5,Assets/Main/Sprites/UI/UIActValentineWorldFrame/zxl_qingrenjie_shijie_duanwei5,Assets/Main/TextureEx/UIActValentineMainTex/ljq_qingrenjie_duanwei_5.png
101,101,1,5,1,80,200000000,302370500,,1,,,279103714,activity_99136_61,activity_Valentine_rank5,Assets/Main/Sprites/UI/UIActValentineWorldFrame/zxl_qingrenjie_shijie_duanwei5,Assets/Main/TextureEx/UIActValentineMainTex/ljq_qingrenjie_duanwei_5.png
