id,main_reward_show,main_shop_btn,para1,para2,para3,para4,para5,para6,event_daily_maxnum,effect2,common_damage,damage_para,eventshop_icon,log_limit,shop_event_mail,advanced_attack,event_probability,boss_group_type,boss_group,merchant_number,event_priority,shop_group_type,shop_group,skip_guide_para
1,7;630015;1|7;510035;1,Assets/Main/Sprites/UI/BountyHunter/Main/lyt_shangjinlieren_duihuan.png,activity_hunter_rewardtips,Assets/Main/Sprites/UI/BountyHunter/Main/lyt_shangjinlieren_baoxiang.png,Assets/Main/TextureEx/BountyHunter/lyt_shangjinlieren_duihuan_banner.png,activity_hunter_shopname,,2;100|3;300|4;200,4;6,,10,,Assets/Main/Sprites/UI/BountyHunter/Main/lrb_SJLR_shangren_rukou.png,300,33008,1,1;10000|2;0|3;10000|4;10000,2,1|2|3|4,0,1|3|4|2,2,1|2|3,4000|12000|5000
2,7;630015;1|7;800004;1,Assets/Main/Sprites/UI/BountyHunter/Main/lyt_shangjinlieren_duihuan.png,activity_hunter_rewardtips,Assets/Main/Sprites/UI/BountyHunter/Main/lyt_shangjinlieren_baoxiang.png,Assets/Main/TextureEx/BountyHunter/lyt_shangjinlieren_duihuan_banner.png,activity_hunter_shopname,,2;100|3;300|4;200,4;6,,10,,Assets/Main/Sprites/UI/BountyHunter/Main/lrb_SJLR_shangren_rukou.png,300,33008,1,1;10000|2;0|3;10000|4;10000,2,1|2|3|4,0,1|3|4|2,2,1|2|3,4000|12000|5000
3,7;630015;1|7;800004;1,Assets/Main/Sprites/UI/BountyHunter/Main/lyt_shangjinlieren_duihuan.png,activity_hunter_rewardtips,Assets/Main/Sprites/UI/BountyHunter/Main/lyt_shangjinlieren_baoxiang.png,Assets/Main/TextureEx/BountyHunter/lyt_shangjinlieren_duihuan_banner.png,activity_hunter_shopname,,2;100|3;300|4;200,4;6,,10,,Assets/Main/Sprites/UI/BountyHunter/Main/lrb_SJLR_shangren_rukou.png,300,33008,1,1;10000|2;0|3;10000|4;10000,2,1|2|3|4,0,1|3|4|2,2,1|2|3,4000|12000|5000
4,7;630015;1|7;800004;1,Assets/Main/Sprites/UI/BountyHunter/Main/lyt_shangjinlieren_duihuan.png,activity_hunter_rewardtips,Assets/Main/Sprites/UI/BountyHunter/Main/lyt_shangjinlieren_baoxiang.png,Assets/Main/TextureEx/BountyHunter/lyt_shangjinlieren_duihuan_banner.png,activity_hunter_shopname,,2;100|3;300|4;200,4;6,,10,,Assets/Main/Sprites/UI/BountyHunter/Main/lrb_SJLR_shangren_rukou.png,300,33008,1,1;10000|2;0|3;10000|4;10000,2,1|2|3|4,0,1|3|4|2,2,1|2|3,4000|12000|5000
5,7;630015;1|7;510035;1,Assets/Main/Sprites/UI/BountyHunter/Main/lyt_shangjinlieren_duihuan.png,activity_hunter_rewardtips,Assets/Main/Sprites/UI/BountyHunter/Main/lyt_shangjinlieren_baoxiang.png,Assets/Main/TextureEx/BountyHunter/lyt_shangjinlieren_duihuan_banner.png,activity_hunter_shopname,,2;100|3;300|4;200,4;6,,10,,Assets/Main/Sprites/UI/BountyHunter/Main/lrb_SJLR_shangren_rukou.png,300,33008,1,1;10000|2;0|3;10000|4;10000,2,1|2|3|4,0,1|3|4|2,2,4|5|6,4000|12000|5000
6,7;630015;1|7;510035;1,Assets/Main/Sprites/UI/BountyHunter/Main/lyt_shangjinlieren_duihuan.png,activity_hunter_rewardtips,Assets/Main/Sprites/UI/BountyHunter/Main/lyt_shangjinlieren_baoxiang.png,Assets/Main/TextureEx/BountyHunter/lyt_shangjinlieren_duihuan_banner.png,activity_hunter_shopname,,2;100|3;300|4;200,4;6,,10,,Assets/Main/Sprites/UI/BountyHunter/Main/lrb_SJLR_shangren_rukou.png,300,33008,1,1;10000|2;0|3;10000|4;10000,2,1|2|3|4,0,1|3|4|2,2,4|5|6,4000|12000|5000
7,7;630015;1|7;800004;1,Assets/Main/Sprites/UI/BountyHunter/Main/lyt_shangjinlieren_duihuan.png,activity_hunter_rewardtips,Assets/Main/Sprites/UI/BountyHunter/Main/lyt_shangjinlieren_baoxiang.png,Assets/Main/TextureEx/BountyHunter/lyt_shangjinlieren_duihuan_banner.png,activity_hunter_shopname,,2;100|3;300|4;200,4;6,,10,,Assets/Main/Sprites/UI/BountyHunter/Main/lrb_SJLR_shangren_rukou.png,300,33008,1,1;10000|2;0|3;10000|4;10000,2,1|2|3|4,0,1|3|4|2,2,1|2|3,4000|12000|5000
8,7;630015;1|7;800004;1,Assets/Main/Sprites/UI/BountyHunter/Main/lyt_shangjinlieren_duihuan.png,activity_hunter_rewardtips,Assets/Main/Sprites/UI/BountyHunter/Main/lyt_shangjinlieren_baoxiang.png,Assets/Main/TextureEx/BountyHunter/lyt_shangjinlieren_duihuan_banner.png,activity_hunter_shopname,,2;100|3;300|4;200,4;6,,10,,Assets/Main/Sprites/UI/BountyHunter/Main/lrb_SJLR_shangren_rukou.png,300,33008,1,1;10000|2;0|3;10000|4;10000,2,1|2|3|4,0,1|3|4|2,2,1|2|3,4000|12000|5000
9,7;630015;1|7;800004;1,Assets/Main/Sprites/UI/BountyHunter/Main/lyt_shangjinlieren_duihuan.png,activity_hunter_rewardtips,Assets/Main/Sprites/UI/BountyHunter/Main/lyt_shangjinlieren_baoxiang.png,Assets/Main/TextureEx/BountyHunter/lyt_shangjinlieren_duihuan_banner.png,activity_hunter_shopname,,2;100|3;300|4;200,4;6,,10,,Assets/Main/Sprites/UI/BountyHunter/Main/lrb_SJLR_shangren_rukou.png,300,33008,1,1;10000|2;0|3;10000|4;10000,2,1|2|3|4,0,1|3|4|2,2,1|2|3,4000|12000|5000
