id,group_id,type,type_name,type_order,sub_type,type_desc,para1,para2,para3,para4,drop_show,drop_show_2
1,1,1,activity_hunter_dropshow_typename1,8,1,activity_hunter_dropshow_subdesc1,888;8|888;1,,,,3750|6250,
2,1,2,activity_hunter_dropshow_typename2,7,1,activity_hunter_dropshow_subdesc2,999;1|999;7,,,,400|700,
3,1,3,activity_hunter_dropshow_typename3,3,1,,888;1,,7;654166;50|7;654166;20|7;654166;10|7;520018;1|7;200201;10,,100|1000|4000|2900|2000,
4,1,5,activity_hunter_dropshow_typename3,5,2,,888;8,,7;654166;100|7;654166;50|7;654166;10|7;520018;2|7;200203;2,,100|1000|4000|2400|2500,
5,1,6,activity_hunter_dropshow_typename3,6,1,,888;6,,7;654166;300|7;654166;100|7;654166;50,7;654166;5,1000|5000|4000,10000
6,1,7,activity_hunter_dropshow_typename7,2,2,activity_hunter_dropshow_subdesc7_2,998;1,,7;710026;1|7;654160;30|7;710027;2|7;520018;10,,100|900|4000|5000,
7,2,1,activity_hunter_dropshow_typename1,8,1,activity_hunter_dropshow_subdesc1,888;8|888;1,,,,3750|6250,
8,2,2,activity_hunter_dropshow_typename2,7,1,activity_hunter_dropshow_subdesc2,999;1|999;7,,,,400|700,
9,2,3,activity_hunter_dropshow_typename3,3,1,,888;1,,7;654166;50|7;654166;20|7;654166;10|7;520018;1|7;200201;10,,100|1000|4000|2900|2000,
10,2,5,activity_hunter_dropshow_typename3,5,2,,888;8,,7;654166;100|7;654166;50|7;654166;10|7;520018;2|7;200203;2,,100|1000|4000|2400|2500,
11,2,6,activity_hunter_dropshow_typename3,6,1,,888;6,,7;654166;300|7;654166;100|7;654166;50,7;654166;5,1000|5000|4000,10000
12,2,7,activity_hunter_dropshow_typename7,2,2,activity_hunter_dropshow_subdesc7_2,998;1,,7;710026;1|7;654160;30|7;710027;2|7;520018;10,,100|900|4000|5000,
