id,title_color,title_material,title_stroke_color,title_size,title_shadow_color,desc_color,desc_stroke_color,desc_shadow_color,time_color,time_stroke_color,time_shadow_color,extra_para_color,free_banner,monopoly_shop,pic_para,pic_spec1,pic_spec2,pic_spec3,pic_spec4,pic_spec5,bp_pic_scale,monopoly_gridbox,banner_act,banner_effect,pic_guide,banner_sticker,bg_mask,usebox_desc,usebox_list,usebox_item,usebox_btn,banner_effect_bottom,banner_effect2,pic_spec6
1,255;186;10;255,,128;60;0;255,,128;60;0;255,,,,,,,,zyf_chunjiezhigoulibao_banner,,,,,,,,,,,,,,,,,,,,,
2,,,,,,,,,,,,,,,,,,,,,,,,,,,,,,,,,,
3,255;255;255;255,,103;6;15;255,,,255;255;255;255,103;6;15;255,,255;225;225;255,,,,,,,,,,,,,,,,,,,,,,,,,
4,,,,,,,,,,,,,,,,,,,,,,,,,,,,,,,,,,
5,,,,,,,,,,,,,,,,,,,,,,,,,,,,,,,,,,
6,,,,,,,,,,,,,,,,,,,,,,,,,,,,,,,,,,
7,,,,,,,,,,,,,,,,,,,,,,,,,,,,,,,,,,
8,255;255;255;255,,58;38;39;255,,30;3;6;255,255;255;255;255,,,255;225;225;255,43;18;3;255,54;15;15;255,,,,,,,,,,,,,,,,,,,,,,,
9,,,,,,,,,,,,,zyf_qingrenjiezhigoulibao_fenye_banner,,,,,,,,,,,,,,,,,,,,,
10,255;255;255;255,,222;57;85;255,,,255;255;255;255,222;57;85;255,,255;225;225;255,,,,,,,,,,,,,,,,,,,,,,,,,
11,,,,,,,,,,,,,,,,,,,,,,,,,,,,,,,,,,
12,,,,,,,,,,,,,,,,,,,,,,,,,,,,,,,,,,
13,,,,,,,,,,,,,,,,,,,,,,,,,,,,,,,,,,
14,,,,,,,,,,,,,,,,,,,,,,,,,,,,,,,,,,
15,255;255;255;255,,58;38;39;255,,30;3;6;255,255;225;225;255,231;90;123;255,,255;255;255;255,43;18;3;255,54;15;15;255,,,,,,,,,,,,,,,,,,,,,,,
16,,,,,,,,,,,,,zyf_labazhigoulibao_banner,,,,,,,,,,,,,,,,,,,,,
17,255;255;255;255,,222;57;85;255,,,255;255;255;255,222;57;85;255,,255;225;225;255,,,,,,,,,,,,,,,,,,,,,,,,,
18,,,,,,,,,,,,,,,,,,,,,,,,,,,,,,,,,,
19,,,,,,,,,,,,,,,,,,,,,,,,,,,,,,,,,,
20,,,,,,,,,,,,,,,,,,,,,,,,,,,,,,,,,,
21,,,,,,,,,,,,,,,,,,,,,,,,,,,,,,,,,,
22,255;255;255;255,,58;38;39;255,,30;3;6;255,255;225;225;255,231;90;123;255,,255;255;255;255,43;18;3;255,54;15;15;255,,,,,,,,,,,,,,,,,,,,,,,
23,255;255;255;255,,55;58;39;255,,30;3;6;255,,,,,,,,,,,,,,,,,,,,,,,,,,,,,
24,,,,,,,,,,,,,,,,,,,,,,,,,,,,,,,,,,
25,,,196;59;5;255,,,,196;59;5;255,,,196;59;5;255,,,,,,zyf_meishijie_duihuan_diban,zyf_meishijie_duihuan_tiao|zyf_meishijie_duihuan_diban_diwen,,,,,,,,,,,,,,,,,
26,255;253;238;255,,72;117;19;255,,,255;253;238;255,72;117;19;255,,255;225;225;255,,,,,,,zyf_meishijie_bp_tanchuang_diban,zyf_meishijie_bp_tiao1|zyf_meishijie_bp_tiao2|zyf_meishijie_bp_tiao3,zyf_meishijie_bp_tanchuang_banner|zyf_meishijie_bp_tanchuang_banner2|zyf_meishijie_bp_tanchuang_diban,,,,,,,,,,,,,,,,
27,,,156;45;66;255,,,250;140;0;255,,,,,,,,,,,,,,,,,,,,,,,,,,,,
28,,,,,,,,,,,,,,,,,,,,,,,,,,,,,,,,,,
29,240;250;255;255,,212;0;30;255,,,,212;0;30;255,,,212;0;30;255,,,,,,czyf_meishijie_leicong_beijing_1|czyf_meishijie_leicong_beijing_2,zyf_meishijie_leicong_ditiao,,,,,,,,,,,,,,,,,
30,255;255;255;255,,210;74;0;255,,,255;255;255;255,210;74;0;255,,255;255;255;255,210;74;0;255,,,,,,,zyf_meishijie_kanjiashangdian_banban|zyf_meishijie_kanjiashangdian_banban01|zyf_meishijie_kanjiashangdian_button,,,,,,,,,,,,,,,,,
31,,,156;45;66;255,,,250;140;0;255,,,,,,,,,,,,,,,,,,,,,,,,,,,,
32,,,,,,,,,,,,,zyf_yinyuejiezhigoulibao_fenye_banner,,,,,,,,,,,,,,,,,,,,,
33,254;197;87;255,,8;8;8;255,,,255;255;255;255,8;8;8;255,,255;255;255;255,8;8;8;255,,,,,,FX_yingyuejie_pifu_diban02,FX_yingyuejie_pifu_diban01|FX_yingyuejie_pifu_04,,,,,,,,,,,,,,,,,
34,254;198;65;255,,40;15;134;255,,,255;255;255;255,40;15;134;255,,255;255;255;255,40;15;134;255,,,,,,,,,,,,,,,,,,,,,,,,
35,254;198;65;255,,40;15;134;255,,,255;255;255;255,40;15;134;255,,255;255;255;255,40;15;134;255,,,,,,FX_yingyuezhilv_bp_tanchuang_diban,FX_yinyuezhilv_bp_tiao1|FX_yinyuezhilv_bp_tiao2|FX_yinyuezhilv_bp_tiao3,FX_yinyuezhilv_bp_biaoti|FX_yinyuezhilv_bp_biaoti01|FX_yingyuezhilv_bp_tanchuang_diban|234;222;215;255,,,0.85,,,,,,,,,,,,,
36,,,,,,,,,,,,,,,,,,,,,,,,,,,,,,,,,,
37,114;209;241;255,,40;15;134;255,,,255;255;255;255,40;15;134;255,,255;255;255;255,40;15;134;255,,,,,,zyf_yinyuejie_leichong_banner_new|lrb_yinyuejie_leichong_banner_bg,lrb_yinyuejie_leichong_list,,,,,,,,,,,,,,,,,
38,255;186;10;255,,128;60;0;255,,128;60;0;255,,,,,,,,zyf_yundonghuilaba_banner,lrb_yundonghuishangdian_ban|zyf_yundonghuishangdian_diban1|zyf_yundonghuishangdian_tiao1|zyf_yundonghuishangdian_tiao2|zyf_yundonghuishangdian_tiao3,,,,,,Assets/Main/Prefabs/UIChristmasPerfab/A_Hero_bubing_yundonghui_battle.prefab|A_Hero_bubing_yundonghui_battle/Hero_bubing_yundonghui_torch_skin,,lrb_yundonghui_dafuweng_gezi_baoxiangguan|lrb_yundonghui_dafuweng_gezi_baoxiangkai,,,,,,,,,,,,
39,254;197;87;255,,8;8;8;255,,,255;255;255;255,8;8;8;255,,255;255;255;255,8;8;8;255,,,,,,zyf_yundonghuiduihuan_diban1,zyf_yundonghuiduihuan_tiao|zyf_yundonghuiduihuan_tiao2,,,,,,,,,,,,,,,,,
40,254;198;65;255,,40;15;134;255,,,255;255;255;255,40;15;134;255,,255;255;255;255,40;15;134;255,,,,,,FX_yingyuezhilv_bp_tanchuang_diban,FX_yundonghui_ditiao01|FX_yundonghui_ditiao02|FX_yundonghui_ditiao03,FX_yundonghui_tanban_biaoti|FX_yundonghui_biaoti01|FX_yingyuezhilv_bp_tanchuang_diban|209;246;162;255,,,0.85,,,,,,,,,,,,,
41,114;209;241;255,,40;15;134;255,,,255;255;255;255,40;15;134;255,,255;255;255;255,40;15;134;255,,,,,,FX_yundonghui_leichong_banner|FX_yundonghui_leichong_banner_bg,FX_yundonghui_leichong_list,,,,,,,,,,,,,,,,,
42,,,,,,,,,,,,,zyf_huojuzhigou_banner,,,,,,,,,,,,,,,,,,,,,
43,,,,,,,,,,,,,zyf_manyuejie_zhigoulibao_banner,,,zxl_huodong_laba_manyuejie_bg1,,,,,,,,,,,,,,,,,,
44,254;197;87;255,,8;8;8;255,,,255;255;255;255,8;8;8;255,,255;255;255;255,8;8;8;255,,,,,,ljq_manyuejie_dabenduihuan_diban02,ljq_manyuejie_dabenduihuan_diban01|ljq_manyuejie_dabenduihuan_01,,,,,,"10017|idle,1",,,,,,,,,,,
45,254;198;65;255,,40;15;134;255,,,255;255;255;255,40;15;134;255,,255;255;255;255,40;15;134;255,,,,,,,,,,,,,,,,,,,,,,,,
46,254;198;65;255,,40;15;134;255,,,255;255;255;255,40;15;134;255,,255;255;255;255,40;15;134;255,,,,,,FX_yingyuezhilv_bp_tanchuang_diban,lrb_mamyuejie_bp_tiao1|lrb_mamyuejie_bp_tiao2|lrb_mamyuejie_bp_tiao3,lrb_mamyuejie_bptanchuang_banner|lrb_mamyuejie_bptanchuang_yajiao|lrb_mamyuejie_bptanchuang_bg|234;222;215;255,,,0.85,,,Assets/_Art_LastWar/Effect/Prefab/VX/Eff_ui_manyuejie_bp_enviroment.prefab,,,,,,,,,,
47,,,,,,,,,,,,,,,,,,,,,,,,,,,,,,,,,,
48,114;209;241;255,,40;15;134;255,,,255;255;255;255,40;15;134;255,,255;255;255;255,40;15;134;255,,,,,,ljq_manyuejie_leichong_banner_bg|ljq_manyuejie_leichong_banner_bg_02,ljq_manyuejie_leichong_list,,,,,,,Assets/_Art_LastWar/Effect/Prefab/VX/Eff_ui_manyuejie_enviroment.prefab,,,,,,,,,,
49,250;174;61;255,,29;20;65;255,,,255;255;255;255,40;15;134;255,,255;255;255;255,40;15;134;255,,,zyf_wanshengjie_paoku_zhigou_banner,,,,,,,,,,,,,,,,,,,,,
50,50;230;207;255,,29;20;71;255,,128;60;0;255,,,,,,,,zyf_wanshengjie_zhigoulibao_banner,zyf_wanshengjieshangdian_banner|zyf_wanshengjieshangdian_diban|zyf_wanshengjieshangdian_tiao1|zyf_wanshengjieshangdian_tiao2|zyf_wanshengjieshangdian_tiao3,,lrb_wanshengjie_dafuweng_yundongzhitisheng,lrb_wanshengjie_dafuweng_duihuan,lrb_wanshengjie_dafuweng_jianglibg,,Assets/Main/Prefabs/UIChristmasPerfab/A_Hero_bubing_yundonghui_wanshengjie.prefab|A_Hero_bubing_yundonghui_wanshengjie/Hero_bubing_yundonghui_torch_skin,,lrb_wanshengjie_dafuweng_baoxiangguan|lrb_wanshengjie_dafuweng_baoxiangkai,,Assets/_Art_LastWar/Effect/Prefab/VX/UIActMonopolyMain_BgFx.prefab,1|2|3|4|5,,,,,,,,,
51,254;197;87;255,,8;8;8;255,,,255;255;255;255,8;8;8;255,,255;255;255;255,8;8;8;255,,,,,,zxl_wanshengjie_duihuan_diban,zxl_wanshengjie_duihuan_tiao|zxl_wanshengjie_duihuan_tiao2,,,,,,,Assets/_Art_LastWar/Effect/Prefab/VX/Eff_ui_halloween_exchange_enviroment.prefab,,,,,,,,,,
52,255;156;27;255,,40;15;134;255,46,,255;255;255;255,40;15;134;255,,255;255;255;255,40;15;134;255,,,,,,lrb_wanshengjie_bptanchuang_bg,lrb_wanshengjie_bp_list01|lrb_wanshengjie_bp_list02|lrb_wanshengjie_bp_list03,lrb_wanshengjie_bptanchuang_title|lrb_wanshengjie_bptanchuang_yajiao|lrb_wanshengjie_bptanchuang_bg|230;214;253;255,,,0.85,,,,,,,,,,,,,
53,114;209;241;255,,40;15;134;255,,,255;255;255;255,40;15;134;255,,255;255;255;255,40;15;134;255,,,,,,FX_wanshengjie_leichong_banner|FX_wanshengjie_leichong_banner_bg,FX_wanshengjie_leichong_list,,,,,,,Assets/_Art_LastWar/Effect/Prefab/VX/Eff_ui_halloween_leichong_enviroment.prefab,,,,,,,,,,
54,,,,,,,,,,,,,,,,,,,Assets/_Art_LastWar/Effect/Prefab/VX/Eff_ui_UIHalloweenActMonopolyGift.prefab,,,,,,,,,,,,,,,
55,255;255;255;255,,8;8;8;255,,128;60;0;255,,,,,,,,,,,,,,,,,,,,,,,,,,,,,
56,255;253;238;255,,144;56;41;255,46,144;56;41;255,255;255;255;255,40;15;134;255,,255;255;255;255,40;15;134;255,,,,,,lrb_ganenjie_bptanchuang_bg,lrb_mamyuejie_bp_tiao1|lrb_mamyuejie_bp_tiao2|lrb_mamyuejie_bp_tiao3,lrb_ganenjie_bptanchuang_title|lrb_huojizengsongjiangli_yajiao|lrb_ganenjie_bptanchuang_bg|255;228;196;255,,,0.85,,,,,10,,,,,,,,
57,255;182;6;255,,103;29;0;255,,103;29;0;255,,,,,,,,,,,,,,,,,,,,,,,,,,,,,
58,255;255;255;255,,76;13;22;255,46,76;13;22;255,255;255;255;255,8;8;8;255,,255;255;255;255,8;8;8;255,,,,,,ThanksGiving2024/lrb_ganenjie_duihuan_diban,ThanksGiving2024/lrb_ganenjie_duihuan_tiao|ThanksGiving2024/lrb_ganenjie_duihuan_tiao2,,,,,,,,,,,,,,,,,
59,255;255;255;255,,40;15;134;255,46,,255;255;255;255,40;15;134;255,,255;255;255;255,40;15;134;255,,,,,,LRB_dazhuzaiBP_bg,LRB_dazhuzaiBP_list01|LRB_dazhuzaiBP_list02|LRB_dazhuzaiBP_list03,,,,0.85,,,,,,,,,,,,,
60,105;243;255;255,,29;20;65;255,,128;60;0;255,,,,,,,,2024christmas/lyt_2024shengdanjielibao_banner,zyf_wanshengjieshangdian_banner|zyf_wanshengjieshangdian_diban|zyf_wanshengjieshangdian_tiao1|zyf_wanshengjieshangdian_tiao2|zyf_wanshengjieshangdian_tiao3,,2024christmas/lyt_2024shengdanjie_dafuweng_yundongzhitisheng,2024christmas/lyt_2024shengdanjie_dafuweng_duihuan,2024christmas/lyt_2024shengdanjie_dafuweng_jianglibg,2024christmas/wxy_shengdanjie_chufashangdian_banner|2024christmas/wxy_shengdanjie_chufashangdian_base|2024christmas/wxy_shengdanjie_chufashangdian_dizuo|2024christmas/wxy_shengdanjie_chufashangdian_goumaidi|2024christmas/wxy_shengdanjie_chufashangdian_liebiaodi|2024christmas/wxy_shengdanjie_chufashangdian_xueren|2024christmas/wxy_shengdanjie_chufashangdian_zhezhao,Assets/Main/Prefabs/PrefabsIncrement/Character/NPC/soldier/bubing_shengdan.prefab|A_soldier_bubing_shengdan_skin,,2024christmas/lyt_2024shengdanjie_dafuweng_baoxiangguan|2024christmas/lyt_2024shengdanjie_dafuweng_baoxiangkai,,Assets/_Art_LastWar/Effect/Prefab/VX/Eff_2024christmas_Bgfx.prefab,6|7|8|9|10,,2024christmas/lyt_2024shengdanjie_dafuweng_bg3|2024christmas/lyt_2024shengdanjie_dafuweng_bg2,,,,,,,
61,253;200;57;255,,8;8;8;255,,,255;255;255;255,8;8;8;255,,255;255;255;255,8;8;8;255,,,,,,2024christmas/zxl_long_pifu_duihuan_diban,2024christmas/zxl_long_pifu_duihuan_tiao|2024christmas/zxl_long_pifu_duihuan_tiao2,,,,,,"10018|idle,1",,,,,,,,,,,
62,,,,,,,,,,,,,,,,,,,Assets/_Art_LastWar/Effect/Prefab/VX/Eff_ui_UIChristmasActMonopolyGift.prefab,,,,,,,,,,,,,,,
63,164;247;254;255,,0;46;79;255,46,0;46;79;255,255;255;255;255,40;15;134;255,,255;255;255;255,40;15;134;255,,,,,,2024christmas/lyt_2024shengdanjie_bptanchuang_bg2,2024christmas/lyt_2024shengdanjie_bp_list01|2024christmas/lyt_2024shengdanjie_bp_list02|2024christmas/lyt_2024shengdanjie_bp_list03,2024christmas/lyt_2024shengdanjie_bptanchuang_title|2024christmas/lrb_shengdanjie_bptanchuang_yajiao|2024christmas/lyt_2024shengdanjie_bptanchuang_bg2|215;225;234;255|2024christmas/lyt_2024shengdanjie_bptanchuang_bg1,,,0.85,,,,,,,,,,,,,
64,255;255;255;255,,3;42;122;255,,,255;255;255;255,3;42;122;255,,194;254;255;255,3;42;122;255,,,,,,2024christmas/zyf_shengdanjie_leichong_banner|2024christmas/zyf_shengdanjie_leichong_diban,2024christmas/zyf_shengdanjie_leichong_tiao,,,,,,,Assets/_Art_LastWar/Effect/Prefab/VX/Eff_2024ChristmasAccuRecharge_Common_Fx.prefab,,,,,,,,,,
65,219;238;255;255,,7;58;150;255,,,255;255;255;255,7;58;150;255,,255;255;255;255,7;58;150;255,,,,,,,,,,,,,,,,,,,,,,,,
66,,,,,,,,,,,,,,,,,,,,,,,,Assets/Main/Prefabs/UI/ActivityCenter/ActMonopoly/UIActChristmasTree.prefab,,,,,,,,,,
67,25;82;175;255,,,,,,,,,,,,,,,Assets/Main/Sprites/UI/UIActivityMultiReward/FX_shengdanjie_shuangbei_diban|Assets/Main/Sprites/UI/UIActivityMultiReward/FX_shengdanjie_shuangbei_diban02,Assets/Main/TextureEx/UIActivityMultiReward/FX_shengdanjie_shuangbei_pailian_banner,Assets/Main/Sprites/UI/UIActivityMultiReward/FX_shengdanjie_shuangbei_×2,Assets/Main/TextureEx/UIActivityMultiReward/FX_shengdanjie_shuangbei_banner.png,Assets/_Art_LastWar/Effect/Prefab/VX/UIActMultiReward_X2_fx.prefab,,,,Assets/_Art_LastWar/Effect/Prefab/VX/UI_christmas_multireward_openbg.prefab,,,,,,,,,,
70,250;174;61;255,,29;20;65;255,,,255;255;255;255,40;15;134;255,,255;255;255;255,40;15;134;255,,,wxy_paoku_zhigoulibao_banner,,,,,,,,,,,,,,,,,,,,,
71,,,,,,,,,,,,,,,,,,,,,,,,,,,,,,,,,,
72,255;255;255;255,,210;74;0;255,,,255;255;255;255,210;74;0;255,,255;255;255;255,210;74;0;255,,,lyt_2025xinnian_kanjiashangcheng_banner,,,,lyt_2025xinnian_kanjiashangcheng_banban|lyt_2025xinnian_kanjiashangcheng_banban01|lyt_2025xinnian_kanjiashangcheng_button,,,,,,,,,,,,,,,,,
73,254;232;86;255,,8;8;8;255,,,255;255;255;255,8;8;8;255,,255;255;255;255,8;8;8;255,,,,,,LYT_2025xinnian_zengli_banner|LYT_2025xinnian_zengli_banner_bg,LYT_2025xinnian_zengli_list,,,,,,,,,,,,,,,,,
75,,,,,,,,,,,,,,,,,,,,,,,,,,,,,,,,,,
76,,,,,,,,,,,,,2025valentine/lyt_qingrenjielibao_banner,,,202501/lyt_huodong_laba_qingrenjie_bg1,Assets/_Art_LastWar/Effect/Prefab/UI/laba/Eff_ui_actslotmachinemain_glow1.prefab,Assets/_Art_LastWar/Effect/Prefab/UI/laba/Eff_ui_actslotmachinemain_deng.prefab,Assets/_Art_LastWar/Effect/Prefab/UI/laba/Eff_ui_actslotmachinemain_glow.prefab,Assets/_Art_LastWar/Effect/Prefab/UI/laba/Eff_ui_actslotmachinemain_bgglow.prefab,,,,Assets/_Art_LastWar/Effect/Prefab/VX/UIActSlotMachinebgfx.prefab,,,,,,,,,,
77,255;200;57;255,,8;8;8;255,,,255;255;255;255,8;8;8;255,,255;255;255;255,8;8;8;255,,,,,,2025valentine/zxl_qingrenjie_duihuan_diban,2025valentine/zxl_qingrenjie_duihuan_tiao|2025valentine/zxl_qingrenjie_duihuan_tiao2,,,,,,,Assets/_Art_LastWar/Effect/Prefab/VX/Eff_2025qingrenjie_exchange.prefab,,,,activity_valentine_useitem_title|activity_valentine_useitem_desc1,710077,654143,2025valentine/zxl_qingrenjie_jilu_icon,,,
78,255;253;238;255,,108;28;131;255,46,108;28;131;255,255;255;255;255,108;28;131;255,,255;255;255;255,8;8;8;255,,,,,,lrb_wanshengjie_bptanchuang_bg,2025valentine/zyf_qingrenjie_shaungchenbp_tiao1|2025valentine/zyf_qingrenjie_shaungchenbp_tiao2|2025valentine/zyf_qingrenjie_shaungchenbp_tiao3,2025valentine/lrb_qingrenjie_bptanchuang_title|2025valentine/lrb_qingrenjie_bptanchuang_yajiao|lrb_wanshengjie_bptanchuang_bg|254;212;246;255|2025valentine/lrb_qingrenjie_bptanchuang_dikuang,2025valentine/lyt_qingrenjie_BP_bg,,0.85,,,Assets/_Art_LastWar/Effect/Prefab/VX/Eff_ui_battlePass_qingrenjiefx.prefab,,18,,,,,,,,
79,255;255;255;255,,8;8;8;255,,,255;255;255;255,8;8;8;255,,255;255;255;255,8;8;8;255,,,,,,2025valentine/lrb_qingrenjie_leichong_banner|2025valentine/lrb_qingrenjie_leichong_banner_bg,2025valentine/lrb_qingrenjie_leichong_list,,,,,,,Assets/_Art_LastWar/Effect/Prefab/VX/2025Valentine/Eff_ui_Valentine2025_leichong.prefab,,,,,,,,,,
80,255;255;255;255,,,,,,,,,,,,2025easter#zxl_fuhuojie_libao_banner,,,2025easter#lyt_fuhuojie_laba_qingrenjie_bg1_banner,Assets/_Art_LastWar/Effect/Prefab/UI/2025fuhuojie/Eff_ui_actslotmachinemain_glow_pink.prefab,Assets/_Art_LastWar/Effect/Prefab/UI/2025fuhuojie/Eff_ui_actslotmachinemain_deng_fuhuojie.prefab,Assets/_Art_LastWar/Effect/Prefab/UI/laba/Eff_ui_actslotmachinemain_glow.prefab,Assets/_Art_LastWar/Effect/Prefab/UI/laba/Eff_ui_actslotmachinemain_bgglow.prefab,,,,Assets/_Art_LastWar/Effect/Prefab/UI/2025fuhuojie/UIActSlotMachinebgfx_fuhuojie.prefab,,,,,,,,,,
81,255;200;57;255,,8;8;8;255,,,255;255;255;255,8;8;8;255,,255;255;255;255,8;8;8;255,,,,,,2025easter#zxl_fuhuojie_duihuan,2025easter#zxl_fuhuojie_duihuan_tiao|2025easter#zxl_fuhuojie_duihuan_tiao2,,,,,,"10019|idle1,1;act1,1;idle2,2;idle1,1;act2,1;idle2,2;idle1,1;act3,1;idle2,2;idle1,1;act4,1;idle2,2;idle1,1;act5,1;idle2,2;idle1,1;act6,1;idle2,2;idle1,1;act7,1;idle2,2",,,,,activity_2025easter_useitem_title|activity_2025easter_useitem_desc1,710079|710080,654149,2025easter#zxl_fuhuojie_jilu_icon,,,
82,255;255;255;255,TitleFontMat/Title-Outline_000000_01,8;8;8;255,46,8;8;8;255,255;255;255;255,8;8;8;255,,255;255;255;255,8;8;8;255,,,,,,2025easter#zxl_fuhuojie_bp_tanchuang_bg2,2025easter#zxl_fuhuojie_bp_list01|2025easter#zxl_fuhuojie_bp_list02|2025easter#zxl_fuhuojie_bp_list03,2025easter#lyt_fuhuojie_bptanchuang_title|2025easter#lyt_fuhuojie_bptanchuang_yajiao|2025easter#zxl_fuhuojie_bp_tanchuang_bg2|215;234;226;255|2025easter#lyt_fuhuojie_bptanchuang_bg1,,"2025easter#zxl_fuhuojie_erji_yeqian|2025easter#zxl_fuhuojie_erji_yeqian_xuanzhong|242,255,184,255|42,40,48,255",0.85,,,,,,,,,,,,,
83,255;255;255;255,,,,,,,,,,,,,,,,,,,,,,,Assets/Main/ActivityRes/2025EasterMod/Prefabs/Effect/BanquetAttackMonsterBgFx2025.prefab,,,,,,,,,,
84,255;228;49;255,,0;0;0;255,,,255;255;255;255,7;58;150;255,,255;255;255;255,7;58;150;255,,,,,,"2025easter#wxy_fuhuojie_diaoluo_jianglidi|255,255,226,255","2025easter#wxy_fuhuojie_diaoluo_di|20,116,7,255",2025easter#wxy_fuhuojie_diaoluo_listdi,,,,,,,,,,,,,,,,
85,255;255;255;255,,0;0;0;255,,,255;255;255;255,8;8;8;255,,255;255;255;255,8;8;8;255,,,,,,2025easter#wxy_fuhuojie_leichong_banner|2025easter#wxy_fuhuojie_leichong_dadi,2025easter#wxy_fuhuojie_leichong_di,,,,,,,Assets/Main/ActivityRes/2025EasterMod/Prefabs/Effect/UI_fuhuojie2025_leichong.prefab,,,,,,,,,,
86,255;255;255;255,TitleFontMat/Title-Outline_000000_01,8;8;8;255,,,255;255;255;255,8;8;8;255,,255;255;255;255,8;8;8;255,,,,,,2025Music/lyt_2025yinyuejie_bp_bg,2025Music/lyt_2025yinyuejie_bp_title_bg1|2025Music/lyt_2025yinyuejie_bp_title_bg2|2025Music/lyt_2025yinyuejie_bp_title_bg3,FX_yinyuezhilv_bp_biaoti|2025Music/FX_yinyuezhilv_bp_biaoti01|FX_yingyuezhilv_bp_tanchuang_diban|234;222;215;255,2025Music/lyt_2025yinyuejie_bp_list01|2025Music/lyt_2025yinyuejie_bp_list02|2025Music/lyt_2025yinyuejie_bp_list03,"2025Music/lyt_2025yinyuejie_erji_yeqian|2025Music/lyt_2025yinyuejie_erji_yeqian_xuanzhong|255,255,255,255|42,40,48,255",0.85,,,,,,,,,,,,,
92,255;255;255;255,,,,,,,,,,,,2025Music/lyt_2025yinyuejie_libao_banner,,,2025Music/lyt_2025yinyuejie_laba_bg1_banner,Assets/Main/Prefabs/UI/ActMusicFestival2025/Effect/Eff_ui_actslotmachinemain_glow_2025Music_Variant.prefab,Assets/Main/Prefabs/UI/ActMusicFestival2025/Effect/Eff_ui_actslotmachinemain_deng_2025Music_Variant.prefab,Assets/_Art_LastWar/Effect/Prefab/UI/laba/Eff_ui_actslotmachinemain_glow.prefab,Assets/_Art_LastWar/Effect/Prefab/UI/laba/Eff_ui_actslotmachinemain_bgglow.prefab,,,,Assets/Main/Prefabs/UI/ActMusicFestival2025/Effect/Eff_ui_actslotmachinemain_bg_2025Music_Variant.prefab,,,,,,,,,,
93,112;230;241;255,,8;8;8;255,,,255;255;255;255,8;8;8;255,,255;255;255;255,8;8;8;255,,,,,,2025Music/FX_yingyuejie_pifu_diban02,2025Music/FX_yingyuejie_pifu_diban01|2025Music/FX_yingyuejie_pifu_04,,,,,,,Assets/Main/Prefabs/UI/ActMusicFestival2025/Effect/Eff_ui_2025Music_exchange_Variant.prefab,,,,activity_2025music_useitem_title|activity_2025music_useitem_desc1,710081|710082,654172,2025Music/lyt_2025yinyuejie_jilu_icon,,,
94,255;255;255;255,,,,,,,,,,,,,,,,,,,,,,,,,,,,,,,,,
95,121;225;255;255,,8;8;8;255,,,255;255;255;255,8;8;8;255,,255;255;255;255,8;8;8;255,,,,,,"2025music/lyt_2025yinyuejie_diaoluo_jianglidi|255,255,255,255","2025music/lyt_2025yinyuejie_diaoluo_di|33,19,117,255",2025music/lyt_2025yinyuejie_diaoluo_listdi,2025music/zxl_25yinyuejie_xianshi_diban,,,,,,,,,,,,,,,
96,121;225;255;255,,8;8;8;255,,,255;255;255;255,8;8;8;255,,255;255;255;255,8;8;8;255,,,,,,2025Music/ljq_yinyuejie_leichong_banner|2025Music/lrb_yinyuejie_leichong_banner_bg,2025Music/lrb_yinyuejie_leichong_list,,,,,,,,,,,,,,,,,
97,255;255;255;255,,,,,,,,,,,,,,,Assets/Main/Sprites/UI/UIActivityMultiReward/2025Music/FX_yinyuejieshuangbei_bgdiban_tanchuang|Assets/Main/Sprites/UI/UIActivityMultiReward/2025Music/FX_yinyuejieshuangbei_bg05,Assets/Main/TextureEx/UIActivityMultiReward/2025Music/FX_yinyuejieshuangbei_bg04,Assets/Main/Sprites/UI/UIActivityMultiReward/2025Music/FX_yinyuejieshuangbei_2bei,Assets/Main/TextureEx/UIActivityMultiReward/2025Music/FX_yinyuejieshuangbei_bg06.png,Assets/Main/Prefabs/UI/ActMusicFestival2025/Effect/Eff_ui_2025Music_x2_Variant.prefab,,,,,,,,,,,,Assets/Main/Prefabs/UI/ActMusicFestival2025/Effect/Eff_ui_2025Music_x2_enviroment_Variant.prefab,Assets/Main/Prefabs/UI/ActMusicFestival2025/Effect/Eff_ui_2025Music_x2_enviroment_popup_Variant.prefab,
98,255;255;255;255,,0;0;0;255,,,255;255;255;255,8;8;8;255,,255;255;255;255,8;8;8;255,,,,,,,,,,,,,,,11|12|13|14|15,,,,,,,,,
105,254;228;107;255,,,,,,,,,,,,,,,,,,,,,,,Assets/Main/Prefabs/UI/Act2025Halloween/Effect/Eff_ui_Halloween2025_feast_Variant.prefab,21|22|23|24|25,,,,,,,,,
106,253;200;57;255,,8;8;8;255,,,255;255;255;255,8;8;8;255,,255;255;255;255,8;8;8;255,,,,,,"2025halloween/zxl_wanshengjie25_diaoluo_jianglidi|255,255,255,255","2025halloween/zxl_wanshengjie25_diaoluo_di|42,40,48,255",2025halloween/zxl_wanshengjie25_diaoluo_listdi,2025halloween/zxl_wanshengjie25_xianshi_diban,,,,,,,,,,,,,,,
107,253;200;57;255,,8;8;8;255,,,255;255;255;255,8;8;8;255,,255;255;255;255,8;8;8;255,,,,,,2025halloween/lyt_2025wanshengjie_leichong_banner|2025halloween/lyt_2025wanshengjie_leichong_dadi,2025halloween/lyt_2025wanshengjie_leichong_di,,,,,,,Assets/Main/Prefabs/UI/Act2025Halloween/Effect/Eff_ui_Halloween2025_charge_Variant.prefab,,,,,,,,,,
108,253;200;57;255,TitleFontMat/Title-Outline_fdc839_01,0;0;0;255,,,255;255;255;255,0;0;0;255,,255;255;255;255,0;0;0;255,,,,,,2025halloween/lyt_2025wanshengjie_bp_bg,2025halloween/lyt_2025wanshengjie_bp_title_bg1|2025halloween/lyt_2025wanshengjie_bp_title_bg2|2025halloween/lyt_2025wanshengjie_bp_title_bg3,2025halloween/lyt_2025wanshengjie_bptanchuang_title|2025halloween/lyt_2025wanshengjie_bptanchuang_yajiao|2025halloween/lyt_2025wanshengjie_bptanchuang_bg2|230;212;255;255|2025halloween/lyt_2025wanshengjie_bptanchuang_bg1,2025halloween/lyt_2025wanshengjie_bp_list01|2025halloween/lyt_2025wanshengjie_bp_list02|2025halloween/lyt_2025wanshengjie_bp_list03,"2025halloween/lyt_2025wanshengjie_yeqian|2025halloween/lyt_2025wanshengjie_yeqian_xuanzhong|234,222,255,255|42,40,48,255",0.85,,,,,,,,,,,,,
109,253;200;57;255,,8;8;8;255,,,,,,,,,,2025halloween/zxl_wanshengjie25_libao_banner,,,2025halloween/lyt_wanshengjie_dafuweng_yundongzhitisheng,2025halloween/lyt_wanshengjie_dafuweng_duihuan,2025halloween/lyt_wanshengjie_dafuweng_jianglibg,2025halloween/zxl_wanshengjie25_chufashangdian_banner|2025halloween/wxy_wanshengjie2025_chufashangdian_base|2025halloween/wxy_wanshengjie2025_chufashangdian_dizuo|2025halloween/wxy_wanshengjie2025_chufashangdian_goumaidi|2025halloween/wxy_wanshengjie2025_chufashangdian_liebiaodi|2025halloween/wxy_wanshengjie2025_chufashangdian_zhuangshi|2025halloween/wxy_wanshengjie2025_chufashangdian_zhezhao,Assets/Main/Prefabs/UIChristmasPerfab/A_Hero_bubing_yundonghui_wanshengjie.prefab|A_Hero_bubing_yundonghui_wanshengjie/Hero_bubing_yundonghui_torch_skin,,2025halloween/lyt_wanshengjie_dafuweng_baoxiangguan|2025halloween/lyt_wanshengjie_dafuweng_baoxiangkai,,Assets/Main/Prefabs/UI/Act2025Halloween/Effect/Eff_ui_Halloween2025_Monopoly_bg_Variant.prefab,16|17|18|19|20,,2025halloween/lyt_wanshengjie_dafuweng_bg3|2025halloween/lyt_wanshengjie_dafuweng_bg2,,,,,,,
110,253;200;57;255,,8;8;8;255,,,255;255;255;255,8;8;8;255,,255;255;255;255,8;8;8;255,,,,,,2025halloween/zxl_wanshengjie25_pifu_duihuan_diban,2025halloween/zxl_wanshengjie25_pifu_duihuan_tiao|2025halloween/zxl_wanshengjie25_pifu_duihuan_tiao2,,,,,,"10020|idle,1",,,,,activity_2025halloween_useitem_title|activity_2025halloween_useitem_desc1,710087|710088|710089|710090,654181,2025halloween/zxl_wanshengjie25_jilu_icon,,,
111,,,,,,,,,,,,,,,,,,,Assets/Main/Prefabs/UI/Act2025Halloween/Effect/Eff_ui_Halloween2025_Monopoly_gift_Variant.prefab,,,,,,,,,,,,,,,
112,253;200;57;255,,8;8;8;255,,,255;255;255;255,8;8;8;255,,255;255;255;255,8;8;8;255,,,Assets/Main/TextureEx/TorchRelayHalloween2025/zyf_wanshengjie_paoku_zhigou_banner.png,,,,,,,,,,,,,,,,,,,,,
