id,group_id,page,page_name,type,type_name,monster_id,treasure_id,para1,content_text,sub_type,sub_type_name,sub_item,special,drop_show,order
1,10001,1,activity_partydrop_page_name1,1,activity_partydrop_type_title1,6,,0,,1,activity_partydrop_subtype_title1,7;520018;1|7;200203;2|7;520017;1|7;230006;1,0|0|0|0,3500|3500|1600|1400,10
2,10001,1,activity_partydrop_page_name1,1,activity_partydrop_type_title1,6,,0,,2,activity_partydrop_subtype_title2,7;710027;3,0,10000,9
3,10001,1,activity_partydrop_page_name1,2,activity_partydrop_type_title2,8,,0,,1,activity_partydrop_subtype_title1,7;200201;3|7;520023;3,0|0,5000|5000,8
4,10001,1,activity_partydrop_page_name1,2,activity_partydrop_type_title2,8,,0,,2,activity_partydrop_subtype_title2,7;710027;1,0,10000,7
5,10001,1,activity_partydrop_page_name1,3,activity_partydrop_type_title3,5,,0,,1,activity_partydrop_subtype_title1,7;200201;2|7;520023;2,0|0,5000|5000,6
6,10001,1,activity_partydrop_page_name1,3,activity_partydrop_type_title3,5,,0,,2,activity_partydrop_subtype_title2,7;230006;1|7;510035;1,0|0,5000|5000,5
7,10001,2,activity_partydrop_page_name2,5,activity_partydrop_type_title5,,,0,activity_partydrop_type_desc1,4,newparty_monstername5,888;6,0,800,4
8,10001,2,activity_partydrop_page_name2,5,activity_partydrop_type_title5,,,0,activity_partydrop_type_desc1,4,newparty_monstername8,888;8,0,2200,3
9,10001,2,activity_partydrop_page_name2,5,activity_partydrop_type_title5,,,0,activity_partydrop_type_desc1,4,newparty_monstername6,888;5,0,7000,2
10,10002,1,activity_partydrop_page_name1,1,activity_partydrop_type_title1,6,1,0,,1,activity_partydrop_subtype_title1,7;520018;1|7;200203;2|7;520017;1|7;230006;1,0|0|0|0,3500|3500|1600|1400,10
11,10002,1,activity_partydrop_page_name1,1,activity_partydrop_type_title1,6,1,0,,2,activity_partydrop_subtype_title2,7;710027;3,0,10000,9
12,10002,1,activity_partydrop_page_name1,2,activity_partydrop_type_title2,8,1,0,,1,activity_partydrop_subtype_title1,7;200201;3|7;520023;3,0|0,5000|5000,8
13,10002,1,activity_partydrop_page_name1,2,activity_partydrop_type_title2,8,1,0,,2,activity_partydrop_subtype_title2,7;710027;1,0,10000,7
14,10002,1,activity_partydrop_page_name1,3,activity_partydrop_type_title3,5,1,0,,1,activity_partydrop_subtype_title1,7;200201;2|7;520023;2,0|0,5000|5000,6
15,10002,1,activity_partydrop_page_name1,3,activity_partydrop_type_title3,5,1,0,,2,activity_partydrop_subtype_title2,7;230006;1|7;510035;1,0|0,5000|5000,5
16,10002,2,activity_partydrop_page_name2,5,activity_partydrop_type_title5,,1,0,activity_partydrop_type_desc1,4,newparty_monstername5,888;6,0,800,4
17,10002,2,activity_partydrop_page_name2,5,activity_partydrop_type_title5,,1,0,activity_partydrop_type_desc1,4,newparty_monstername8,888;8,0,2200,3
18,10002,2,activity_partydrop_page_name2,5,activity_partydrop_type_title5,,1,0,activity_partydrop_type_desc1,4,newparty_monstername6,888;5,0,7000,2
19,10003,1,activity_partydrop_page_name1,1,activity_partydrop_type_title1,9,,0,,1,activity_partydrop_subtype_title1,7;2270000;1|7;230006;1|7;520011;1|7;654200;1|7;520023;2,0|0|0|0|0,150|350|1200|3300|5000,10
20,10003,1,activity_partydrop_page_name1,1,activity_partydrop_type_title1,9,,0,,2,activity_partydrop_subtype_title2,7;654214;1,0,0,9
22,10003,2,activity_partydrop_page_name2,8,activity_partydrop_type_8,,,654205,activity_partydrop_8_desc1,11,activity_partydrop_subtype_title11,7;710027;1|7;654204;1|7;520017;1|7;200204;1,0,,20
24,10003,2,activity_partydrop_page_name2,8,activity_partydrop_type_8,,,654206,activity_partydrop_8_desc2,11,activity_partydrop_subtype_title11,7;710027;2|7;654204;1|7;520017;2|7;200204;2,0,,19
26,10003,2,activity_partydrop_page_name2,8,activity_partydrop_type_8,,,654207,activity_partydrop_8_desc3,11,activity_partydrop_subtype_title11,7;710027;3|7;654204;1|7;520017;3|7;200204;3,0,,18
27,10003,2,activity_partydrop_page_name2,8,activity_partydrop_type_8,,,654207,activity_partydrop_8_desc3,12,activity_partydrop_subtype_title12,7;654201;1,0,1000,17
28,10003,2,activity_partydrop_page_name2,8,activity_partydrop_type_8,,,654208,activity_partydrop_8_desc4,11,activity_partydrop_subtype_title11,7;710027;4|7;654204;1|7;520017;4|7;200204;4,0,,16
29,10003,2,activity_partydrop_page_name2,8,activity_partydrop_type_8,,,654208,activity_partydrop_8_desc4,12,activity_partydrop_subtype_title12,7;654201;1,0,2500,15
30,10003,2,activity_partydrop_page_name2,8,activity_partydrop_type_8,,,654209,activity_partydrop_8_desc5,11,activity_partydrop_subtype_title11,7;654201;1|7;710027;5|7;654204;2|7;520017;5|7;200205;2,0,,14
31,10003,3,activity_partydrop_page_name3,6,activity_partydrop_type_title6,,1,0,activity_partydrop_type_desc8,8,activity_partydrop_subtype_title8,7;2270000;1|7;654204;1|7;710027;1|7;700001;1,0,0,13
32,10003,3,activity_partydrop_page_name3,6,activity_partydrop_type_title6,,1,0,activity_partydrop_type_desc6,6,activity_partydrop_subtype_title6,7;2270000;1|7;520018;1|7;200202;1|7;520016;1|7;200361;1,0,500|500|1000|4000|4000,12
33,10003,3,activity_partydrop_page_name3,6,activity_partydrop_type_title6,,1,0,activity_partydrop_type_desc8,7,activity_partydrop_subtype_title7,7;710092;1,0,0,11
34,10003,3,activity_partydrop_page_name3,6,activity_partydrop_type_title6,,2,0,activity_partydrop_type_desc8,8,activity_partydrop_subtype_title8,7;2270000;2|7;654204;2|7;710027;2|7;700001;1,0,0,10
35,10003,3,activity_partydrop_page_name3,6,activity_partydrop_type_title6,,2,0,activity_partydrop_type_desc6,6,activity_partydrop_subtype_title6,7;2270000;1|7;520018;1|7;200202;1|7;520016;1|7;200361;1,0,500|500|1000|4000|4000,9
36,10003,3,activity_partydrop_page_name3,6,activity_partydrop_type_title6,,2,0,activity_partydrop_type_desc8,7,activity_partydrop_subtype_title7,7;710092;1,0,0,8
37,10003,3,activity_partydrop_page_name3,6,activity_partydrop_type_title6,,3,0,activity_partydrop_type_desc8,8,activity_partydrop_subtype_title8,7;2270000;4|7;654204;3|7;710027;3|7;700001;1,0,0,7
38,10003,3,activity_partydrop_page_name3,6,activity_partydrop_type_title6,,3,0,activity_partydrop_type_desc6,6,activity_partydrop_subtype_title6,7;2270000;1|7;520018;1|7;200202;1|7;520016;1|7;200361;1,0,500|500|1000|4000|4000,6
39,10003,3,activity_partydrop_page_name3,6,activity_partydrop_type_title6,,3,0,activity_partydrop_type_desc8,7,activity_partydrop_subtype_title7,7;710092;1,0,0,5
40,10003,3,activity_partydrop_page_name3,6,activity_partydrop_type_title6,,4,0,activity_partydrop_type_desc8,8,activity_partydrop_subtype_title8,7;2270000;5|7;654204;4|7;710027;3|7;700001;2,0,0,4
41,10003,3,activity_partydrop_page_name3,6,activity_partydrop_type_title6,,4,0,activity_partydrop_type_desc8,7,activity_partydrop_subtype_title7,7;710092;1,0,0,3
42,10003,3,activity_partydrop_page_name3,7,activity_partydrop_type_title7,,1,0,activity_partydrop_type_desc9,9,activity_partydrop_subtype_title9,7;200201;1,0,0,2
