id,season,type,bornPos,bornTime,level,max_hp,reward,monster,effect,img,icon
1001,0,1,504;502,0,1,85000000000,4000;107212000;4|6000;107212001;3|8000;107212002;2|10000;107212003;1,2301001,76103;0.5,Assets/Main/TextureEx/UIActivityBg/UILWBerserkBoss/FX_wordboss_BG04.png,Assets/Main/TextureEx/UIActivityBg/UILWBerserkBoss/FX_wordboss_guaiwu01.png
1002,0,1,504;502,0,2,120000000000,4000;107212004;4|6000;107212005;3|8000;107212006;2|10000;107212007;1,2301001,76103;0.5,Assets/Main/TextureEx/UIActivityBg/UILWBerserkBoss/FX_wordboss_BG04.png,Assets/Main/TextureEx/UIActivityBg/UILWBerserkBoss/FX_wordboss_guaiwu01.png
1003,0,1,504;502,0,3,250000000000,4000;107212008;4|6000;107212009;3|8000;107212010;2|10000;107212011;1,2301001,76103;0.5,Assets/Main/TextureEx/UIActivityBg/UILWBerserkBoss/FX_wordboss_BG04.png,Assets/Main/TextureEx/UIActivityBg/UILWBerserkBoss/FX_wordboss_guaiwu01.png
1004,0,1,504;502,0,4,300000000000,4000;107212012;4|6000;107212013;3|8000;107212014;2|10000;107212015;1,2301001,76103;0.5,Assets/Main/TextureEx/UIActivityBg/UILWBerserkBoss/FX_wordboss_BG04.png,Assets/Main/TextureEx/UIActivityBg/UILWBerserkBoss/FX_wordboss_guaiwu01.png
1005,0,1,504;502,0,5,480000000000,4000;107212016;4|6000;107212017;3|8000;107212018;2|10000;107212019;1,2301001,76103;0.5,Assets/Main/TextureEx/UIActivityBg/UILWBerserkBoss/FX_wordboss_BG04.png,Assets/Main/TextureEx/UIActivityBg/UILWBerserkBoss/FX_wordboss_guaiwu01.png
1006,0,1,504;502,0,6,790000000000,4000;107212020;4|6000;107212021;3|8000;107212022;2|10000;107212023;1,2301001,76103;0.5,Assets/Main/TextureEx/UIActivityBg/UILWBerserkBoss/FX_wordboss_BG04.png,Assets/Main/TextureEx/UIActivityBg/UILWBerserkBoss/FX_wordboss_guaiwu01.png
1007,0,1,504;502,0,7,1100000000000,4000;107212024;4|6000;107212025;3|8000;107212026;2|10000;107212027;1,2301001,76103;0.5,Assets/Main/TextureEx/UIActivityBg/UILWBerserkBoss/FX_wordboss_BG04.png,Assets/Main/TextureEx/UIActivityBg/UILWBerserkBoss/FX_wordboss_guaiwu01.png
1008,0,1,504;502,0,8,2000000000000,4000;107212028;4|6000;107212029;3|8000;107212030;2|10000;107212031;1,2301001,76103;0.5,Assets/Main/TextureEx/UIActivityBg/UILWBerserkBoss/FX_wordboss_BG04.png,Assets/Main/TextureEx/UIActivityBg/UILWBerserkBoss/FX_wordboss_guaiwu01.png
1009,0,1,504;502,0,9,3500000000000,4000;107212032;4|6000;107212033;3|8000;107212034;2|10000;107212035;1,2301001,76103;0.5,Assets/Main/TextureEx/UIActivityBg/UILWBerserkBoss/FX_wordboss_BG04.png,Assets/Main/TextureEx/UIActivityBg/UILWBerserkBoss/FX_wordboss_guaiwu01.png
1010,0,1,504;502,0,10,5000000000000,4000;107212036;4|6000;107212037;3|8000;107212038;2|10000;107212039;1,2301001,76103;0.5,Assets/Main/TextureEx/UIActivityBg/UILWBerserkBoss/FX_wordboss_BG04.png,Assets/Main/TextureEx/UIActivityBg/UILWBerserkBoss/FX_wordboss_guaiwu01.png
1011,0,1,504;502,0,11,3000000000000,4000;107212036;4|6000;107212037;3|8000;107212038;2|10000;107212039;1,2301001,76103;0.5,Assets/Main/TextureEx/UIActivityBg/UILWBerserkBoss/FX_wordboss_BG04.png,Assets/Main/TextureEx/UIActivityBg/UILWBerserkBoss/FX_wordboss_guaiwu01.png
1012,0,1,504;502,0,12,3000000000000,4000;107212036;4|6000;107212037;3|8000;107212038;2|10000;107212039;1,2301001,76103;0.5,Assets/Main/TextureEx/UIActivityBg/UILWBerserkBoss/FX_wordboss_BG04.png,Assets/Main/TextureEx/UIActivityBg/UILWBerserkBoss/FX_wordboss_guaiwu01.png
1013,0,1,504;502,0,13,3000000000000,4000;107212036;4|6000;107212037;3|8000;107212038;2|10000;107212039;1,2301001,76103;0.5,Assets/Main/TextureEx/UIActivityBg/UILWBerserkBoss/FX_wordboss_BG04.png,Assets/Main/TextureEx/UIActivityBg/UILWBerserkBoss/FX_wordboss_guaiwu01.png
1014,0,1,504;502,0,14,3000000000000,4000;107212036;4|6000;107212037;3|8000;107212038;2|10000;107212039;1,2301001,76103;0.5,Assets/Main/TextureEx/UIActivityBg/UILWBerserkBoss/FX_wordboss_BG04.png,Assets/Main/TextureEx/UIActivityBg/UILWBerserkBoss/FX_wordboss_guaiwu01.png
1015,0,1,504;502,0,15,3000000000000,4000;107212036;4|6000;107212037;3|8000;107212038;2|10000;107212039;1,2301001,76103;0.5,Assets/Main/TextureEx/UIActivityBg/UILWBerserkBoss/FX_wordboss_BG04.png,Assets/Main/TextureEx/UIActivityBg/UILWBerserkBoss/FX_wordboss_guaiwu01.png
1016,0,1,504;502,0,16,3000000000000,4000;107212036;4|6000;107212037;3|8000;107212038;2|10000;107212039;1,2301001,76103;0.5,Assets/Main/TextureEx/UIActivityBg/UILWBerserkBoss/FX_wordboss_BG04.png,Assets/Main/TextureEx/UIActivityBg/UILWBerserkBoss/FX_wordboss_guaiwu01.png
1017,0,1,504;502,0,17,3000000000000,4000;107212036;4|6000;107212037;3|8000;107212038;2|10000;107212039;1,2301001,76103;0.5,Assets/Main/TextureEx/UIActivityBg/UILWBerserkBoss/FX_wordboss_BG04.png,Assets/Main/TextureEx/UIActivityBg/UILWBerserkBoss/FX_wordboss_guaiwu01.png
1018,0,1,504;502,0,18,3000000000000,4000;107212036;4|6000;107212037;3|8000;107212038;2|10000;107212039;1,2301001,76103;0.5,Assets/Main/TextureEx/UIActivityBg/UILWBerserkBoss/FX_wordboss_BG04.png,Assets/Main/TextureEx/UIActivityBg/UILWBerserkBoss/FX_wordboss_guaiwu01.png
1019,0,1,504;502,0,19,3000000000000,4000;107212036;4|6000;107212037;3|8000;107212038;2|10000;107212039;1,2301001,76103;0.5,Assets/Main/TextureEx/UIActivityBg/UILWBerserkBoss/FX_wordboss_BG04.png,Assets/Main/TextureEx/UIActivityBg/UILWBerserkBoss/FX_wordboss_guaiwu01.png
1020,0,1,504;502,0,20,3000000000000,4000;107212036;4|6000;107212037;3|8000;107212038;2|10000;107212039;1,2301001,76103;0.5,Assets/Main/TextureEx/UIActivityBg/UILWBerserkBoss/FX_wordboss_BG04.png,Assets/Main/TextureEx/UIActivityBg/UILWBerserkBoss/FX_wordboss_guaiwu01.png
2001,0,2,504;490,6,1,60000000000,4000;107213000;4|6000;107213001;3|8000;107213002;2|10000;107213003;1,2302001,76104;0.5,Assets/Main/TextureEx/UIActivityBg/UILWBerserkBoss/FX_wordboss_BG02.png,Assets/Main/TextureEx/UIActivityBg/UILWBerserkBoss/FX_wordboss_guaiwu02.png
2002,0,2,504;490,6,2,90000000000,4000;107213004;4|6000;107213005;3|8000;107213006;2|10000;107213007;1,2302001,76104;0.5,Assets/Main/TextureEx/UIActivityBg/UILWBerserkBoss/FX_wordboss_BG02.png,Assets/Main/TextureEx/UIActivityBg/UILWBerserkBoss/FX_wordboss_guaiwu02.png
2003,0,2,504;490,6,3,200000000000,4000;107213008;4|6000;107213009;3|8000;107213010;2|10000;107213011;1,2302001,76104;0.5,Assets/Main/TextureEx/UIActivityBg/UILWBerserkBoss/FX_wordboss_BG02.png,Assets/Main/TextureEx/UIActivityBg/UILWBerserkBoss/FX_wordboss_guaiwu02.png
2004,0,2,504;490,6,4,230000000000,4000;107213012;4|6000;107213013;3|8000;107213014;2|10000;107213015;1,2302001,76104;0.5,Assets/Main/TextureEx/UIActivityBg/UILWBerserkBoss/FX_wordboss_BG02.png,Assets/Main/TextureEx/UIActivityBg/UILWBerserkBoss/FX_wordboss_guaiwu02.png
2005,0,2,504;490,6,5,315000000000,4000;107213016;4|6000;107213017;3|8000;107213018;2|10000;107213019;1,2302001,76104;0.5,Assets/Main/TextureEx/UIActivityBg/UILWBerserkBoss/FX_wordboss_BG02.png,Assets/Main/TextureEx/UIActivityBg/UILWBerserkBoss/FX_wordboss_guaiwu02.png
2006,0,2,504;490,6,6,532500000000,4000;107213020;4|6000;107213021;3|8000;107213022;2|10000;107213023;1,2302001,76104;0.5,Assets/Main/TextureEx/UIActivityBg/UILWBerserkBoss/FX_wordboss_BG02.png,Assets/Main/TextureEx/UIActivityBg/UILWBerserkBoss/FX_wordboss_guaiwu02.png
2007,0,2,504;490,6,7,750000000000,4000;107213024;4|6000;107213025;3|8000;107213026;2|10000;107213027;1,2302001,76104;0.5,Assets/Main/TextureEx/UIActivityBg/UILWBerserkBoss/FX_wordboss_BG02.png,Assets/Main/TextureEx/UIActivityBg/UILWBerserkBoss/FX_wordboss_guaiwu02.png
2008,0,2,504;490,6,8,1500000000000,4000;107213028;4|6000;107213029;3|8000;107213030;2|10000;107213031;1,2302001,76104;0.5,Assets/Main/TextureEx/UIActivityBg/UILWBerserkBoss/FX_wordboss_BG02.png,Assets/Main/TextureEx/UIActivityBg/UILWBerserkBoss/FX_wordboss_guaiwu02.png
2009,0,2,504;490,6,9,3500000000000,4000;107213032;4|6000;107213033;3|8000;107213034;2|10000;107213035;1,2302001,76104;0.5,Assets/Main/TextureEx/UIActivityBg/UILWBerserkBoss/FX_wordboss_BG02.png,Assets/Main/TextureEx/UIActivityBg/UILWBerserkBoss/FX_wordboss_guaiwu02.png
2010,0,2,504;490,6,10,4750000000000,4000;107213036;4|6000;107213037;3|8000;107213038;2|10000;107213039;1,2302001,76104;0.5,Assets/Main/TextureEx/UIActivityBg/UILWBerserkBoss/FX_wordboss_BG02.png,Assets/Main/TextureEx/UIActivityBg/UILWBerserkBoss/FX_wordboss_guaiwu02.png
2011,0,2,504;490,6,11,2000000000000,4000;107213036;4|6000;107213037;3|8000;107213038;2|10000;107213039;1,2302001,76104;0.5,Assets/Main/TextureEx/UIActivityBg/UILWBerserkBoss/FX_wordboss_BG02.png,Assets/Main/TextureEx/UIActivityBg/UILWBerserkBoss/FX_wordboss_guaiwu02.png
2012,0,2,504;490,6,12,2000000000000,4000;107213036;4|6000;107213037;3|8000;107213038;2|10000;107213039;1,2302001,76104;0.5,Assets/Main/TextureEx/UIActivityBg/UILWBerserkBoss/FX_wordboss_BG02.png,Assets/Main/TextureEx/UIActivityBg/UILWBerserkBoss/FX_wordboss_guaiwu02.png
2013,0,2,504;490,6,13,2000000000000,4000;107213036;4|6000;107213037;3|8000;107213038;2|10000;107213039;1,2302001,76104;0.5,Assets/Main/TextureEx/UIActivityBg/UILWBerserkBoss/FX_wordboss_BG02.png,Assets/Main/TextureEx/UIActivityBg/UILWBerserkBoss/FX_wordboss_guaiwu02.png
2014,0,2,504;490,6,14,2000000000000,4000;107213036;4|6000;107213037;3|8000;107213038;2|10000;107213039;1,2302001,76104;0.5,Assets/Main/TextureEx/UIActivityBg/UILWBerserkBoss/FX_wordboss_BG02.png,Assets/Main/TextureEx/UIActivityBg/UILWBerserkBoss/FX_wordboss_guaiwu02.png
2015,0,2,504;490,6,15,2000000000000,4000;107213036;4|6000;107213037;3|8000;107213038;2|10000;107213039;1,2302001,76104;0.5,Assets/Main/TextureEx/UIActivityBg/UILWBerserkBoss/FX_wordboss_BG02.png,Assets/Main/TextureEx/UIActivityBg/UILWBerserkBoss/FX_wordboss_guaiwu02.png
2016,0,2,504;490,6,16,2000000000000,4000;107213036;4|6000;107213037;3|8000;107213038;2|10000;107213039;1,2302001,76104;0.5,Assets/Main/TextureEx/UIActivityBg/UILWBerserkBoss/FX_wordboss_BG02.png,Assets/Main/TextureEx/UIActivityBg/UILWBerserkBoss/FX_wordboss_guaiwu02.png
2017,0,2,504;490,6,17,2000000000000,4000;107213036;4|6000;107213037;3|8000;107213038;2|10000;107213039;1,2302001,76104;0.5,Assets/Main/TextureEx/UIActivityBg/UILWBerserkBoss/FX_wordboss_BG02.png,Assets/Main/TextureEx/UIActivityBg/UILWBerserkBoss/FX_wordboss_guaiwu02.png
2018,0,2,504;490,6,18,2000000000000,4000;107213036;4|6000;107213037;3|8000;107213038;2|10000;107213039;1,2302001,76104;0.5,Assets/Main/TextureEx/UIActivityBg/UILWBerserkBoss/FX_wordboss_BG02.png,Assets/Main/TextureEx/UIActivityBg/UILWBerserkBoss/FX_wordboss_guaiwu02.png
2019,0,2,504;490,6,19,2000000000000,4000;107213036;4|6000;107213037;3|8000;107213038;2|10000;107213039;1,2302001,76104;0.5,Assets/Main/TextureEx/UIActivityBg/UILWBerserkBoss/FX_wordboss_BG02.png,Assets/Main/TextureEx/UIActivityBg/UILWBerserkBoss/FX_wordboss_guaiwu02.png
2020,0,2,504;490,6,20,2000000000000,4000;107213036;4|6000;107213037;3|8000;107213038;2|10000;107213039;1,2302001,76104;0.5,Assets/Main/TextureEx/UIActivityBg/UILWBerserkBoss/FX_wordboss_BG02.png,Assets/Main/TextureEx/UIActivityBg/UILWBerserkBoss/FX_wordboss_guaiwu02.png
3001,0,3,493;501,12,1,50000000000,4000;107214000;4|6000;107214001;3|8000;107214002;2|10000;107214003;1,2303001,76105;0.5,Assets/Main/TextureEx/UIActivityBg/UILWBerserkBoss/FX_wordboss_BG03.png,Assets/Main/TextureEx/UIActivityBg/UILWBerserkBoss/FX_wordboss_guaiwu03.png
3002,0,3,493;501,12,2,75000000000,4000;107214004;4|6000;107214005;3|8000;107214006;2|10000;107214007;1,2303001,76105;0.5,Assets/Main/TextureEx/UIActivityBg/UILWBerserkBoss/FX_wordboss_BG03.png,Assets/Main/TextureEx/UIActivityBg/UILWBerserkBoss/FX_wordboss_guaiwu03.png
3003,0,3,493;501,12,3,150000000000,4000;107214008;4|6000;107214009;3|8000;107214010;2|10000;107214011;1,2303001,76105;0.5,Assets/Main/TextureEx/UIActivityBg/UILWBerserkBoss/FX_wordboss_BG03.png,Assets/Main/TextureEx/UIActivityBg/UILWBerserkBoss/FX_wordboss_guaiwu03.png
3004,0,3,493;501,12,4,180000000000,4000;107214012;4|6000;107214013;3|8000;107214014;2|10000;107214015;1,2303001,76105;0.5,Assets/Main/TextureEx/UIActivityBg/UILWBerserkBoss/FX_wordboss_BG03.png,Assets/Main/TextureEx/UIActivityBg/UILWBerserkBoss/FX_wordboss_guaiwu03.png
3005,0,3,493;501,12,5,270000000000,4000;107214016;4|6000;107214017;3|8000;107214018;2|10000;107214019;1,2303001,76105;0.5,Assets/Main/TextureEx/UIActivityBg/UILWBerserkBoss/FX_wordboss_BG03.png,Assets/Main/TextureEx/UIActivityBg/UILWBerserkBoss/FX_wordboss_guaiwu03.png
3006,0,3,493;501,12,6,435000000000,4000;107214020;4|6000;107214021;3|8000;107214022;2|10000;107214023;1,2303001,76105;0.5,Assets/Main/TextureEx/UIActivityBg/UILWBerserkBoss/FX_wordboss_BG03.png,Assets/Main/TextureEx/UIActivityBg/UILWBerserkBoss/FX_wordboss_guaiwu03.png
3007,0,3,493;501,12,7,600000000000,4000;107214024;4|6000;107214025;3|8000;107214026;2|10000;107214027;1,2303001,76105;0.5,Assets/Main/TextureEx/UIActivityBg/UILWBerserkBoss/FX_wordboss_BG03.png,Assets/Main/TextureEx/UIActivityBg/UILWBerserkBoss/FX_wordboss_guaiwu03.png
3008,0,3,493;501,12,8,1000000000000,4000;107214028;4|6000;107214029;3|8000;107214030;2|10000;107214031;1,2303001,76105;0.5,Assets/Main/TextureEx/UIActivityBg/UILWBerserkBoss/FX_wordboss_BG03.png,Assets/Main/TextureEx/UIActivityBg/UILWBerserkBoss/FX_wordboss_guaiwu03.png
3009,0,3,493;501,12,9,3325000000000,4000;107214032;4|6000;107214033;3|8000;107214034;2|10000;107214035;1,2303001,76105;0.5,Assets/Main/TextureEx/UIActivityBg/UILWBerserkBoss/FX_wordboss_BG03.png,Assets/Main/TextureEx/UIActivityBg/UILWBerserkBoss/FX_wordboss_guaiwu03.png
3010,0,3,493;501,12,10,4500000000000,4000;107214036;4|6000;107214037;3|8000;107214038;2|10000;107214039;1,2303001,76105;0.5,Assets/Main/TextureEx/UIActivityBg/UILWBerserkBoss/FX_wordboss_BG03.png,Assets/Main/TextureEx/UIActivityBg/UILWBerserkBoss/FX_wordboss_guaiwu03.png
3011,0,3,493;501,12,11,1600000000000,4000;107214036;4|6000;107214037;3|8000;107214038;2|10000;107214039;1,2303001,76105;0.5,Assets/Main/TextureEx/UIActivityBg/UILWBerserkBoss/FX_wordboss_BG03.png,Assets/Main/TextureEx/UIActivityBg/UILWBerserkBoss/FX_wordboss_guaiwu03.png
3012,0,3,493;501,12,12,1600000000000,4000;107214036;4|6000;107214037;3|8000;107214038;2|10000;107214039;1,2303001,76105;0.5,Assets/Main/TextureEx/UIActivityBg/UILWBerserkBoss/FX_wordboss_BG03.png,Assets/Main/TextureEx/UIActivityBg/UILWBerserkBoss/FX_wordboss_guaiwu03.png
3013,0,3,493;501,12,13,1600000000000,4000;107214036;4|6000;107214037;3|8000;107214038;2|10000;107214039;1,2303001,76105;0.5,Assets/Main/TextureEx/UIActivityBg/UILWBerserkBoss/FX_wordboss_BG03.png,Assets/Main/TextureEx/UIActivityBg/UILWBerserkBoss/FX_wordboss_guaiwu03.png
3014,0,3,493;501,12,14,1600000000000,4000;107214036;4|6000;107214037;3|8000;107214038;2|10000;107214039;1,2303001,76105;0.5,Assets/Main/TextureEx/UIActivityBg/UILWBerserkBoss/FX_wordboss_BG03.png,Assets/Main/TextureEx/UIActivityBg/UILWBerserkBoss/FX_wordboss_guaiwu03.png
3015,0,3,493;501,12,15,1600000000000,4000;107214036;4|6000;107214037;3|8000;107214038;2|10000;107214039;1,2303001,76105;0.5,Assets/Main/TextureEx/UIActivityBg/UILWBerserkBoss/FX_wordboss_BG03.png,Assets/Main/TextureEx/UIActivityBg/UILWBerserkBoss/FX_wordboss_guaiwu03.png
3016,0,3,493;501,12,16,1600000000000,4000;107214036;4|6000;107214037;3|8000;107214038;2|10000;107214039;1,2303001,76105;0.5,Assets/Main/TextureEx/UIActivityBg/UILWBerserkBoss/FX_wordboss_BG03.png,Assets/Main/TextureEx/UIActivityBg/UILWBerserkBoss/FX_wordboss_guaiwu03.png
3017,0,3,493;501,12,17,1600000000000,4000;107214036;4|6000;107214037;3|8000;107214038;2|10000;107214039;1,2303001,76105;0.5,Assets/Main/TextureEx/UIActivityBg/UILWBerserkBoss/FX_wordboss_BG03.png,Assets/Main/TextureEx/UIActivityBg/UILWBerserkBoss/FX_wordboss_guaiwu03.png
3018,0,3,493;501,12,18,1600000000000,4000;107214036;4|6000;107214037;3|8000;107214038;2|10000;107214039;1,2303001,76105;0.5,Assets/Main/TextureEx/UIActivityBg/UILWBerserkBoss/FX_wordboss_BG03.png,Assets/Main/TextureEx/UIActivityBg/UILWBerserkBoss/FX_wordboss_guaiwu03.png
3019,0,3,493;501,12,19,1600000000000,4000;107214036;4|6000;107214037;3|8000;107214038;2|10000;107214039;1,2303001,76105;0.5,Assets/Main/TextureEx/UIActivityBg/UILWBerserkBoss/FX_wordboss_BG03.png,Assets/Main/TextureEx/UIActivityBg/UILWBerserkBoss/FX_wordboss_guaiwu03.png
3020,0,3,493;501,12,20,1600000000000,4000;107214036;4|6000;107214037;3|8000;107214038;2|10000;107214039;1,2303001,76105;0.5,Assets/Main/TextureEx/UIActivityBg/UILWBerserkBoss/FX_wordboss_BG03.png,Assets/Main/TextureEx/UIActivityBg/UILWBerserkBoss/FX_wordboss_guaiwu03.png
11001,1,1,504;502,0,1,85000000000,4000;107212000;4|6000;107212001;3|8000;107212002;2|10000;107212003;1,2311001,76103;0.5,Assets/Main/TextureEx/UIActivityBg/UILWBerserkBoss/FX_wordboss_BG07.png,Assets/Main/TextureEx/UIActivityBg/UILWBerserkBoss/FX_wordboss_guaiwu04.png
11002,1,1,504;502,0,2,120000000000,4000;107212004;4|6000;107212005;3|8000;107212006;2|10000;107212007;1,2311001,76103;0.5,Assets/Main/TextureEx/UIActivityBg/UILWBerserkBoss/FX_wordboss_BG07.png,Assets/Main/TextureEx/UIActivityBg/UILWBerserkBoss/FX_wordboss_guaiwu04.png
11003,1,1,504;502,0,3,250000000000,4000;107212008;4|6000;107212009;3|8000;107212010;2|10000;107212011;1,2311001,76103;0.5,Assets/Main/TextureEx/UIActivityBg/UILWBerserkBoss/FX_wordboss_BG07.png,Assets/Main/TextureEx/UIActivityBg/UILWBerserkBoss/FX_wordboss_guaiwu04.png
11004,1,1,504;502,0,4,300000000000,4000;107212012;4|6000;107212013;3|8000;107212014;2|10000;107212015;1,2311001,76103;0.5,Assets/Main/TextureEx/UIActivityBg/UILWBerserkBoss/FX_wordboss_BG07.png,Assets/Main/TextureEx/UIActivityBg/UILWBerserkBoss/FX_wordboss_guaiwu04.png
11005,1,1,504;502,0,5,480000000000,4000;107212016;4|6000;107212017;3|8000;107212018;2|10000;107212019;1,2311001,76103;0.5,Assets/Main/TextureEx/UIActivityBg/UILWBerserkBoss/FX_wordboss_BG07.png,Assets/Main/TextureEx/UIActivityBg/UILWBerserkBoss/FX_wordboss_guaiwu04.png
11006,1,1,504;502,0,6,790000000000,4000;107212020;4|6000;107212021;3|8000;107212022;2|10000;107212023;1,2311001,76103;0.5,Assets/Main/TextureEx/UIActivityBg/UILWBerserkBoss/FX_wordboss_BG07.png,Assets/Main/TextureEx/UIActivityBg/UILWBerserkBoss/FX_wordboss_guaiwu04.png
11007,1,1,504;502,0,7,1100000000000,4000;107212024;4|6000;107212025;3|8000;107212026;2|10000;107212027;1,2311001,76103;0.5,Assets/Main/TextureEx/UIActivityBg/UILWBerserkBoss/FX_wordboss_BG07.png,Assets/Main/TextureEx/UIActivityBg/UILWBerserkBoss/FX_wordboss_guaiwu04.png
11008,1,1,504;502,0,8,2000000000000,4000;107212028;4|6000;107212029;3|8000;107212030;2|10000;107212031;1,2311001,76103;0.5,Assets/Main/TextureEx/UIActivityBg/UILWBerserkBoss/FX_wordboss_BG07.png,Assets/Main/TextureEx/UIActivityBg/UILWBerserkBoss/FX_wordboss_guaiwu04.png
11009,1,1,504;502,0,9,3500000000000,4000;107212032;4|6000;107212033;3|8000;107212034;2|10000;107212035;1,2311001,76103;0.5,Assets/Main/TextureEx/UIActivityBg/UILWBerserkBoss/FX_wordboss_BG07.png,Assets/Main/TextureEx/UIActivityBg/UILWBerserkBoss/FX_wordboss_guaiwu04.png
11010,1,1,504;502,0,10,5000000000000,4000;107212036;4|6000;107212037;3|8000;107212038;2|10000;107212039;1,2311001,76103;0.5,Assets/Main/TextureEx/UIActivityBg/UILWBerserkBoss/FX_wordboss_BG07.png,Assets/Main/TextureEx/UIActivityBg/UILWBerserkBoss/FX_wordboss_guaiwu04.png
11011,1,1,504;502,0,11,3000000000000,4000;107212036;4|6000;107212037;3|8000;107212038;2|10000;107212039;1,2311001,76103;0.5,Assets/Main/TextureEx/UIActivityBg/UILWBerserkBoss/FX_wordboss_BG07.png,Assets/Main/TextureEx/UIActivityBg/UILWBerserkBoss/FX_wordboss_guaiwu04.png
11012,1,1,504;502,0,12,3000000000000,4000;107212036;4|6000;107212037;3|8000;107212038;2|10000;107212039;1,2311001,76103;0.5,Assets/Main/TextureEx/UIActivityBg/UILWBerserkBoss/FX_wordboss_BG07.png,Assets/Main/TextureEx/UIActivityBg/UILWBerserkBoss/FX_wordboss_guaiwu04.png
11013,1,1,504;502,0,13,3000000000000,4000;107212036;4|6000;107212037;3|8000;107212038;2|10000;107212039;1,2311001,76103;0.5,Assets/Main/TextureEx/UIActivityBg/UILWBerserkBoss/FX_wordboss_BG07.png,Assets/Main/TextureEx/UIActivityBg/UILWBerserkBoss/FX_wordboss_guaiwu04.png
11014,1,1,504;502,0,14,3000000000000,4000;107212036;4|6000;107212037;3|8000;107212038;2|10000;107212039;1,2311001,76103;0.5,Assets/Main/TextureEx/UIActivityBg/UILWBerserkBoss/FX_wordboss_BG07.png,Assets/Main/TextureEx/UIActivityBg/UILWBerserkBoss/FX_wordboss_guaiwu04.png
11015,1,1,504;502,0,15,3000000000000,4000;107212036;4|6000;107212037;3|8000;107212038;2|10000;107212039;1,2311001,76103;0.5,Assets/Main/TextureEx/UIActivityBg/UILWBerserkBoss/FX_wordboss_BG07.png,Assets/Main/TextureEx/UIActivityBg/UILWBerserkBoss/FX_wordboss_guaiwu04.png
11016,1,1,504;502,0,16,3000000000000,4000;107212036;4|6000;107212037;3|8000;107212038;2|10000;107212039;1,2311001,76103;0.5,Assets/Main/TextureEx/UIActivityBg/UILWBerserkBoss/FX_wordboss_BG07.png,Assets/Main/TextureEx/UIActivityBg/UILWBerserkBoss/FX_wordboss_guaiwu04.png
11017,1,1,504;502,0,17,3000000000000,4000;107212036;4|6000;107212037;3|8000;107212038;2|10000;107212039;1,2311001,76103;0.5,Assets/Main/TextureEx/UIActivityBg/UILWBerserkBoss/FX_wordboss_BG07.png,Assets/Main/TextureEx/UIActivityBg/UILWBerserkBoss/FX_wordboss_guaiwu04.png
11018,1,1,504;502,0,18,3000000000000,4000;107212036;4|6000;107212037;3|8000;107212038;2|10000;107212039;1,2311001,76103;0.5,Assets/Main/TextureEx/UIActivityBg/UILWBerserkBoss/FX_wordboss_BG07.png,Assets/Main/TextureEx/UIActivityBg/UILWBerserkBoss/FX_wordboss_guaiwu04.png
11019,1,1,504;502,0,19,3000000000000,4000;107212036;4|6000;107212037;3|8000;107212038;2|10000;107212039;1,2311001,76103;0.5,Assets/Main/TextureEx/UIActivityBg/UILWBerserkBoss/FX_wordboss_BG07.png,Assets/Main/TextureEx/UIActivityBg/UILWBerserkBoss/FX_wordboss_guaiwu04.png
11020,1,1,504;502,0,20,3000000000000,4000;107212036;4|6000;107212037;3|8000;107212038;2|10000;107212039;1,2311001,76103;0.5,Assets/Main/TextureEx/UIActivityBg/UILWBerserkBoss/FX_wordboss_BG07.png,Assets/Main/TextureEx/UIActivityBg/UILWBerserkBoss/FX_wordboss_guaiwu04.png
12001,1,2,504;490,6,1,60000000000,4000;107213000;4|6000;107213001;3|8000;107213002;2|10000;107213003;1,2312001,76104;0.5,Assets/Main/TextureEx/UIActivityBg/UILWBerserkBoss/FX_wordboss_BG06.png,Assets/Main/TextureEx/UIActivityBg/UILWBerserkBoss/FX_wordboss_guaiwu05.png
12002,1,2,504;490,6,2,90000000000,4000;107213004;4|6000;107213005;3|8000;107213006;2|10000;107213007;1,2312001,76104;0.5,Assets/Main/TextureEx/UIActivityBg/UILWBerserkBoss/FX_wordboss_BG06.png,Assets/Main/TextureEx/UIActivityBg/UILWBerserkBoss/FX_wordboss_guaiwu05.png
12003,1,2,504;490,6,3,200000000000,4000;107213008;4|6000;107213009;3|8000;107213010;2|10000;107213011;1,2312001,76104;0.5,Assets/Main/TextureEx/UIActivityBg/UILWBerserkBoss/FX_wordboss_BG06.png,Assets/Main/TextureEx/UIActivityBg/UILWBerserkBoss/FX_wordboss_guaiwu05.png
12004,1,2,504;490,6,4,230000000000,4000;107213012;4|6000;107213013;3|8000;107213014;2|10000;107213015;1,2312001,76104;0.5,Assets/Main/TextureEx/UIActivityBg/UILWBerserkBoss/FX_wordboss_BG06.png,Assets/Main/TextureEx/UIActivityBg/UILWBerserkBoss/FX_wordboss_guaiwu05.png
12005,1,2,504;490,6,5,315000000000,4000;107213016;4|6000;107213017;3|8000;107213018;2|10000;107213019;1,2312001,76104;0.5,Assets/Main/TextureEx/UIActivityBg/UILWBerserkBoss/FX_wordboss_BG06.png,Assets/Main/TextureEx/UIActivityBg/UILWBerserkBoss/FX_wordboss_guaiwu05.png
12006,1,2,504;490,6,6,532500000000,4000;107213020;4|6000;107213021;3|8000;107213022;2|10000;107213023;1,2312001,76104;0.5,Assets/Main/TextureEx/UIActivityBg/UILWBerserkBoss/FX_wordboss_BG06.png,Assets/Main/TextureEx/UIActivityBg/UILWBerserkBoss/FX_wordboss_guaiwu05.png
12007,1,2,504;490,6,7,750000000000,4000;107213024;4|6000;107213025;3|8000;107213026;2|10000;107213027;1,2312001,76104;0.5,Assets/Main/TextureEx/UIActivityBg/UILWBerserkBoss/FX_wordboss_BG06.png,Assets/Main/TextureEx/UIActivityBg/UILWBerserkBoss/FX_wordboss_guaiwu05.png
12008,1,2,504;490,6,8,1500000000000,4000;107213028;4|6000;107213029;3|8000;107213030;2|10000;107213031;1,2312001,76104;0.5,Assets/Main/TextureEx/UIActivityBg/UILWBerserkBoss/FX_wordboss_BG06.png,Assets/Main/TextureEx/UIActivityBg/UILWBerserkBoss/FX_wordboss_guaiwu05.png
12009,1,2,504;490,6,9,3500000000000,4000;107213032;4|6000;107213033;3|8000;107213034;2|10000;107213035;1,2312001,76104;0.5,Assets/Main/TextureEx/UIActivityBg/UILWBerserkBoss/FX_wordboss_BG06.png,Assets/Main/TextureEx/UIActivityBg/UILWBerserkBoss/FX_wordboss_guaiwu05.png
12010,1,2,504;490,6,10,4750000000000,4000;107213036;4|6000;107213037;3|8000;107213038;2|10000;107213039;1,2312001,76104;0.5,Assets/Main/TextureEx/UIActivityBg/UILWBerserkBoss/FX_wordboss_BG06.png,Assets/Main/TextureEx/UIActivityBg/UILWBerserkBoss/FX_wordboss_guaiwu05.png
12011,1,2,504;490,6,11,2000000000000,4000;107213036;4|6000;107213037;3|8000;107213038;2|10000;107213039;1,2312001,76104;0.5,Assets/Main/TextureEx/UIActivityBg/UILWBerserkBoss/FX_wordboss_BG06.png,Assets/Main/TextureEx/UIActivityBg/UILWBerserkBoss/FX_wordboss_guaiwu05.png
12012,1,2,504;490,6,12,2000000000000,4000;107213036;4|6000;107213037;3|8000;107213038;2|10000;107213039;1,2312001,76104;0.5,Assets/Main/TextureEx/UIActivityBg/UILWBerserkBoss/FX_wordboss_BG06.png,Assets/Main/TextureEx/UIActivityBg/UILWBerserkBoss/FX_wordboss_guaiwu05.png
12013,1,2,504;490,6,13,2000000000000,4000;107213036;4|6000;107213037;3|8000;107213038;2|10000;107213039;1,2312001,76104;0.5,Assets/Main/TextureEx/UIActivityBg/UILWBerserkBoss/FX_wordboss_BG06.png,Assets/Main/TextureEx/UIActivityBg/UILWBerserkBoss/FX_wordboss_guaiwu05.png
12014,1,2,504;490,6,14,2000000000000,4000;107213036;4|6000;107213037;3|8000;107213038;2|10000;107213039;1,2312001,76104;0.5,Assets/Main/TextureEx/UIActivityBg/UILWBerserkBoss/FX_wordboss_BG06.png,Assets/Main/TextureEx/UIActivityBg/UILWBerserkBoss/FX_wordboss_guaiwu05.png
12015,1,2,504;490,6,15,2000000000000,4000;107213036;4|6000;107213037;3|8000;107213038;2|10000;107213039;1,2312001,76104;0.5,Assets/Main/TextureEx/UIActivityBg/UILWBerserkBoss/FX_wordboss_BG06.png,Assets/Main/TextureEx/UIActivityBg/UILWBerserkBoss/FX_wordboss_guaiwu05.png
12016,1,2,504;490,6,16,2000000000000,4000;107213036;4|6000;107213037;3|8000;107213038;2|10000;107213039;1,2312001,76104;0.5,Assets/Main/TextureEx/UIActivityBg/UILWBerserkBoss/FX_wordboss_BG06.png,Assets/Main/TextureEx/UIActivityBg/UILWBerserkBoss/FX_wordboss_guaiwu05.png
12017,1,2,504;490,6,17,2000000000000,4000;107213036;4|6000;107213037;3|8000;107213038;2|10000;107213039;1,2312001,76104;0.5,Assets/Main/TextureEx/UIActivityBg/UILWBerserkBoss/FX_wordboss_BG06.png,Assets/Main/TextureEx/UIActivityBg/UILWBerserkBoss/FX_wordboss_guaiwu05.png
12018,1,2,504;490,6,18,2000000000000,4000;107213036;4|6000;107213037;3|8000;107213038;2|10000;107213039;1,2312001,76104;0.5,Assets/Main/TextureEx/UIActivityBg/UILWBerserkBoss/FX_wordboss_BG06.png,Assets/Main/TextureEx/UIActivityBg/UILWBerserkBoss/FX_wordboss_guaiwu05.png
12019,1,2,504;490,6,19,2000000000000,4000;107213036;4|6000;107213037;3|8000;107213038;2|10000;107213039;1,2312001,76104;0.5,Assets/Main/TextureEx/UIActivityBg/UILWBerserkBoss/FX_wordboss_BG06.png,Assets/Main/TextureEx/UIActivityBg/UILWBerserkBoss/FX_wordboss_guaiwu05.png
12020,1,2,504;490,6,20,2000000000000,4000;107213036;4|6000;107213037;3|8000;107213038;2|10000;107213039;1,2312001,76104;0.5,Assets/Main/TextureEx/UIActivityBg/UILWBerserkBoss/FX_wordboss_BG06.png,Assets/Main/TextureEx/UIActivityBg/UILWBerserkBoss/FX_wordboss_guaiwu05.png
13001,1,3,493;501,12,1,50000000000,4000;107214000;4|6000;107214001;3|8000;107214002;2|10000;107214003;1,2313001,76105;0.5,Assets/Main/TextureEx/UIActivityBg/UILWBerserkBoss/FX_wordboss_BG05.png,Assets/Main/TextureEx/UIActivityBg/UILWBerserkBoss/FX_wordboss_guaiwu06.png
13002,1,3,493;501,12,2,75000000000,4000;107214004;4|6000;107214005;3|8000;107214006;2|10000;107214007;1,2313001,76105;0.5,Assets/Main/TextureEx/UIActivityBg/UILWBerserkBoss/FX_wordboss_BG05.png,Assets/Main/TextureEx/UIActivityBg/UILWBerserkBoss/FX_wordboss_guaiwu06.png
13003,1,3,493;501,12,3,150000000000,4000;107214008;4|6000;107214009;3|8000;107214010;2|10000;107214011;1,2313001,76105;0.5,Assets/Main/TextureEx/UIActivityBg/UILWBerserkBoss/FX_wordboss_BG05.png,Assets/Main/TextureEx/UIActivityBg/UILWBerserkBoss/FX_wordboss_guaiwu06.png
13004,1,3,493;501,12,4,180000000000,4000;107214012;4|6000;107214013;3|8000;107214014;2|10000;107214015;1,2313001,76105;0.5,Assets/Main/TextureEx/UIActivityBg/UILWBerserkBoss/FX_wordboss_BG05.png,Assets/Main/TextureEx/UIActivityBg/UILWBerserkBoss/FX_wordboss_guaiwu06.png
13005,1,3,493;501,12,5,270000000000,4000;107214016;4|6000;107214017;3|8000;107214018;2|10000;107214019;1,2313001,76105;0.5,Assets/Main/TextureEx/UIActivityBg/UILWBerserkBoss/FX_wordboss_BG05.png,Assets/Main/TextureEx/UIActivityBg/UILWBerserkBoss/FX_wordboss_guaiwu06.png
13006,1,3,493;501,12,6,435000000000,4000;107214020;4|6000;107214021;3|8000;107214022;2|10000;107214023;1,2313001,76105;0.5,Assets/Main/TextureEx/UIActivityBg/UILWBerserkBoss/FX_wordboss_BG05.png,Assets/Main/TextureEx/UIActivityBg/UILWBerserkBoss/FX_wordboss_guaiwu06.png
13007,1,3,493;501,12,7,600000000000,4000;107214024;4|6000;107214025;3|8000;107214026;2|10000;107214027;1,2313001,76105;0.5,Assets/Main/TextureEx/UIActivityBg/UILWBerserkBoss/FX_wordboss_BG05.png,Assets/Main/TextureEx/UIActivityBg/UILWBerserkBoss/FX_wordboss_guaiwu06.png
13008,1,3,493;501,12,8,1000000000000,4000;107214028;4|6000;107214029;3|8000;107214030;2|10000;107214031;1,2313001,76105;0.5,Assets/Main/TextureEx/UIActivityBg/UILWBerserkBoss/FX_wordboss_BG05.png,Assets/Main/TextureEx/UIActivityBg/UILWBerserkBoss/FX_wordboss_guaiwu06.png
13009,1,3,493;501,12,9,3325000000000,4000;107214032;4|6000;107214033;3|8000;107214034;2|10000;107214035;1,2313001,76105;0.5,Assets/Main/TextureEx/UIActivityBg/UILWBerserkBoss/FX_wordboss_BG05.png,Assets/Main/TextureEx/UIActivityBg/UILWBerserkBoss/FX_wordboss_guaiwu06.png
13010,1,3,493;501,12,10,4500000000000,4000;107214036;4|6000;107214037;3|8000;107214038;2|10000;107214039;1,2313001,76105;0.5,Assets/Main/TextureEx/UIActivityBg/UILWBerserkBoss/FX_wordboss_BG05.png,Assets/Main/TextureEx/UIActivityBg/UILWBerserkBoss/FX_wordboss_guaiwu06.png
13011,1,3,493;501,12,11,1600000000000,4000;107214036;4|6000;107214037;3|8000;107214038;2|10000;107214039;1,2313001,76105;0.5,Assets/Main/TextureEx/UIActivityBg/UILWBerserkBoss/FX_wordboss_BG05.png,Assets/Main/TextureEx/UIActivityBg/UILWBerserkBoss/FX_wordboss_guaiwu06.png
13012,1,3,493;501,12,12,1600000000000,4000;107214036;4|6000;107214037;3|8000;107214038;2|10000;107214039;1,2313001,76105;0.5,Assets/Main/TextureEx/UIActivityBg/UILWBerserkBoss/FX_wordboss_BG05.png,Assets/Main/TextureEx/UIActivityBg/UILWBerserkBoss/FX_wordboss_guaiwu06.png
13013,1,3,493;501,12,13,1600000000000,4000;107214036;4|6000;107214037;3|8000;107214038;2|10000;107214039;1,2313001,76105;0.5,Assets/Main/TextureEx/UIActivityBg/UILWBerserkBoss/FX_wordboss_BG05.png,Assets/Main/TextureEx/UIActivityBg/UILWBerserkBoss/FX_wordboss_guaiwu06.png
13014,1,3,493;501,12,14,1600000000000,4000;107214036;4|6000;107214037;3|8000;107214038;2|10000;107214039;1,2313001,76105;0.5,Assets/Main/TextureEx/UIActivityBg/UILWBerserkBoss/FX_wordboss_BG05.png,Assets/Main/TextureEx/UIActivityBg/UILWBerserkBoss/FX_wordboss_guaiwu06.png
13015,1,3,493;501,12,15,1600000000000,4000;107214036;4|6000;107214037;3|8000;107214038;2|10000;107214039;1,2313001,76105;0.5,Assets/Main/TextureEx/UIActivityBg/UILWBerserkBoss/FX_wordboss_BG05.png,Assets/Main/TextureEx/UIActivityBg/UILWBerserkBoss/FX_wordboss_guaiwu06.png
13016,1,3,493;501,12,16,1600000000000,4000;107214036;4|6000;107214037;3|8000;107214038;2|10000;107214039;1,2313001,76105;0.5,Assets/Main/TextureEx/UIActivityBg/UILWBerserkBoss/FX_wordboss_BG05.png,Assets/Main/TextureEx/UIActivityBg/UILWBerserkBoss/FX_wordboss_guaiwu06.png
13017,1,3,493;501,12,17,1600000000000,4000;107214036;4|6000;107214037;3|8000;107214038;2|10000;107214039;1,2313001,76105;0.5,Assets/Main/TextureEx/UIActivityBg/UILWBerserkBoss/FX_wordboss_BG05.png,Assets/Main/TextureEx/UIActivityBg/UILWBerserkBoss/FX_wordboss_guaiwu06.png
13018,1,3,493;501,12,18,1600000000000,4000;107214036;4|6000;107214037;3|8000;107214038;2|10000;107214039;1,2313001,76105;0.5,Assets/Main/TextureEx/UIActivityBg/UILWBerserkBoss/FX_wordboss_BG05.png,Assets/Main/TextureEx/UIActivityBg/UILWBerserkBoss/FX_wordboss_guaiwu06.png
13019,1,3,493;501,12,19,1600000000000,4000;107214036;4|6000;107214037;3|8000;107214038;2|10000;107214039;1,2313001,76105;0.5,Assets/Main/TextureEx/UIActivityBg/UILWBerserkBoss/FX_wordboss_BG05.png,Assets/Main/TextureEx/UIActivityBg/UILWBerserkBoss/FX_wordboss_guaiwu06.png
13020,1,3,493;501,12,20,1600000000000,4000;107214036;4|6000;107214037;3|8000;107214038;2|10000;107214039;1,2313001,76105;0.5,Assets/Main/TextureEx/UIActivityBg/UILWBerserkBoss/FX_wordboss_BG05.png,Assets/Main/TextureEx/UIActivityBg/UILWBerserkBoss/FX_wordboss_guaiwu06.png
21001,2,1,504;502,0,1,85000000000,4000;107212000;4|6000;107212001;3|8000;107212002;2|10000;107212003;1,2321001,76103;0.5,Assets/Main/TextureEx/UIActivityBg/UILWBerserkBoss/FX_wordboss_BG010.png,Assets/Main/TextureEx/UIActivityBg/UILWBerserkBoss/FX_wordboss_guaiwu07.png
21002,2,1,504;502,0,2,120000000000,4000;107212004;4|6000;107212005;3|8000;107212006;2|10000;107212007;1,2321001,76103;0.5,Assets/Main/TextureEx/UIActivityBg/UILWBerserkBoss/FX_wordboss_BG010.png,Assets/Main/TextureEx/UIActivityBg/UILWBerserkBoss/FX_wordboss_guaiwu07.png
21003,2,1,504;502,0,3,250000000000,4000;107212008;4|6000;107212009;3|8000;107212010;2|10000;107212011;1,2321001,76103;0.5,Assets/Main/TextureEx/UIActivityBg/UILWBerserkBoss/FX_wordboss_BG010.png,Assets/Main/TextureEx/UIActivityBg/UILWBerserkBoss/FX_wordboss_guaiwu07.png
21004,2,1,504;502,0,4,300000000000,4000;107212012;4|6000;107212013;3|8000;107212014;2|10000;107212015;1,2321001,76103;0.5,Assets/Main/TextureEx/UIActivityBg/UILWBerserkBoss/FX_wordboss_BG010.png,Assets/Main/TextureEx/UIActivityBg/UILWBerserkBoss/FX_wordboss_guaiwu07.png
21005,2,1,504;502,0,5,480000000000,4000;107212016;4|6000;107212017;3|8000;107212018;2|10000;107212019;1,2321001,76103;0.5,Assets/Main/TextureEx/UIActivityBg/UILWBerserkBoss/FX_wordboss_BG010.png,Assets/Main/TextureEx/UIActivityBg/UILWBerserkBoss/FX_wordboss_guaiwu07.png
21006,2,1,504;502,0,6,790000000000,4000;107212020;4|6000;107212021;3|8000;107212022;2|10000;107212023;1,2321001,76103;0.5,Assets/Main/TextureEx/UIActivityBg/UILWBerserkBoss/FX_wordboss_BG010.png,Assets/Main/TextureEx/UIActivityBg/UILWBerserkBoss/FX_wordboss_guaiwu07.png
21007,2,1,504;502,0,7,1100000000000,4000;107212024;4|6000;107212025;3|8000;107212026;2|10000;107212027;1,2321001,76103;0.5,Assets/Main/TextureEx/UIActivityBg/UILWBerserkBoss/FX_wordboss_BG010.png,Assets/Main/TextureEx/UIActivityBg/UILWBerserkBoss/FX_wordboss_guaiwu07.png
21008,2,1,504;502,0,8,2000000000000,4000;107212028;4|6000;107212029;3|8000;107212030;2|10000;107212031;1,2321001,76103;0.5,Assets/Main/TextureEx/UIActivityBg/UILWBerserkBoss/FX_wordboss_BG010.png,Assets/Main/TextureEx/UIActivityBg/UILWBerserkBoss/FX_wordboss_guaiwu07.png
21009,2,1,504;502,0,9,3500000000000,4000;107212032;4|6000;107212033;3|8000;107212034;2|10000;107212035;1,2321001,76103;0.5,Assets/Main/TextureEx/UIActivityBg/UILWBerserkBoss/FX_wordboss_BG010.png,Assets/Main/TextureEx/UIActivityBg/UILWBerserkBoss/FX_wordboss_guaiwu07.png
21010,2,1,504;502,0,10,5000000000000,4000;107212036;4|6000;107212037;3|8000;107212038;2|10000;107212039;1,2321001,76103;0.5,Assets/Main/TextureEx/UIActivityBg/UILWBerserkBoss/FX_wordboss_BG010.png,Assets/Main/TextureEx/UIActivityBg/UILWBerserkBoss/FX_wordboss_guaiwu07.png
21011,2,1,504;502,0,11,3000000000000,4000;107212036;4|6000;107212037;3|8000;107212038;2|10000;107212039;1,2321001,76103;0.5,Assets/Main/TextureEx/UIActivityBg/UILWBerserkBoss/FX_wordboss_BG010.png,Assets/Main/TextureEx/UIActivityBg/UILWBerserkBoss/FX_wordboss_guaiwu07.png
21012,2,1,504;502,0,12,3000000000000,4000;107212036;4|6000;107212037;3|8000;107212038;2|10000;107212039;1,2321001,76103;0.5,Assets/Main/TextureEx/UIActivityBg/UILWBerserkBoss/FX_wordboss_BG010.png,Assets/Main/TextureEx/UIActivityBg/UILWBerserkBoss/FX_wordboss_guaiwu07.png
21013,2,1,504;502,0,13,3000000000000,4000;107212036;4|6000;107212037;3|8000;107212038;2|10000;107212039;1,2321001,76103;0.5,Assets/Main/TextureEx/UIActivityBg/UILWBerserkBoss/FX_wordboss_BG010.png,Assets/Main/TextureEx/UIActivityBg/UILWBerserkBoss/FX_wordboss_guaiwu07.png
21014,2,1,504;502,0,14,3000000000000,4000;107212036;4|6000;107212037;3|8000;107212038;2|10000;107212039;1,2321001,76103;0.5,Assets/Main/TextureEx/UIActivityBg/UILWBerserkBoss/FX_wordboss_BG010.png,Assets/Main/TextureEx/UIActivityBg/UILWBerserkBoss/FX_wordboss_guaiwu07.png
21015,2,1,504;502,0,15,3000000000000,4000;107212036;4|6000;107212037;3|8000;107212038;2|10000;107212039;1,2321001,76103;0.5,Assets/Main/TextureEx/UIActivityBg/UILWBerserkBoss/FX_wordboss_BG010.png,Assets/Main/TextureEx/UIActivityBg/UILWBerserkBoss/FX_wordboss_guaiwu07.png
21016,2,1,504;502,0,16,3000000000000,4000;107212036;4|6000;107212037;3|8000;107212038;2|10000;107212039;1,2321001,76103;0.5,Assets/Main/TextureEx/UIActivityBg/UILWBerserkBoss/FX_wordboss_BG010.png,Assets/Main/TextureEx/UIActivityBg/UILWBerserkBoss/FX_wordboss_guaiwu07.png
21017,2,1,504;502,0,17,3000000000000,4000;107212036;4|6000;107212037;3|8000;107212038;2|10000;107212039;1,2321001,76103;0.5,Assets/Main/TextureEx/UIActivityBg/UILWBerserkBoss/FX_wordboss_BG010.png,Assets/Main/TextureEx/UIActivityBg/UILWBerserkBoss/FX_wordboss_guaiwu07.png
21018,2,1,504;502,0,18,3000000000000,4000;107212036;4|6000;107212037;3|8000;107212038;2|10000;107212039;1,2321001,76103;0.5,Assets/Main/TextureEx/UIActivityBg/UILWBerserkBoss/FX_wordboss_BG010.png,Assets/Main/TextureEx/UIActivityBg/UILWBerserkBoss/FX_wordboss_guaiwu07.png
21019,2,1,504;502,0,19,3000000000000,4000;107212036;4|6000;107212037;3|8000;107212038;2|10000;107212039;1,2321001,76103;0.5,Assets/Main/TextureEx/UIActivityBg/UILWBerserkBoss/FX_wordboss_BG010.png,Assets/Main/TextureEx/UIActivityBg/UILWBerserkBoss/FX_wordboss_guaiwu07.png
21020,2,1,504;502,0,20,3000000000000,4000;107212036;4|6000;107212037;3|8000;107212038;2|10000;107212039;1,2321001,76103;0.5,Assets/Main/TextureEx/UIActivityBg/UILWBerserkBoss/FX_wordboss_BG010.png,Assets/Main/TextureEx/UIActivityBg/UILWBerserkBoss/FX_wordboss_guaiwu07.png
22001,2,2,504;490,6,1,60000000000,4000;107213000;4|6000;107213001;3|8000;107213002;2|10000;107213003;1,2322001,76104;0.5,Assets/Main/TextureEx/UIActivityBg/UILWBerserkBoss/FX_wordboss_BG08.png,Assets/Main/TextureEx/UIActivityBg/UILWBerserkBoss/FX_wordboss_guaiwu09.png
22002,2,2,504;490,6,2,90000000000,4000;107213004;4|6000;107213005;3|8000;107213006;2|10000;107213007;1,2322001,76104;0.5,Assets/Main/TextureEx/UIActivityBg/UILWBerserkBoss/FX_wordboss_BG08.png,Assets/Main/TextureEx/UIActivityBg/UILWBerserkBoss/FX_wordboss_guaiwu09.png
22003,2,2,504;490,6,3,200000000000,4000;107213008;4|6000;107213009;3|8000;107213010;2|10000;107213011;1,2322001,76104;0.5,Assets/Main/TextureEx/UIActivityBg/UILWBerserkBoss/FX_wordboss_BG08.png,Assets/Main/TextureEx/UIActivityBg/UILWBerserkBoss/FX_wordboss_guaiwu09.png
22004,2,2,504;490,6,4,230000000000,4000;107213012;4|6000;107213013;3|8000;107213014;2|10000;107213015;1,2322001,76104;0.5,Assets/Main/TextureEx/UIActivityBg/UILWBerserkBoss/FX_wordboss_BG08.png,Assets/Main/TextureEx/UIActivityBg/UILWBerserkBoss/FX_wordboss_guaiwu09.png
22005,2,2,504;490,6,5,315000000000,4000;107213016;4|6000;107213017;3|8000;107213018;2|10000;107213019;1,2322001,76104;0.5,Assets/Main/TextureEx/UIActivityBg/UILWBerserkBoss/FX_wordboss_BG08.png,Assets/Main/TextureEx/UIActivityBg/UILWBerserkBoss/FX_wordboss_guaiwu09.png
22006,2,2,504;490,6,6,532500000000,4000;107213020;4|6000;107213021;3|8000;107213022;2|10000;107213023;1,2322001,76104;0.5,Assets/Main/TextureEx/UIActivityBg/UILWBerserkBoss/FX_wordboss_BG08.png,Assets/Main/TextureEx/UIActivityBg/UILWBerserkBoss/FX_wordboss_guaiwu09.png
22007,2,2,504;490,6,7,750000000000,4000;107213024;4|6000;107213025;3|8000;107213026;2|10000;107213027;1,2322001,76104;0.5,Assets/Main/TextureEx/UIActivityBg/UILWBerserkBoss/FX_wordboss_BG08.png,Assets/Main/TextureEx/UIActivityBg/UILWBerserkBoss/FX_wordboss_guaiwu09.png
22008,2,2,504;490,6,8,1500000000000,4000;107213028;4|6000;107213029;3|8000;107213030;2|10000;107213031;1,2322001,76104;0.5,Assets/Main/TextureEx/UIActivityBg/UILWBerserkBoss/FX_wordboss_BG08.png,Assets/Main/TextureEx/UIActivityBg/UILWBerserkBoss/FX_wordboss_guaiwu09.png
22009,2,2,504;490,6,9,3500000000000,4000;107213032;4|6000;107213033;3|8000;107213034;2|10000;107213035;1,2322001,76104;0.5,Assets/Main/TextureEx/UIActivityBg/UILWBerserkBoss/FX_wordboss_BG08.png,Assets/Main/TextureEx/UIActivityBg/UILWBerserkBoss/FX_wordboss_guaiwu09.png
22010,2,2,504;490,6,10,4750000000000,4000;107213036;4|6000;107213037;3|8000;107213038;2|10000;107213039;1,2322001,76104;0.5,Assets/Main/TextureEx/UIActivityBg/UILWBerserkBoss/FX_wordboss_BG08.png,Assets/Main/TextureEx/UIActivityBg/UILWBerserkBoss/FX_wordboss_guaiwu09.png
22011,2,2,504;490,6,11,2000000000000,4000;107213036;4|6000;107213037;3|8000;107213038;2|10000;107213039;1,2322001,76104;0.5,Assets/Main/TextureEx/UIActivityBg/UILWBerserkBoss/FX_wordboss_BG08.png,Assets/Main/TextureEx/UIActivityBg/UILWBerserkBoss/FX_wordboss_guaiwu09.png
22012,2,2,504;490,6,12,2000000000000,4000;107213036;4|6000;107213037;3|8000;107213038;2|10000;107213039;1,2322001,76104;0.5,Assets/Main/TextureEx/UIActivityBg/UILWBerserkBoss/FX_wordboss_BG08.png,Assets/Main/TextureEx/UIActivityBg/UILWBerserkBoss/FX_wordboss_guaiwu09.png
22013,2,2,504;490,6,13,2000000000000,4000;107213036;4|6000;107213037;3|8000;107213038;2|10000;107213039;1,2322001,76104;0.5,Assets/Main/TextureEx/UIActivityBg/UILWBerserkBoss/FX_wordboss_BG08.png,Assets/Main/TextureEx/UIActivityBg/UILWBerserkBoss/FX_wordboss_guaiwu09.png
22014,2,2,504;490,6,14,2000000000000,4000;107213036;4|6000;107213037;3|8000;107213038;2|10000;107213039;1,2322001,76104;0.5,Assets/Main/TextureEx/UIActivityBg/UILWBerserkBoss/FX_wordboss_BG08.png,Assets/Main/TextureEx/UIActivityBg/UILWBerserkBoss/FX_wordboss_guaiwu09.png
22015,2,2,504;490,6,15,2000000000000,4000;107213036;4|6000;107213037;3|8000;107213038;2|10000;107213039;1,2322001,76104;0.5,Assets/Main/TextureEx/UIActivityBg/UILWBerserkBoss/FX_wordboss_BG08.png,Assets/Main/TextureEx/UIActivityBg/UILWBerserkBoss/FX_wordboss_guaiwu09.png
22016,2,2,504;490,6,16,2000000000000,4000;107213036;4|6000;107213037;3|8000;107213038;2|10000;107213039;1,2322001,76104;0.5,Assets/Main/TextureEx/UIActivityBg/UILWBerserkBoss/FX_wordboss_BG08.png,Assets/Main/TextureEx/UIActivityBg/UILWBerserkBoss/FX_wordboss_guaiwu09.png
22017,2,2,504;490,6,17,2000000000000,4000;107213036;4|6000;107213037;3|8000;107213038;2|10000;107213039;1,2322001,76104;0.5,Assets/Main/TextureEx/UIActivityBg/UILWBerserkBoss/FX_wordboss_BG08.png,Assets/Main/TextureEx/UIActivityBg/UILWBerserkBoss/FX_wordboss_guaiwu09.png
22018,2,2,504;490,6,18,2000000000000,4000;107213036;4|6000;107213037;3|8000;107213038;2|10000;107213039;1,2322001,76104;0.5,Assets/Main/TextureEx/UIActivityBg/UILWBerserkBoss/FX_wordboss_BG08.png,Assets/Main/TextureEx/UIActivityBg/UILWBerserkBoss/FX_wordboss_guaiwu09.png
22019,2,2,504;490,6,19,2000000000000,4000;107213036;4|6000;107213037;3|8000;107213038;2|10000;107213039;1,2322001,76104;0.5,Assets/Main/TextureEx/UIActivityBg/UILWBerserkBoss/FX_wordboss_BG08.png,Assets/Main/TextureEx/UIActivityBg/UILWBerserkBoss/FX_wordboss_guaiwu09.png
22020,2,2,504;490,6,20,2000000000000,4000;107213036;4|6000;107213037;3|8000;107213038;2|10000;107213039;1,2322001,76104;0.5,Assets/Main/TextureEx/UIActivityBg/UILWBerserkBoss/FX_wordboss_BG08.png,Assets/Main/TextureEx/UIActivityBg/UILWBerserkBoss/FX_wordboss_guaiwu09.png
23001,2,3,493;501,12,1,50000000000,4000;107214000;4|6000;107214001;3|8000;107214002;2|10000;107214003;1,2323001,76105;0.5,Assets/Main/TextureEx/UIActivityBg/UILWBerserkBoss/FX_wordboss_BG09.png,Assets/Main/TextureEx/UIActivityBg/UILWBerserkBoss/FX_wordboss_guaiwu08.png
23002,2,3,493;501,12,2,75000000000,4000;107214004;4|6000;107214005;3|8000;107214006;2|10000;107214007;1,2323001,76105;0.5,Assets/Main/TextureEx/UIActivityBg/UILWBerserkBoss/FX_wordboss_BG09.png,Assets/Main/TextureEx/UIActivityBg/UILWBerserkBoss/FX_wordboss_guaiwu08.png
23003,2,3,493;501,12,3,150000000000,4000;107214008;4|6000;107214009;3|8000;107214010;2|10000;107214011;1,2323001,76105;0.5,Assets/Main/TextureEx/UIActivityBg/UILWBerserkBoss/FX_wordboss_BG09.png,Assets/Main/TextureEx/UIActivityBg/UILWBerserkBoss/FX_wordboss_guaiwu08.png
23004,2,3,493;501,12,4,180000000000,4000;107214012;4|6000;107214013;3|8000;107214014;2|10000;107214015;1,2323001,76105;0.5,Assets/Main/TextureEx/UIActivityBg/UILWBerserkBoss/FX_wordboss_BG09.png,Assets/Main/TextureEx/UIActivityBg/UILWBerserkBoss/FX_wordboss_guaiwu08.png
23005,2,3,493;501,12,5,270000000000,4000;107214016;4|6000;107214017;3|8000;107214018;2|10000;107214019;1,2323001,76105;0.5,Assets/Main/TextureEx/UIActivityBg/UILWBerserkBoss/FX_wordboss_BG09.png,Assets/Main/TextureEx/UIActivityBg/UILWBerserkBoss/FX_wordboss_guaiwu08.png
23006,2,3,493;501,12,6,435000000000,4000;107214020;4|6000;107214021;3|8000;107214022;2|10000;107214023;1,2323001,76105;0.5,Assets/Main/TextureEx/UIActivityBg/UILWBerserkBoss/FX_wordboss_BG09.png,Assets/Main/TextureEx/UIActivityBg/UILWBerserkBoss/FX_wordboss_guaiwu08.png
23007,2,3,493;501,12,7,600000000000,4000;107214024;4|6000;107214025;3|8000;107214026;2|10000;107214027;1,2323001,76105;0.5,Assets/Main/TextureEx/UIActivityBg/UILWBerserkBoss/FX_wordboss_BG09.png,Assets/Main/TextureEx/UIActivityBg/UILWBerserkBoss/FX_wordboss_guaiwu08.png
23008,2,3,493;501,12,8,1000000000000,4000;107214028;4|6000;107214029;3|8000;107214030;2|10000;107214031;1,2323001,76105;0.5,Assets/Main/TextureEx/UIActivityBg/UILWBerserkBoss/FX_wordboss_BG09.png,Assets/Main/TextureEx/UIActivityBg/UILWBerserkBoss/FX_wordboss_guaiwu08.png
23009,2,3,493;501,12,9,3325000000000,4000;107214032;4|6000;107214033;3|8000;107214034;2|10000;107214035;1,2323001,76105;0.5,Assets/Main/TextureEx/UIActivityBg/UILWBerserkBoss/FX_wordboss_BG09.png,Assets/Main/TextureEx/UIActivityBg/UILWBerserkBoss/FX_wordboss_guaiwu08.png
23010,2,3,493;501,12,10,4500000000000,4000;107214036;4|6000;107214037;3|8000;107214038;2|10000;107214039;1,2323001,76105;0.5,Assets/Main/TextureEx/UIActivityBg/UILWBerserkBoss/FX_wordboss_BG09.png,Assets/Main/TextureEx/UIActivityBg/UILWBerserkBoss/FX_wordboss_guaiwu08.png
23011,2,3,493;501,12,11,1600000000000,4000;107214036;4|6000;107214037;3|8000;107214038;2|10000;107214039;1,2323001,76105;0.5,Assets/Main/TextureEx/UIActivityBg/UILWBerserkBoss/FX_wordboss_BG09.png,Assets/Main/TextureEx/UIActivityBg/UILWBerserkBoss/FX_wordboss_guaiwu08.png
23012,2,3,493;501,12,12,1600000000000,4000;107214036;4|6000;107214037;3|8000;107214038;2|10000;107214039;1,2323001,76105;0.5,Assets/Main/TextureEx/UIActivityBg/UILWBerserkBoss/FX_wordboss_BG09.png,Assets/Main/TextureEx/UIActivityBg/UILWBerserkBoss/FX_wordboss_guaiwu08.png
23013,2,3,493;501,12,13,1600000000000,4000;107214036;4|6000;107214037;3|8000;107214038;2|10000;107214039;1,2323001,76105;0.5,Assets/Main/TextureEx/UIActivityBg/UILWBerserkBoss/FX_wordboss_BG09.png,Assets/Main/TextureEx/UIActivityBg/UILWBerserkBoss/FX_wordboss_guaiwu08.png
23014,2,3,493;501,12,14,1600000000000,4000;107214036;4|6000;107214037;3|8000;107214038;2|10000;107214039;1,2323001,76105;0.5,Assets/Main/TextureEx/UIActivityBg/UILWBerserkBoss/FX_wordboss_BG09.png,Assets/Main/TextureEx/UIActivityBg/UILWBerserkBoss/FX_wordboss_guaiwu08.png
23015,2,3,493;501,12,15,1600000000000,4000;107214036;4|6000;107214037;3|8000;107214038;2|10000;107214039;1,2323001,76105;0.5,Assets/Main/TextureEx/UIActivityBg/UILWBerserkBoss/FX_wordboss_BG09.png,Assets/Main/TextureEx/UIActivityBg/UILWBerserkBoss/FX_wordboss_guaiwu08.png
23016,2,3,493;501,12,16,1600000000000,4000;107214036;4|6000;107214037;3|8000;107214038;2|10000;107214039;1,2323001,76105;0.5,Assets/Main/TextureEx/UIActivityBg/UILWBerserkBoss/FX_wordboss_BG09.png,Assets/Main/TextureEx/UIActivityBg/UILWBerserkBoss/FX_wordboss_guaiwu08.png
23017,2,3,493;501,12,17,1600000000000,4000;107214036;4|6000;107214037;3|8000;107214038;2|10000;107214039;1,2323001,76105;0.5,Assets/Main/TextureEx/UIActivityBg/UILWBerserkBoss/FX_wordboss_BG09.png,Assets/Main/TextureEx/UIActivityBg/UILWBerserkBoss/FX_wordboss_guaiwu08.png
23018,2,3,493;501,12,18,1600000000000,4000;107214036;4|6000;107214037;3|8000;107214038;2|10000;107214039;1,2323001,76105;0.5,Assets/Main/TextureEx/UIActivityBg/UILWBerserkBoss/FX_wordboss_BG09.png,Assets/Main/TextureEx/UIActivityBg/UILWBerserkBoss/FX_wordboss_guaiwu08.png
23019,2,3,493;501,12,19,1600000000000,4000;107214036;4|6000;107214037;3|8000;107214038;2|10000;107214039;1,2323001,76105;0.5,Assets/Main/TextureEx/UIActivityBg/UILWBerserkBoss/FX_wordboss_BG09.png,Assets/Main/TextureEx/UIActivityBg/UILWBerserkBoss/FX_wordboss_guaiwu08.png
23020,2,3,493;501,12,20,1600000000000,4000;107214036;4|6000;107214037;3|8000;107214038;2|10000;107214039;1,2323001,76105;0.5,Assets/Main/TextureEx/UIActivityBg/UILWBerserkBoss/FX_wordboss_BG09.png,Assets/Main/TextureEx/UIActivityBg/UILWBerserkBoss/FX_wordboss_guaiwu08.png
31001,3,1,504;502,0,1,85000000000,4000;107212000;4|6000;107212001;3|8000;107212002;2|10000;107212003;1,2331001,76103;0.5,Assets/Main/TextureEx/UIActivityBg/UILWBerserkBoss/FX_wordboss_BG011.png,Assets/Main/TextureEx/UIActivityBg/UILWBerserkBoss/FX_wordboss_guaiwu11.png
31002,3,1,504;502,0,2,120000000000,4000;107212004;4|6000;107212005;3|8000;107212006;2|10000;107212007;1,2331001,76103;0.5,Assets/Main/TextureEx/UIActivityBg/UILWBerserkBoss/FX_wordboss_BG011.png,Assets/Main/TextureEx/UIActivityBg/UILWBerserkBoss/FX_wordboss_guaiwu11.png
31003,3,1,504;502,0,3,250000000000,4000;107212008;4|6000;107212009;3|8000;107212010;2|10000;107212011;1,2331001,76103;0.5,Assets/Main/TextureEx/UIActivityBg/UILWBerserkBoss/FX_wordboss_BG011.png,Assets/Main/TextureEx/UIActivityBg/UILWBerserkBoss/FX_wordboss_guaiwu11.png
31004,3,1,504;502,0,4,300000000000,4000;107212012;4|6000;107212013;3|8000;107212014;2|10000;107212015;1,2331001,76103;0.5,Assets/Main/TextureEx/UIActivityBg/UILWBerserkBoss/FX_wordboss_BG011.png,Assets/Main/TextureEx/UIActivityBg/UILWBerserkBoss/FX_wordboss_guaiwu11.png
31005,3,1,504;502,0,5,480000000000,4000;107212016;4|6000;107212017;3|8000;107212018;2|10000;107212019;1,2331001,76103;0.5,Assets/Main/TextureEx/UIActivityBg/UILWBerserkBoss/FX_wordboss_BG011.png,Assets/Main/TextureEx/UIActivityBg/UILWBerserkBoss/FX_wordboss_guaiwu11.png
31006,3,1,504;502,0,6,790000000000,4000;107212020;4|6000;107212021;3|8000;107212022;2|10000;107212023;1,2331001,76103;0.5,Assets/Main/TextureEx/UIActivityBg/UILWBerserkBoss/FX_wordboss_BG011.png,Assets/Main/TextureEx/UIActivityBg/UILWBerserkBoss/FX_wordboss_guaiwu11.png
31007,3,1,504;502,0,7,1100000000000,4000;107212024;4|6000;107212025;3|8000;107212026;2|10000;107212027;1,2331001,76103;0.5,Assets/Main/TextureEx/UIActivityBg/UILWBerserkBoss/FX_wordboss_BG011.png,Assets/Main/TextureEx/UIActivityBg/UILWBerserkBoss/FX_wordboss_guaiwu11.png
31008,3,1,504;502,0,8,2000000000000,4000;107212028;4|6000;107212029;3|8000;107212030;2|10000;107212031;1,2331001,76103;0.5,Assets/Main/TextureEx/UIActivityBg/UILWBerserkBoss/FX_wordboss_BG011.png,Assets/Main/TextureEx/UIActivityBg/UILWBerserkBoss/FX_wordboss_guaiwu11.png
31009,3,1,504;502,0,9,3500000000000,4000;107212032;4|6000;107212033;3|8000;107212034;2|10000;107212035;1,2331001,76103;0.5,Assets/Main/TextureEx/UIActivityBg/UILWBerserkBoss/FX_wordboss_BG011.png,Assets/Main/TextureEx/UIActivityBg/UILWBerserkBoss/FX_wordboss_guaiwu11.png
31010,3,1,504;502,0,10,5000000000000,4000;107212036;4|6000;107212037;3|8000;107212038;2|10000;107212039;1,2331001,76103;0.5,Assets/Main/TextureEx/UIActivityBg/UILWBerserkBoss/FX_wordboss_BG011.png,Assets/Main/TextureEx/UIActivityBg/UILWBerserkBoss/FX_wordboss_guaiwu11.png
31011,3,1,504;502,0,11,3000000000000,4000;107212036;4|6000;107212037;3|8000;107212038;2|10000;107212039;1,2331001,76103;0.5,Assets/Main/TextureEx/UIActivityBg/UILWBerserkBoss/FX_wordboss_BG011.png,Assets/Main/TextureEx/UIActivityBg/UILWBerserkBoss/FX_wordboss_guaiwu11.png
31012,3,1,504;502,0,12,3000000000000,4000;107212036;4|6000;107212037;3|8000;107212038;2|10000;107212039;1,2331001,76103;0.5,Assets/Main/TextureEx/UIActivityBg/UILWBerserkBoss/FX_wordboss_BG011.png,Assets/Main/TextureEx/UIActivityBg/UILWBerserkBoss/FX_wordboss_guaiwu11.png
31013,3,1,504;502,0,13,3000000000000,4000;107212036;4|6000;107212037;3|8000;107212038;2|10000;107212039;1,2331001,76103;0.5,Assets/Main/TextureEx/UIActivityBg/UILWBerserkBoss/FX_wordboss_BG011.png,Assets/Main/TextureEx/UIActivityBg/UILWBerserkBoss/FX_wordboss_guaiwu11.png
31014,3,1,504;502,0,14,3000000000000,4000;107212036;4|6000;107212037;3|8000;107212038;2|10000;107212039;1,2331001,76103;0.5,Assets/Main/TextureEx/UIActivityBg/UILWBerserkBoss/FX_wordboss_BG011.png,Assets/Main/TextureEx/UIActivityBg/UILWBerserkBoss/FX_wordboss_guaiwu11.png
31015,3,1,504;502,0,15,3000000000000,4000;107212036;4|6000;107212037;3|8000;107212038;2|10000;107212039;1,2331001,76103;0.5,Assets/Main/TextureEx/UIActivityBg/UILWBerserkBoss/FX_wordboss_BG011.png,Assets/Main/TextureEx/UIActivityBg/UILWBerserkBoss/FX_wordboss_guaiwu11.png
31016,3,1,504;502,0,16,3000000000000,4000;107212036;4|6000;107212037;3|8000;107212038;2|10000;107212039;1,2331001,76103;0.5,Assets/Main/TextureEx/UIActivityBg/UILWBerserkBoss/FX_wordboss_BG011.png,Assets/Main/TextureEx/UIActivityBg/UILWBerserkBoss/FX_wordboss_guaiwu11.png
31017,3,1,504;502,0,17,3000000000000,4000;107212036;4|6000;107212037;3|8000;107212038;2|10000;107212039;1,2331001,76103;0.5,Assets/Main/TextureEx/UIActivityBg/UILWBerserkBoss/FX_wordboss_BG011.png,Assets/Main/TextureEx/UIActivityBg/UILWBerserkBoss/FX_wordboss_guaiwu11.png
31018,3,1,504;502,0,18,3000000000000,4000;107212036;4|6000;107212037;3|8000;107212038;2|10000;107212039;1,2331001,76103;0.5,Assets/Main/TextureEx/UIActivityBg/UILWBerserkBoss/FX_wordboss_BG011.png,Assets/Main/TextureEx/UIActivityBg/UILWBerserkBoss/FX_wordboss_guaiwu11.png
31019,3,1,504;502,0,19,3000000000000,4000;107212036;4|6000;107212037;3|8000;107212038;2|10000;107212039;1,2331001,76103;0.5,Assets/Main/TextureEx/UIActivityBg/UILWBerserkBoss/FX_wordboss_BG011.png,Assets/Main/TextureEx/UIActivityBg/UILWBerserkBoss/FX_wordboss_guaiwu11.png
31020,3,1,504;502,0,20,3000000000000,4000;107212036;4|6000;107212037;3|8000;107212038;2|10000;107212039;1,2331001,76103;0.5,Assets/Main/TextureEx/UIActivityBg/UILWBerserkBoss/FX_wordboss_BG011.png,Assets/Main/TextureEx/UIActivityBg/UILWBerserkBoss/FX_wordboss_guaiwu11.png
32001,3,2,504;490,6,1,60000000000,4000;107213000;4|6000;107213001;3|8000;107213002;2|10000;107213003;1,2332001,76104;0.5,Assets/Main/TextureEx/UIActivityBg/UILWBerserkBoss/FX_wordboss_BG012.png,Assets/Main/TextureEx/UIActivityBg/UILWBerserkBoss/FX_wordboss_guaiwu12.png
32002,3,2,504;490,6,2,90000000000,4000;107213004;4|6000;107213005;3|8000;107213006;2|10000;107213007;1,2332001,76104;0.5,Assets/Main/TextureEx/UIActivityBg/UILWBerserkBoss/FX_wordboss_BG012.png,Assets/Main/TextureEx/UIActivityBg/UILWBerserkBoss/FX_wordboss_guaiwu12.png
32003,3,2,504;490,6,3,200000000000,4000;107213008;4|6000;107213009;3|8000;107213010;2|10000;107213011;1,2332001,76104;0.5,Assets/Main/TextureEx/UIActivityBg/UILWBerserkBoss/FX_wordboss_BG012.png,Assets/Main/TextureEx/UIActivityBg/UILWBerserkBoss/FX_wordboss_guaiwu12.png
32004,3,2,504;490,6,4,230000000000,4000;107213012;4|6000;107213013;3|8000;107213014;2|10000;107213015;1,2332001,76104;0.5,Assets/Main/TextureEx/UIActivityBg/UILWBerserkBoss/FX_wordboss_BG012.png,Assets/Main/TextureEx/UIActivityBg/UILWBerserkBoss/FX_wordboss_guaiwu12.png
32005,3,2,504;490,6,5,315000000000,4000;107213016;4|6000;107213017;3|8000;107213018;2|10000;107213019;1,2332001,76104;0.5,Assets/Main/TextureEx/UIActivityBg/UILWBerserkBoss/FX_wordboss_BG012.png,Assets/Main/TextureEx/UIActivityBg/UILWBerserkBoss/FX_wordboss_guaiwu12.png
32006,3,2,504;490,6,6,532500000000,4000;107213020;4|6000;107213021;3|8000;107213022;2|10000;107213023;1,2332001,76104;0.5,Assets/Main/TextureEx/UIActivityBg/UILWBerserkBoss/FX_wordboss_BG012.png,Assets/Main/TextureEx/UIActivityBg/UILWBerserkBoss/FX_wordboss_guaiwu12.png
32007,3,2,504;490,6,7,750000000000,4000;107213024;4|6000;107213025;3|8000;107213026;2|10000;107213027;1,2332001,76104;0.5,Assets/Main/TextureEx/UIActivityBg/UILWBerserkBoss/FX_wordboss_BG012.png,Assets/Main/TextureEx/UIActivityBg/UILWBerserkBoss/FX_wordboss_guaiwu12.png
32008,3,2,504;490,6,8,1500000000000,4000;107213028;4|6000;107213029;3|8000;107213030;2|10000;107213031;1,2332001,76104;0.5,Assets/Main/TextureEx/UIActivityBg/UILWBerserkBoss/FX_wordboss_BG012.png,Assets/Main/TextureEx/UIActivityBg/UILWBerserkBoss/FX_wordboss_guaiwu12.png
32009,3,2,504;490,6,9,3500000000000,4000;107213032;4|6000;107213033;3|8000;107213034;2|10000;107213035;1,2332001,76104;0.5,Assets/Main/TextureEx/UIActivityBg/UILWBerserkBoss/FX_wordboss_BG012.png,Assets/Main/TextureEx/UIActivityBg/UILWBerserkBoss/FX_wordboss_guaiwu12.png
32010,3,2,504;490,6,10,4750000000000,4000;107213036;4|6000;107213037;3|8000;107213038;2|10000;107213039;1,2332001,76104;0.5,Assets/Main/TextureEx/UIActivityBg/UILWBerserkBoss/FX_wordboss_BG012.png,Assets/Main/TextureEx/UIActivityBg/UILWBerserkBoss/FX_wordboss_guaiwu12.png
32011,3,2,504;490,6,11,2000000000000,4000;107213036;4|6000;107213037;3|8000;107213038;2|10000;107213039;1,2332001,76104;0.5,Assets/Main/TextureEx/UIActivityBg/UILWBerserkBoss/FX_wordboss_BG012.png,Assets/Main/TextureEx/UIActivityBg/UILWBerserkBoss/FX_wordboss_guaiwu12.png
32012,3,2,504;490,6,12,2000000000000,4000;107213036;4|6000;107213037;3|8000;107213038;2|10000;107213039;1,2332001,76104;0.5,Assets/Main/TextureEx/UIActivityBg/UILWBerserkBoss/FX_wordboss_BG012.png,Assets/Main/TextureEx/UIActivityBg/UILWBerserkBoss/FX_wordboss_guaiwu12.png
32013,3,2,504;490,6,13,2000000000000,4000;107213036;4|6000;107213037;3|8000;107213038;2|10000;107213039;1,2332001,76104;0.5,Assets/Main/TextureEx/UIActivityBg/UILWBerserkBoss/FX_wordboss_BG012.png,Assets/Main/TextureEx/UIActivityBg/UILWBerserkBoss/FX_wordboss_guaiwu12.png
32014,3,2,504;490,6,14,2000000000000,4000;107213036;4|6000;107213037;3|8000;107213038;2|10000;107213039;1,2332001,76104;0.5,Assets/Main/TextureEx/UIActivityBg/UILWBerserkBoss/FX_wordboss_BG012.png,Assets/Main/TextureEx/UIActivityBg/UILWBerserkBoss/FX_wordboss_guaiwu12.png
32015,3,2,504;490,6,15,2000000000000,4000;107213036;4|6000;107213037;3|8000;107213038;2|10000;107213039;1,2332001,76104;0.5,Assets/Main/TextureEx/UIActivityBg/UILWBerserkBoss/FX_wordboss_BG012.png,Assets/Main/TextureEx/UIActivityBg/UILWBerserkBoss/FX_wordboss_guaiwu12.png
32016,3,2,504;490,6,16,2000000000000,4000;107213036;4|6000;107213037;3|8000;107213038;2|10000;107213039;1,2332001,76104;0.5,Assets/Main/TextureEx/UIActivityBg/UILWBerserkBoss/FX_wordboss_BG012.png,Assets/Main/TextureEx/UIActivityBg/UILWBerserkBoss/FX_wordboss_guaiwu12.png
32017,3,2,504;490,6,17,2000000000000,4000;107213036;4|6000;107213037;3|8000;107213038;2|10000;107213039;1,2332001,76104;0.5,Assets/Main/TextureEx/UIActivityBg/UILWBerserkBoss/FX_wordboss_BG012.png,Assets/Main/TextureEx/UIActivityBg/UILWBerserkBoss/FX_wordboss_guaiwu12.png
32018,3,2,504;490,6,18,2000000000000,4000;107213036;4|6000;107213037;3|8000;107213038;2|10000;107213039;1,2332001,76104;0.5,Assets/Main/TextureEx/UIActivityBg/UILWBerserkBoss/FX_wordboss_BG012.png,Assets/Main/TextureEx/UIActivityBg/UILWBerserkBoss/FX_wordboss_guaiwu12.png
32019,3,2,504;490,6,19,2000000000000,4000;107213036;4|6000;107213037;3|8000;107213038;2|10000;107213039;1,2332001,76104;0.5,Assets/Main/TextureEx/UIActivityBg/UILWBerserkBoss/FX_wordboss_BG012.png,Assets/Main/TextureEx/UIActivityBg/UILWBerserkBoss/FX_wordboss_guaiwu12.png
32020,3,2,504;490,6,20,2000000000000,4000;107213036;4|6000;107213037;3|8000;107213038;2|10000;107213039;1,2332001,76104;0.5,Assets/Main/TextureEx/UIActivityBg/UILWBerserkBoss/FX_wordboss_BG012.png,Assets/Main/TextureEx/UIActivityBg/UILWBerserkBoss/FX_wordboss_guaiwu12.png
33001,3,3,493;501,12,1,50000000000,4000;107214000;4|6000;107214001;3|8000;107214002;2|10000;107214003;1,2333001,76105;0.5,Assets/Main/TextureEx/UIActivityBg/UILWBerserkBoss/FX_wordboss_BG013.png,Assets/Main/TextureEx/UIActivityBg/UILWBerserkBoss/FX_wordboss_guaiwu13.png
33002,3,3,493;501,12,2,75000000000,4000;107214004;4|6000;107214005;3|8000;107214006;2|10000;107214007;1,2333001,76105;0.5,Assets/Main/TextureEx/UIActivityBg/UILWBerserkBoss/FX_wordboss_BG013.png,Assets/Main/TextureEx/UIActivityBg/UILWBerserkBoss/FX_wordboss_guaiwu13.png
33003,3,3,493;501,12,3,150000000000,4000;107214008;4|6000;107214009;3|8000;107214010;2|10000;107214011;1,2333001,76105;0.5,Assets/Main/TextureEx/UIActivityBg/UILWBerserkBoss/FX_wordboss_BG013.png,Assets/Main/TextureEx/UIActivityBg/UILWBerserkBoss/FX_wordboss_guaiwu13.png
33004,3,3,493;501,12,4,180000000000,4000;107214012;4|6000;107214013;3|8000;107214014;2|10000;107214015;1,2333001,76105;0.5,Assets/Main/TextureEx/UIActivityBg/UILWBerserkBoss/FX_wordboss_BG013.png,Assets/Main/TextureEx/UIActivityBg/UILWBerserkBoss/FX_wordboss_guaiwu13.png
33005,3,3,493;501,12,5,270000000000,4000;107214016;4|6000;107214017;3|8000;107214018;2|10000;107214019;1,2333001,76105;0.5,Assets/Main/TextureEx/UIActivityBg/UILWBerserkBoss/FX_wordboss_BG013.png,Assets/Main/TextureEx/UIActivityBg/UILWBerserkBoss/FX_wordboss_guaiwu13.png
33006,3,3,493;501,12,6,435000000000,4000;107214020;4|6000;107214021;3|8000;107214022;2|10000;107214023;1,2333001,76105;0.5,Assets/Main/TextureEx/UIActivityBg/UILWBerserkBoss/FX_wordboss_BG013.png,Assets/Main/TextureEx/UIActivityBg/UILWBerserkBoss/FX_wordboss_guaiwu13.png
33007,3,3,493;501,12,7,600000000000,4000;107214024;4|6000;107214025;3|8000;107214026;2|10000;107214027;1,2333001,76105;0.5,Assets/Main/TextureEx/UIActivityBg/UILWBerserkBoss/FX_wordboss_BG013.png,Assets/Main/TextureEx/UIActivityBg/UILWBerserkBoss/FX_wordboss_guaiwu13.png
33008,3,3,493;501,12,8,1000000000000,4000;107214028;4|6000;107214029;3|8000;107214030;2|10000;107214031;1,2333001,76105;0.5,Assets/Main/TextureEx/UIActivityBg/UILWBerserkBoss/FX_wordboss_BG013.png,Assets/Main/TextureEx/UIActivityBg/UILWBerserkBoss/FX_wordboss_guaiwu13.png
33009,3,3,493;501,12,9,3325000000000,4000;107214032;4|6000;107214033;3|8000;107214034;2|10000;107214035;1,2333001,76105;0.5,Assets/Main/TextureEx/UIActivityBg/UILWBerserkBoss/FX_wordboss_BG013.png,Assets/Main/TextureEx/UIActivityBg/UILWBerserkBoss/FX_wordboss_guaiwu13.png
33010,3,3,493;501,12,10,4500000000000,4000;107214036;4|6000;107214037;3|8000;107214038;2|10000;107214039;1,2333001,76105;0.5,Assets/Main/TextureEx/UIActivityBg/UILWBerserkBoss/FX_wordboss_BG013.png,Assets/Main/TextureEx/UIActivityBg/UILWBerserkBoss/FX_wordboss_guaiwu13.png
33011,3,3,493;501,12,11,1600000000000,4000;107214036;4|6000;107214037;3|8000;107214038;2|10000;107214039;1,2333001,76105;0.5,Assets/Main/TextureEx/UIActivityBg/UILWBerserkBoss/FX_wordboss_BG013.png,Assets/Main/TextureEx/UIActivityBg/UILWBerserkBoss/FX_wordboss_guaiwu13.png
33012,3,3,493;501,12,12,1600000000000,4000;107214036;4|6000;107214037;3|8000;107214038;2|10000;107214039;1,2333001,76105;0.5,Assets/Main/TextureEx/UIActivityBg/UILWBerserkBoss/FX_wordboss_BG013.png,Assets/Main/TextureEx/UIActivityBg/UILWBerserkBoss/FX_wordboss_guaiwu13.png
33013,3,3,493;501,12,13,1600000000000,4000;107214036;4|6000;107214037;3|8000;107214038;2|10000;107214039;1,2333001,76105;0.5,Assets/Main/TextureEx/UIActivityBg/UILWBerserkBoss/FX_wordboss_BG013.png,Assets/Main/TextureEx/UIActivityBg/UILWBerserkBoss/FX_wordboss_guaiwu13.png
33014,3,3,493;501,12,14,1600000000000,4000;107214036;4|6000;107214037;3|8000;107214038;2|10000;107214039;1,2333001,76105;0.5,Assets/Main/TextureEx/UIActivityBg/UILWBerserkBoss/FX_wordboss_BG013.png,Assets/Main/TextureEx/UIActivityBg/UILWBerserkBoss/FX_wordboss_guaiwu13.png
33015,3,3,493;501,12,15,1600000000000,4000;107214036;4|6000;107214037;3|8000;107214038;2|10000;107214039;1,2333001,76105;0.5,Assets/Main/TextureEx/UIActivityBg/UILWBerserkBoss/FX_wordboss_BG013.png,Assets/Main/TextureEx/UIActivityBg/UILWBerserkBoss/FX_wordboss_guaiwu13.png
33016,3,3,493;501,12,16,1600000000000,4000;107214036;4|6000;107214037;3|8000;107214038;2|10000;107214039;1,2333001,76105;0.5,Assets/Main/TextureEx/UIActivityBg/UILWBerserkBoss/FX_wordboss_BG013.png,Assets/Main/TextureEx/UIActivityBg/UILWBerserkBoss/FX_wordboss_guaiwu13.png
33017,3,3,493;501,12,17,1600000000000,4000;107214036;4|6000;107214037;3|8000;107214038;2|10000;107214039;1,2333001,76105;0.5,Assets/Main/TextureEx/UIActivityBg/UILWBerserkBoss/FX_wordboss_BG013.png,Assets/Main/TextureEx/UIActivityBg/UILWBerserkBoss/FX_wordboss_guaiwu13.png
33018,3,3,493;501,12,18,1600000000000,4000;107214036;4|6000;107214037;3|8000;107214038;2|10000;107214039;1,2333001,76105;0.5,Assets/Main/TextureEx/UIActivityBg/UILWBerserkBoss/FX_wordboss_BG013.png,Assets/Main/TextureEx/UIActivityBg/UILWBerserkBoss/FX_wordboss_guaiwu13.png
33019,3,3,493;501,12,19,1600000000000,4000;107214036;4|6000;107214037;3|8000;107214038;2|10000;107214039;1,2333001,76105;0.5,Assets/Main/TextureEx/UIActivityBg/UILWBerserkBoss/FX_wordboss_BG013.png,Assets/Main/TextureEx/UIActivityBg/UILWBerserkBoss/FX_wordboss_guaiwu13.png
33020,3,3,493;501,12,20,1600000000000,4000;107214036;4|6000;107214037;3|8000;107214038;2|10000;107214039;1,2333001,76105;0.5,Assets/Main/TextureEx/UIActivityBg/UILWBerserkBoss/FX_wordboss_BG013.png,Assets/Main/TextureEx/UIActivityBg/UILWBerserkBoss/FX_wordboss_guaiwu13.png
41001,4,1,504;502,0,1,85000000000,4000;107212000;4|6000;107212001;3|8000;107212002;2|10000;107212003;1,2341001,76103;0.5,Assets/Main/SeasonRes/S4/Textures/Activity/BerserkBoss/FX_wordboss_BG014.png,Assets/Main/SeasonRes/S4/Textures/Activity/BerserkBoss/FX_wordboss_guaiwu14.png
41002,4,1,504;502,0,2,120000000000,4000;107212004;4|6000;107212005;3|8000;107212006;2|10000;107212007;1,2341001,76103;0.5,Assets/Main/SeasonRes/S4/Textures/Activity/BerserkBoss/FX_wordboss_BG014.png,Assets/Main/SeasonRes/S4/Textures/Activity/BerserkBoss/FX_wordboss_guaiwu14.png
41003,4,1,504;502,0,3,250000000000,4000;107212008;4|6000;107212009;3|8000;107212010;2|10000;107212011;1,2341001,76103;0.5,Assets/Main/SeasonRes/S4/Textures/Activity/BerserkBoss/FX_wordboss_BG014.png,Assets/Main/SeasonRes/S4/Textures/Activity/BerserkBoss/FX_wordboss_guaiwu14.png
41004,4,1,504;502,0,4,300000000000,4000;107212012;4|6000;107212013;3|8000;107212014;2|10000;107212015;1,2341001,76103;0.5,Assets/Main/SeasonRes/S4/Textures/Activity/BerserkBoss/FX_wordboss_BG014.png,Assets/Main/SeasonRes/S4/Textures/Activity/BerserkBoss/FX_wordboss_guaiwu14.png
41005,4,1,504;502,0,5,480000000000,4000;107212016;4|6000;107212017;3|8000;107212018;2|10000;107212019;1,2341001,76103;0.5,Assets/Main/SeasonRes/S4/Textures/Activity/BerserkBoss/FX_wordboss_BG014.png,Assets/Main/SeasonRes/S4/Textures/Activity/BerserkBoss/FX_wordboss_guaiwu14.png
41006,4,1,504;502,0,6,790000000000,4000;107212020;4|6000;107212021;3|8000;107212022;2|10000;107212023;1,2341001,76103;0.5,Assets/Main/SeasonRes/S4/Textures/Activity/BerserkBoss/FX_wordboss_BG014.png,Assets/Main/SeasonRes/S4/Textures/Activity/BerserkBoss/FX_wordboss_guaiwu14.png
41007,4,1,504;502,0,7,1100000000000,4000;107212024;4|6000;107212025;3|8000;107212026;2|10000;107212027;1,2341001,76103;0.5,Assets/Main/SeasonRes/S4/Textures/Activity/BerserkBoss/FX_wordboss_BG014.png,Assets/Main/SeasonRes/S4/Textures/Activity/BerserkBoss/FX_wordboss_guaiwu14.png
41008,4,1,504;502,0,8,2000000000000,4000;107212028;4|6000;107212029;3|8000;107212030;2|10000;107212031;1,2341001,76103;0.5,Assets/Main/SeasonRes/S4/Textures/Activity/BerserkBoss/FX_wordboss_BG014.png,Assets/Main/SeasonRes/S4/Textures/Activity/BerserkBoss/FX_wordboss_guaiwu14.png
41009,4,1,504;502,0,9,3500000000000,4000;107212032;4|6000;107212033;3|8000;107212034;2|10000;107212035;1,2341001,76103;0.5,Assets/Main/SeasonRes/S4/Textures/Activity/BerserkBoss/FX_wordboss_BG014.png,Assets/Main/SeasonRes/S4/Textures/Activity/BerserkBoss/FX_wordboss_guaiwu14.png
41010,4,1,504;502,0,10,5000000000000,4000;107212036;4|6000;107212037;3|8000;107212038;2|10000;107212039;1,2341001,76103;0.5,Assets/Main/SeasonRes/S4/Textures/Activity/BerserkBoss/FX_wordboss_BG014.png,Assets/Main/SeasonRes/S4/Textures/Activity/BerserkBoss/FX_wordboss_guaiwu14.png
41011,4,1,504;502,0,11,3000000000000,4000;107212036;4|6000;107212037;3|8000;107212038;2|10000;107212039;1,2341001,76103;0.5,Assets/Main/SeasonRes/S4/Textures/Activity/BerserkBoss/FX_wordboss_BG014.png,Assets/Main/SeasonRes/S4/Textures/Activity/BerserkBoss/FX_wordboss_guaiwu14.png
41012,4,1,504;502,0,12,3000000000000,4000;107212036;4|6000;107212037;3|8000;107212038;2|10000;107212039;1,2341001,76103;0.5,Assets/Main/SeasonRes/S4/Textures/Activity/BerserkBoss/FX_wordboss_BG014.png,Assets/Main/SeasonRes/S4/Textures/Activity/BerserkBoss/FX_wordboss_guaiwu14.png
41013,4,1,504;502,0,13,3000000000000,4000;107212036;4|6000;107212037;3|8000;107212038;2|10000;107212039;1,2341001,76103;0.5,Assets/Main/SeasonRes/S4/Textures/Activity/BerserkBoss/FX_wordboss_BG014.png,Assets/Main/SeasonRes/S4/Textures/Activity/BerserkBoss/FX_wordboss_guaiwu14.png
41014,4,1,504;502,0,14,3000000000000,4000;107212036;4|6000;107212037;3|8000;107212038;2|10000;107212039;1,2341001,76103;0.5,Assets/Main/SeasonRes/S4/Textures/Activity/BerserkBoss/FX_wordboss_BG014.png,Assets/Main/SeasonRes/S4/Textures/Activity/BerserkBoss/FX_wordboss_guaiwu14.png
41015,4,1,504;502,0,15,3000000000000,4000;107212036;4|6000;107212037;3|8000;107212038;2|10000;107212039;1,2341001,76103;0.5,Assets/Main/SeasonRes/S4/Textures/Activity/BerserkBoss/FX_wordboss_BG014.png,Assets/Main/SeasonRes/S4/Textures/Activity/BerserkBoss/FX_wordboss_guaiwu14.png
41016,4,1,504;502,0,16,3000000000000,4000;107212036;4|6000;107212037;3|8000;107212038;2|10000;107212039;1,2341001,76103;0.5,Assets/Main/SeasonRes/S4/Textures/Activity/BerserkBoss/FX_wordboss_BG014.png,Assets/Main/SeasonRes/S4/Textures/Activity/BerserkBoss/FX_wordboss_guaiwu14.png
41017,4,1,504;502,0,17,3000000000000,4000;107212036;4|6000;107212037;3|8000;107212038;2|10000;107212039;1,2341001,76103;0.5,Assets/Main/SeasonRes/S4/Textures/Activity/BerserkBoss/FX_wordboss_BG014.png,Assets/Main/SeasonRes/S4/Textures/Activity/BerserkBoss/FX_wordboss_guaiwu14.png
41018,4,1,504;502,0,18,3000000000000,4000;107212036;4|6000;107212037;3|8000;107212038;2|10000;107212039;1,2341001,76103;0.5,Assets/Main/SeasonRes/S4/Textures/Activity/BerserkBoss/FX_wordboss_BG014.png,Assets/Main/SeasonRes/S4/Textures/Activity/BerserkBoss/FX_wordboss_guaiwu14.png
41019,4,1,504;502,0,19,3000000000000,4000;107212036;4|6000;107212037;3|8000;107212038;2|10000;107212039;1,2341001,76103;0.5,Assets/Main/SeasonRes/S4/Textures/Activity/BerserkBoss/FX_wordboss_BG014.png,Assets/Main/SeasonRes/S4/Textures/Activity/BerserkBoss/FX_wordboss_guaiwu14.png
41020,4,1,504;502,0,20,3000000000000,4000;107212036;4|6000;107212037;3|8000;107212038;2|10000;107212039;1,2341001,76103;0.5,Assets/Main/SeasonRes/S4/Textures/Activity/BerserkBoss/FX_wordboss_BG014.png,Assets/Main/SeasonRes/S4/Textures/Activity/BerserkBoss/FX_wordboss_guaiwu14.png
42001,4,2,504;490,6,1,60000000000,4000;107213000;4|6000;107213001;3|8000;107213002;2|10000;107213003;1,2342001,76104;0.5,Assets/Main/SeasonRes/S4/Textures/Activity/BerserkBoss/FX_wordboss_BG015.png,Assets/Main/SeasonRes/S4/Textures/Activity/BerserkBoss/FX_wordboss_guaiwu15.png
42002,4,2,504;490,6,2,90000000000,4000;107213004;4|6000;107213005;3|8000;107213006;2|10000;107213007;1,2342001,76104;0.5,Assets/Main/SeasonRes/S4/Textures/Activity/BerserkBoss/FX_wordboss_BG015.png,Assets/Main/SeasonRes/S4/Textures/Activity/BerserkBoss/FX_wordboss_guaiwu15.png
42003,4,2,504;490,6,3,200000000000,4000;107213008;4|6000;107213009;3|8000;107213010;2|10000;107213011;1,2342001,76104;0.5,Assets/Main/SeasonRes/S4/Textures/Activity/BerserkBoss/FX_wordboss_BG015.png,Assets/Main/SeasonRes/S4/Textures/Activity/BerserkBoss/FX_wordboss_guaiwu15.png
42004,4,2,504;490,6,4,230000000000,4000;107213012;4|6000;107213013;3|8000;107213014;2|10000;107213015;1,2342001,76104;0.5,Assets/Main/SeasonRes/S4/Textures/Activity/BerserkBoss/FX_wordboss_BG015.png,Assets/Main/SeasonRes/S4/Textures/Activity/BerserkBoss/FX_wordboss_guaiwu15.png
42005,4,2,504;490,6,5,315000000000,4000;107213016;4|6000;107213017;3|8000;107213018;2|10000;107213019;1,2342001,76104;0.5,Assets/Main/SeasonRes/S4/Textures/Activity/BerserkBoss/FX_wordboss_BG015.png,Assets/Main/SeasonRes/S4/Textures/Activity/BerserkBoss/FX_wordboss_guaiwu15.png
42006,4,2,504;490,6,6,532500000000,4000;107213020;4|6000;107213021;3|8000;107213022;2|10000;107213023;1,2342001,76104;0.5,Assets/Main/SeasonRes/S4/Textures/Activity/BerserkBoss/FX_wordboss_BG015.png,Assets/Main/SeasonRes/S4/Textures/Activity/BerserkBoss/FX_wordboss_guaiwu15.png
42007,4,2,504;490,6,7,750000000000,4000;107213024;4|6000;107213025;3|8000;107213026;2|10000;107213027;1,2342001,76104;0.5,Assets/Main/SeasonRes/S4/Textures/Activity/BerserkBoss/FX_wordboss_BG015.png,Assets/Main/SeasonRes/S4/Textures/Activity/BerserkBoss/FX_wordboss_guaiwu15.png
42008,4,2,504;490,6,8,1500000000000,4000;107213028;4|6000;107213029;3|8000;107213030;2|10000;107213031;1,2342001,76104;0.5,Assets/Main/SeasonRes/S4/Textures/Activity/BerserkBoss/FX_wordboss_BG015.png,Assets/Main/SeasonRes/S4/Textures/Activity/BerserkBoss/FX_wordboss_guaiwu15.png
42009,4,2,504;490,6,9,3500000000000,4000;107213032;4|6000;107213033;3|8000;107213034;2|10000;107213035;1,2342001,76104;0.5,Assets/Main/SeasonRes/S4/Textures/Activity/BerserkBoss/FX_wordboss_BG015.png,Assets/Main/SeasonRes/S4/Textures/Activity/BerserkBoss/FX_wordboss_guaiwu15.png
42010,4,2,504;490,6,10,4750000000000,4000;107213036;4|6000;107213037;3|8000;107213038;2|10000;107213039;1,2342001,76104;0.5,Assets/Main/SeasonRes/S4/Textures/Activity/BerserkBoss/FX_wordboss_BG015.png,Assets/Main/SeasonRes/S4/Textures/Activity/BerserkBoss/FX_wordboss_guaiwu15.png
42011,4,2,504;490,6,11,2000000000000,4000;107213036;4|6000;107213037;3|8000;107213038;2|10000;107213039;1,2342001,76104;0.5,Assets/Main/SeasonRes/S4/Textures/Activity/BerserkBoss/FX_wordboss_BG015.png,Assets/Main/SeasonRes/S4/Textures/Activity/BerserkBoss/FX_wordboss_guaiwu15.png
42012,4,2,504;490,6,12,2000000000000,4000;107213036;4|6000;107213037;3|8000;107213038;2|10000;107213039;1,2342001,76104;0.5,Assets/Main/SeasonRes/S4/Textures/Activity/BerserkBoss/FX_wordboss_BG015.png,Assets/Main/SeasonRes/S4/Textures/Activity/BerserkBoss/FX_wordboss_guaiwu15.png
42013,4,2,504;490,6,13,2000000000000,4000;107213036;4|6000;107213037;3|8000;107213038;2|10000;107213039;1,2342001,76104;0.5,Assets/Main/SeasonRes/S4/Textures/Activity/BerserkBoss/FX_wordboss_BG015.png,Assets/Main/SeasonRes/S4/Textures/Activity/BerserkBoss/FX_wordboss_guaiwu15.png
42014,4,2,504;490,6,14,2000000000000,4000;107213036;4|6000;107213037;3|8000;107213038;2|10000;107213039;1,2342001,76104;0.5,Assets/Main/SeasonRes/S4/Textures/Activity/BerserkBoss/FX_wordboss_BG015.png,Assets/Main/SeasonRes/S4/Textures/Activity/BerserkBoss/FX_wordboss_guaiwu15.png
42015,4,2,504;490,6,15,2000000000000,4000;107213036;4|6000;107213037;3|8000;107213038;2|10000;107213039;1,2342001,76104;0.5,Assets/Main/SeasonRes/S4/Textures/Activity/BerserkBoss/FX_wordboss_BG015.png,Assets/Main/SeasonRes/S4/Textures/Activity/BerserkBoss/FX_wordboss_guaiwu15.png
42016,4,2,504;490,6,16,2000000000000,4000;107213036;4|6000;107213037;3|8000;107213038;2|10000;107213039;1,2342001,76104;0.5,Assets/Main/SeasonRes/S4/Textures/Activity/BerserkBoss/FX_wordboss_BG015.png,Assets/Main/SeasonRes/S4/Textures/Activity/BerserkBoss/FX_wordboss_guaiwu15.png
42017,4,2,504;490,6,17,2000000000000,4000;107213036;4|6000;107213037;3|8000;107213038;2|10000;107213039;1,2342001,76104;0.5,Assets/Main/SeasonRes/S4/Textures/Activity/BerserkBoss/FX_wordboss_BG015.png,Assets/Main/SeasonRes/S4/Textures/Activity/BerserkBoss/FX_wordboss_guaiwu15.png
42018,4,2,504;490,6,18,2000000000000,4000;107213036;4|6000;107213037;3|8000;107213038;2|10000;107213039;1,2342001,76104;0.5,Assets/Main/SeasonRes/S4/Textures/Activity/BerserkBoss/FX_wordboss_BG015.png,Assets/Main/SeasonRes/S4/Textures/Activity/BerserkBoss/FX_wordboss_guaiwu15.png
42019,4,2,504;490,6,19,2000000000000,4000;107213036;4|6000;107213037;3|8000;107213038;2|10000;107213039;1,2342001,76104;0.5,Assets/Main/SeasonRes/S4/Textures/Activity/BerserkBoss/FX_wordboss_BG015.png,Assets/Main/SeasonRes/S4/Textures/Activity/BerserkBoss/FX_wordboss_guaiwu15.png
42020,4,2,504;490,6,20,2000000000000,4000;107213036;4|6000;107213037;3|8000;107213038;2|10000;107213039;1,2342001,76104;0.5,Assets/Main/SeasonRes/S4/Textures/Activity/BerserkBoss/FX_wordboss_BG015.png,Assets/Main/SeasonRes/S4/Textures/Activity/BerserkBoss/FX_wordboss_guaiwu15.png
43001,4,3,493;501,12,1,50000000000,4000;107214000;4|6000;107214001;3|8000;107214002;2|10000;107214003;1,2343001,76105;0.5,Assets/Main/SeasonRes/S4/Textures/Activity/BerserkBoss/FX_wordboss_BG016.png,Assets/Main/SeasonRes/S4/Textures/Activity/BerserkBoss/FX_wordboss_guaiwu16.png
43002,4,3,493;501,12,2,75000000000,4000;107214004;4|6000;107214005;3|8000;107214006;2|10000;107214007;1,2343001,76105;0.5,Assets/Main/SeasonRes/S4/Textures/Activity/BerserkBoss/FX_wordboss_BG016.png,Assets/Main/SeasonRes/S4/Textures/Activity/BerserkBoss/FX_wordboss_guaiwu16.png
43003,4,3,493;501,12,3,150000000000,4000;107214008;4|6000;107214009;3|8000;107214010;2|10000;107214011;1,2343001,76105;0.5,Assets/Main/SeasonRes/S4/Textures/Activity/BerserkBoss/FX_wordboss_BG016.png,Assets/Main/SeasonRes/S4/Textures/Activity/BerserkBoss/FX_wordboss_guaiwu16.png
43004,4,3,493;501,12,4,180000000000,4000;107214012;4|6000;107214013;3|8000;107214014;2|10000;107214015;1,2343001,76105;0.5,Assets/Main/SeasonRes/S4/Textures/Activity/BerserkBoss/FX_wordboss_BG016.png,Assets/Main/SeasonRes/S4/Textures/Activity/BerserkBoss/FX_wordboss_guaiwu16.png
43005,4,3,493;501,12,5,270000000000,4000;107214016;4|6000;107214017;3|8000;107214018;2|10000;107214019;1,2343001,76105;0.5,Assets/Main/SeasonRes/S4/Textures/Activity/BerserkBoss/FX_wordboss_BG016.png,Assets/Main/SeasonRes/S4/Textures/Activity/BerserkBoss/FX_wordboss_guaiwu16.png
43006,4,3,493;501,12,6,435000000000,4000;107214020;4|6000;107214021;3|8000;107214022;2|10000;107214023;1,2343001,76105;0.5,Assets/Main/SeasonRes/S4/Textures/Activity/BerserkBoss/FX_wordboss_BG016.png,Assets/Main/SeasonRes/S4/Textures/Activity/BerserkBoss/FX_wordboss_guaiwu16.png
43007,4,3,493;501,12,7,600000000000,4000;107214024;4|6000;107214025;3|8000;107214026;2|10000;107214027;1,2343001,76105;0.5,Assets/Main/SeasonRes/S4/Textures/Activity/BerserkBoss/FX_wordboss_BG016.png,Assets/Main/SeasonRes/S4/Textures/Activity/BerserkBoss/FX_wordboss_guaiwu16.png
43008,4,3,493;501,12,8,1000000000000,4000;107214028;4|6000;107214029;3|8000;107214030;2|10000;107214031;1,2343001,76105;0.5,Assets/Main/SeasonRes/S4/Textures/Activity/BerserkBoss/FX_wordboss_BG016.png,Assets/Main/SeasonRes/S4/Textures/Activity/BerserkBoss/FX_wordboss_guaiwu16.png
43009,4,3,493;501,12,9,3325000000000,4000;107214032;4|6000;107214033;3|8000;107214034;2|10000;107214035;1,2343001,76105;0.5,Assets/Main/SeasonRes/S4/Textures/Activity/BerserkBoss/FX_wordboss_BG016.png,Assets/Main/SeasonRes/S4/Textures/Activity/BerserkBoss/FX_wordboss_guaiwu16.png
43010,4,3,493;501,12,10,4500000000000,4000;107214036;4|6000;107214037;3|8000;107214038;2|10000;107214039;1,2343001,76105;0.5,Assets/Main/SeasonRes/S4/Textures/Activity/BerserkBoss/FX_wordboss_BG016.png,Assets/Main/SeasonRes/S4/Textures/Activity/BerserkBoss/FX_wordboss_guaiwu16.png
43011,4,3,493;501,12,11,1600000000000,4000;107214036;4|6000;107214037;3|8000;107214038;2|10000;107214039;1,2343001,76105;0.5,Assets/Main/SeasonRes/S4/Textures/Activity/BerserkBoss/FX_wordboss_BG016.png,Assets/Main/SeasonRes/S4/Textures/Activity/BerserkBoss/FX_wordboss_guaiwu16.png
43012,4,3,493;501,12,12,1600000000000,4000;107214036;4|6000;107214037;3|8000;107214038;2|10000;107214039;1,2343001,76105;0.5,Assets/Main/SeasonRes/S4/Textures/Activity/BerserkBoss/FX_wordboss_BG016.png,Assets/Main/SeasonRes/S4/Textures/Activity/BerserkBoss/FX_wordboss_guaiwu16.png
43013,4,3,493;501,12,13,1600000000000,4000;107214036;4|6000;107214037;3|8000;107214038;2|10000;107214039;1,2343001,76105;0.5,Assets/Main/SeasonRes/S4/Textures/Activity/BerserkBoss/FX_wordboss_BG016.png,Assets/Main/SeasonRes/S4/Textures/Activity/BerserkBoss/FX_wordboss_guaiwu16.png
43014,4,3,493;501,12,14,1600000000000,4000;107214036;4|6000;107214037;3|8000;107214038;2|10000;107214039;1,2343001,76105;0.5,Assets/Main/SeasonRes/S4/Textures/Activity/BerserkBoss/FX_wordboss_BG016.png,Assets/Main/SeasonRes/S4/Textures/Activity/BerserkBoss/FX_wordboss_guaiwu16.png
43015,4,3,493;501,12,15,1600000000000,4000;107214036;4|6000;107214037;3|8000;107214038;2|10000;107214039;1,2343001,76105;0.5,Assets/Main/SeasonRes/S4/Textures/Activity/BerserkBoss/FX_wordboss_BG016.png,Assets/Main/SeasonRes/S4/Textures/Activity/BerserkBoss/FX_wordboss_guaiwu16.png
43016,4,3,493;501,12,16,1600000000000,4000;107214036;4|6000;107214037;3|8000;107214038;2|10000;107214039;1,2343001,76105;0.5,Assets/Main/SeasonRes/S4/Textures/Activity/BerserkBoss/FX_wordboss_BG016.png,Assets/Main/SeasonRes/S4/Textures/Activity/BerserkBoss/FX_wordboss_guaiwu16.png
43017,4,3,493;501,12,17,1600000000000,4000;107214036;4|6000;107214037;3|8000;107214038;2|10000;107214039;1,2343001,76105;0.5,Assets/Main/SeasonRes/S4/Textures/Activity/BerserkBoss/FX_wordboss_BG016.png,Assets/Main/SeasonRes/S4/Textures/Activity/BerserkBoss/FX_wordboss_guaiwu16.png
43018,4,3,493;501,12,18,1600000000000,4000;107214036;4|6000;107214037;3|8000;107214038;2|10000;107214039;1,2343001,76105;0.5,Assets/Main/SeasonRes/S4/Textures/Activity/BerserkBoss/FX_wordboss_BG016.png,Assets/Main/SeasonRes/S4/Textures/Activity/BerserkBoss/FX_wordboss_guaiwu16.png
43019,4,3,493;501,12,19,1600000000000,4000;107214036;4|6000;107214037;3|8000;107214038;2|10000;107214039;1,2343001,76105;0.5,Assets/Main/SeasonRes/S4/Textures/Activity/BerserkBoss/FX_wordboss_BG016.png,Assets/Main/SeasonRes/S4/Textures/Activity/BerserkBoss/FX_wordboss_guaiwu16.png
43020,4,3,493;501,12,20,1600000000000,4000;107214036;4|6000;107214037;3|8000;107214038;2|10000;107214039;1,2343001,76105;0.5,Assets/Main/SeasonRes/S4/Textures/Activity/BerserkBoss/FX_wordboss_BG016.png,Assets/Main/SeasonRes/S4/Textures/Activity/BerserkBoss/FX_wordboss_guaiwu16.png
51001,5,1,504;502,0,1,85000000000,4000;107212000;4|6000;107212001;3|8000;107212002;2|10000;107212003;1,2351001,76103;0.5,Assets/Main/SeasonRes/S5/Textures/Activity/BerserkBoss/zyf_worldboss_S5_bg2.png,Assets/Main/SeasonRes/S5/Textures/Activity/BerserkBoss/zyf_worldboss_S5_bg2_icon.png
51002,5,1,504;502,0,2,120000000000,4000;107212004;4|6000;107212005;3|8000;107212006;2|10000;107212007;1,2351001,76103;0.5,Assets/Main/SeasonRes/S5/Textures/Activity/BerserkBoss/zyf_worldboss_S5_bg2.png,Assets/Main/SeasonRes/S5/Textures/Activity/BerserkBoss/zyf_worldboss_S5_bg2_icon.png
51003,5,1,504;502,0,3,250000000000,4000;107212008;4|6000;107212009;3|8000;107212010;2|10000;107212011;1,2351001,76103;0.5,Assets/Main/SeasonRes/S5/Textures/Activity/BerserkBoss/zyf_worldboss_S5_bg2.png,Assets/Main/SeasonRes/S5/Textures/Activity/BerserkBoss/zyf_worldboss_S5_bg2_icon.png
51004,5,1,504;502,0,4,300000000000,4000;107212012;4|6000;107212013;3|8000;107212014;2|10000;107212015;1,2351001,76103;0.5,Assets/Main/SeasonRes/S5/Textures/Activity/BerserkBoss/zyf_worldboss_S5_bg2.png,Assets/Main/SeasonRes/S5/Textures/Activity/BerserkBoss/zyf_worldboss_S5_bg2_icon.png
51005,5,1,504;502,0,5,480000000000,4000;107212016;4|6000;107212017;3|8000;107212018;2|10000;107212019;1,2351001,76103;0.5,Assets/Main/SeasonRes/S5/Textures/Activity/BerserkBoss/zyf_worldboss_S5_bg2.png,Assets/Main/SeasonRes/S5/Textures/Activity/BerserkBoss/zyf_worldboss_S5_bg2_icon.png
51006,5,1,504;502,0,6,790000000000,4000;107212020;4|6000;107212021;3|8000;107212022;2|10000;107212023;1,2351001,76103;0.5,Assets/Main/SeasonRes/S5/Textures/Activity/BerserkBoss/zyf_worldboss_S5_bg2.png,Assets/Main/SeasonRes/S5/Textures/Activity/BerserkBoss/zyf_worldboss_S5_bg2_icon.png
51007,5,1,504;502,0,7,1100000000000,4000;107212024;4|6000;107212025;3|8000;107212026;2|10000;107212027;1,2351001,76103;0.5,Assets/Main/SeasonRes/S5/Textures/Activity/BerserkBoss/zyf_worldboss_S5_bg2.png,Assets/Main/SeasonRes/S5/Textures/Activity/BerserkBoss/zyf_worldboss_S5_bg2_icon.png
51008,5,1,504;502,0,8,2000000000000,4000;107212028;4|6000;107212029;3|8000;107212030;2|10000;107212031;1,2351001,76103;0.5,Assets/Main/SeasonRes/S5/Textures/Activity/BerserkBoss/zyf_worldboss_S5_bg2.png,Assets/Main/SeasonRes/S5/Textures/Activity/BerserkBoss/zyf_worldboss_S5_bg2_icon.png
51009,5,1,504;502,0,9,3500000000000,4000;107212032;4|6000;107212033;3|8000;107212034;2|10000;107212035;1,2351001,76103;0.5,Assets/Main/SeasonRes/S5/Textures/Activity/BerserkBoss/zyf_worldboss_S5_bg2.png,Assets/Main/SeasonRes/S5/Textures/Activity/BerserkBoss/zyf_worldboss_S5_bg2_icon.png
51010,5,1,504;502,0,10,5000000000000,4000;107212036;4|6000;107212037;3|8000;107212038;2|10000;107212039;1,2351001,76103;0.5,Assets/Main/SeasonRes/S5/Textures/Activity/BerserkBoss/zyf_worldboss_S5_bg2.png,Assets/Main/SeasonRes/S5/Textures/Activity/BerserkBoss/zyf_worldboss_S5_bg2_icon.png
51011,5,1,504;502,0,11,3000000000000,4000;107212036;4|6000;107212037;3|8000;107212038;2|10000;107212039;1,2351001,76103;0.5,Assets/Main/SeasonRes/S5/Textures/Activity/BerserkBoss/zyf_worldboss_S5_bg2.png,Assets/Main/SeasonRes/S5/Textures/Activity/BerserkBoss/zyf_worldboss_S5_bg2_icon.png
51012,5,1,504;502,0,12,3000000000000,4000;107212036;4|6000;107212037;3|8000;107212038;2|10000;107212039;1,2351001,76103;0.5,Assets/Main/SeasonRes/S5/Textures/Activity/BerserkBoss/zyf_worldboss_S5_bg2.png,Assets/Main/SeasonRes/S5/Textures/Activity/BerserkBoss/zyf_worldboss_S5_bg2_icon.png
51013,5,1,504;502,0,13,3000000000000,4000;107212036;4|6000;107212037;3|8000;107212038;2|10000;107212039;1,2351001,76103;0.5,Assets/Main/SeasonRes/S5/Textures/Activity/BerserkBoss/zyf_worldboss_S5_bg2.png,Assets/Main/SeasonRes/S5/Textures/Activity/BerserkBoss/zyf_worldboss_S5_bg2_icon.png
51014,5,1,504;502,0,14,3000000000000,4000;107212036;4|6000;107212037;3|8000;107212038;2|10000;107212039;1,2351001,76103;0.5,Assets/Main/SeasonRes/S5/Textures/Activity/BerserkBoss/zyf_worldboss_S5_bg2.png,Assets/Main/SeasonRes/S5/Textures/Activity/BerserkBoss/zyf_worldboss_S5_bg2_icon.png
51015,5,1,504;502,0,15,3000000000000,4000;107212036;4|6000;107212037;3|8000;107212038;2|10000;107212039;1,2351001,76103;0.5,Assets/Main/SeasonRes/S5/Textures/Activity/BerserkBoss/zyf_worldboss_S5_bg2.png,Assets/Main/SeasonRes/S5/Textures/Activity/BerserkBoss/zyf_worldboss_S5_bg2_icon.png
51016,5,1,504;502,0,16,3000000000000,4000;107212036;4|6000;107212037;3|8000;107212038;2|10000;107212039;1,2351001,76103;0.5,Assets/Main/SeasonRes/S5/Textures/Activity/BerserkBoss/zyf_worldboss_S5_bg2.png,Assets/Main/SeasonRes/S5/Textures/Activity/BerserkBoss/zyf_worldboss_S5_bg2_icon.png
51017,5,1,504;502,0,17,3000000000000,4000;107212036;4|6000;107212037;3|8000;107212038;2|10000;107212039;1,2351001,76103;0.5,Assets/Main/SeasonRes/S5/Textures/Activity/BerserkBoss/zyf_worldboss_S5_bg2.png,Assets/Main/SeasonRes/S5/Textures/Activity/BerserkBoss/zyf_worldboss_S5_bg2_icon.png
51018,5,1,504;502,0,18,3000000000000,4000;107212036;4|6000;107212037;3|8000;107212038;2|10000;107212039;1,2351001,76103;0.5,Assets/Main/SeasonRes/S5/Textures/Activity/BerserkBoss/zyf_worldboss_S5_bg2.png,Assets/Main/SeasonRes/S5/Textures/Activity/BerserkBoss/zyf_worldboss_S5_bg2_icon.png
51019,5,1,504;502,0,19,3000000000000,4000;107212036;4|6000;107212037;3|8000;107212038;2|10000;107212039;1,2351001,76103;0.5,Assets/Main/SeasonRes/S5/Textures/Activity/BerserkBoss/zyf_worldboss_S5_bg2.png,Assets/Main/SeasonRes/S5/Textures/Activity/BerserkBoss/zyf_worldboss_S5_bg2_icon.png
51020,5,1,504;502,0,20,3000000000000,4000;107212036;4|6000;107212037;3|8000;107212038;2|10000;107212039;1,2351001,76103;0.5,Assets/Main/SeasonRes/S5/Textures/Activity/BerserkBoss/zyf_worldboss_S5_bg2.png,Assets/Main/SeasonRes/S5/Textures/Activity/BerserkBoss/zyf_worldboss_S5_bg2_icon.png
52001,5,2,504;490,6,1,60000000000,4000;107213000;4|6000;107213001;3|8000;107213002;2|10000;107213003;1,2352001,76104;0.5,Assets/Main/SeasonRes/S5/Textures/Activity/BerserkBoss/zyf_worldboss_S5_bg3.png,Assets/Main/SeasonRes/S5/Textures/Activity/BerserkBoss/zyf_worldboss_S5_bg3_icon.png
52002,5,2,504;490,6,2,90000000000,4000;107213004;4|6000;107213005;3|8000;107213006;2|10000;107213007;1,2352001,76104;0.5,Assets/Main/SeasonRes/S5/Textures/Activity/BerserkBoss/zyf_worldboss_S5_bg3.png,Assets/Main/SeasonRes/S5/Textures/Activity/BerserkBoss/zyf_worldboss_S5_bg3_icon.png
52003,5,2,504;490,6,3,200000000000,4000;107213008;4|6000;107213009;3|8000;107213010;2|10000;107213011;1,2352001,76104;0.5,Assets/Main/SeasonRes/S5/Textures/Activity/BerserkBoss/zyf_worldboss_S5_bg3.png,Assets/Main/SeasonRes/S5/Textures/Activity/BerserkBoss/zyf_worldboss_S5_bg3_icon.png
52004,5,2,504;490,6,4,230000000000,4000;107213012;4|6000;107213013;3|8000;107213014;2|10000;107213015;1,2352001,76104;0.5,Assets/Main/SeasonRes/S5/Textures/Activity/BerserkBoss/zyf_worldboss_S5_bg3.png,Assets/Main/SeasonRes/S5/Textures/Activity/BerserkBoss/zyf_worldboss_S5_bg3_icon.png
52005,5,2,504;490,6,5,315000000000,4000;107213016;4|6000;107213017;3|8000;107213018;2|10000;107213019;1,2352001,76104;0.5,Assets/Main/SeasonRes/S5/Textures/Activity/BerserkBoss/zyf_worldboss_S5_bg3.png,Assets/Main/SeasonRes/S5/Textures/Activity/BerserkBoss/zyf_worldboss_S5_bg3_icon.png
52006,5,2,504;490,6,6,532500000000,4000;107213020;4|6000;107213021;3|8000;107213022;2|10000;107213023;1,2352001,76104;0.5,Assets/Main/SeasonRes/S5/Textures/Activity/BerserkBoss/zyf_worldboss_S5_bg3.png,Assets/Main/SeasonRes/S5/Textures/Activity/BerserkBoss/zyf_worldboss_S5_bg3_icon.png
52007,5,2,504;490,6,7,750000000000,4000;107213024;4|6000;107213025;3|8000;107213026;2|10000;107213027;1,2352001,76104;0.5,Assets/Main/SeasonRes/S5/Textures/Activity/BerserkBoss/zyf_worldboss_S5_bg3.png,Assets/Main/SeasonRes/S5/Textures/Activity/BerserkBoss/zyf_worldboss_S5_bg3_icon.png
52008,5,2,504;490,6,8,1500000000000,4000;107213028;4|6000;107213029;3|8000;107213030;2|10000;107213031;1,2352001,76104;0.5,Assets/Main/SeasonRes/S5/Textures/Activity/BerserkBoss/zyf_worldboss_S5_bg3.png,Assets/Main/SeasonRes/S5/Textures/Activity/BerserkBoss/zyf_worldboss_S5_bg3_icon.png
52009,5,2,504;490,6,9,3500000000000,4000;107213032;4|6000;107213033;3|8000;107213034;2|10000;107213035;1,2352001,76104;0.5,Assets/Main/SeasonRes/S5/Textures/Activity/BerserkBoss/zyf_worldboss_S5_bg3.png,Assets/Main/SeasonRes/S5/Textures/Activity/BerserkBoss/zyf_worldboss_S5_bg3_icon.png
52010,5,2,504;490,6,10,4750000000000,4000;107213036;4|6000;107213037;3|8000;107213038;2|10000;107213039;1,2352001,76104;0.5,Assets/Main/SeasonRes/S5/Textures/Activity/BerserkBoss/zyf_worldboss_S5_bg3.png,Assets/Main/SeasonRes/S5/Textures/Activity/BerserkBoss/zyf_worldboss_S5_bg3_icon.png
52011,5,2,504;490,6,11,2000000000000,4000;107213036;4|6000;107213037;3|8000;107213038;2|10000;107213039;1,2352001,76104;0.5,Assets/Main/SeasonRes/S5/Textures/Activity/BerserkBoss/zyf_worldboss_S5_bg3.png,Assets/Main/SeasonRes/S5/Textures/Activity/BerserkBoss/zyf_worldboss_S5_bg3_icon.png
52012,5,2,504;490,6,12,2000000000000,4000;107213036;4|6000;107213037;3|8000;107213038;2|10000;107213039;1,2352001,76104;0.5,Assets/Main/SeasonRes/S5/Textures/Activity/BerserkBoss/zyf_worldboss_S5_bg3.png,Assets/Main/SeasonRes/S5/Textures/Activity/BerserkBoss/zyf_worldboss_S5_bg3_icon.png
52013,5,2,504;490,6,13,2000000000000,4000;107213036;4|6000;107213037;3|8000;107213038;2|10000;107213039;1,2352001,76104;0.5,Assets/Main/SeasonRes/S5/Textures/Activity/BerserkBoss/zyf_worldboss_S5_bg3.png,Assets/Main/SeasonRes/S5/Textures/Activity/BerserkBoss/zyf_worldboss_S5_bg3_icon.png
52014,5,2,504;490,6,14,2000000000000,4000;107213036;4|6000;107213037;3|8000;107213038;2|10000;107213039;1,2352001,76104;0.5,Assets/Main/SeasonRes/S5/Textures/Activity/BerserkBoss/zyf_worldboss_S5_bg3.png,Assets/Main/SeasonRes/S5/Textures/Activity/BerserkBoss/zyf_worldboss_S5_bg3_icon.png
52015,5,2,504;490,6,15,2000000000000,4000;107213036;4|6000;107213037;3|8000;107213038;2|10000;107213039;1,2352001,76104;0.5,Assets/Main/SeasonRes/S5/Textures/Activity/BerserkBoss/zyf_worldboss_S5_bg3.png,Assets/Main/SeasonRes/S5/Textures/Activity/BerserkBoss/zyf_worldboss_S5_bg3_icon.png
52016,5,2,504;490,6,16,2000000000000,4000;107213036;4|6000;107213037;3|8000;107213038;2|10000;107213039;1,2352001,76104;0.5,Assets/Main/SeasonRes/S5/Textures/Activity/BerserkBoss/zyf_worldboss_S5_bg3.png,Assets/Main/SeasonRes/S5/Textures/Activity/BerserkBoss/zyf_worldboss_S5_bg3_icon.png
52017,5,2,504;490,6,17,2000000000000,4000;107213036;4|6000;107213037;3|8000;107213038;2|10000;107213039;1,2352001,76104;0.5,Assets/Main/SeasonRes/S5/Textures/Activity/BerserkBoss/zyf_worldboss_S5_bg3.png,Assets/Main/SeasonRes/S5/Textures/Activity/BerserkBoss/zyf_worldboss_S5_bg3_icon.png
52018,5,2,504;490,6,18,2000000000000,4000;107213036;4|6000;107213037;3|8000;107213038;2|10000;107213039;1,2352001,76104;0.5,Assets/Main/SeasonRes/S5/Textures/Activity/BerserkBoss/zyf_worldboss_S5_bg3.png,Assets/Main/SeasonRes/S5/Textures/Activity/BerserkBoss/zyf_worldboss_S5_bg3_icon.png
52019,5,2,504;490,6,19,2000000000000,4000;107213036;4|6000;107213037;3|8000;107213038;2|10000;107213039;1,2352001,76104;0.5,Assets/Main/SeasonRes/S5/Textures/Activity/BerserkBoss/zyf_worldboss_S5_bg3.png,Assets/Main/SeasonRes/S5/Textures/Activity/BerserkBoss/zyf_worldboss_S5_bg3_icon.png
52020,5,2,504;490,6,20,2000000000000,4000;107213036;4|6000;107213037;3|8000;107213038;2|10000;107213039;1,2352001,76104;0.5,Assets/Main/SeasonRes/S5/Textures/Activity/BerserkBoss/zyf_worldboss_S5_bg3.png,Assets/Main/SeasonRes/S5/Textures/Activity/BerserkBoss/zyf_worldboss_S5_bg3_icon.png
