id,group,box_id,is_init,color,box_effect,box_prefab,level_group,box_name,box_goods,upgradebox_showpara
1,1,1,1,2,A_build_Halloween_baoxiang_timeline,Assets/Main/Prefabs/UpgradeTreasureBox/2025halloween/A_build_Halloween_baoxiang_01_Variant.prefab,1,item_name654205,654205,Assets/Main/TextureEx/UIUpgradeTreasureBox_2025halloween/wxy_wansheng_yanhui_baoxiang_bg_banner.png|Assets/_Art_LastWar/ArtAssetIncrement/Festival/Halloween/2025/Effect/UI/Texture/wxy_wansheng_yanhui_baoxiang_huawen.png|Assets/Main/Sprites/UI/UIUpgradeTreasureBox_2025halloween/wxy_wansheng_yanhui_baoxiang_wenhao.png|Assets/Main/Sprites/UI/UIUpgradeTreasureBox_2025halloween/wxy_wansheng_yanhui_baoxiang_chenggong.png|Assets/Main/Sprites/UI/UIUpgradeTreasureBox_2025halloween/wxy_wansheng_yanhui_baoxiang_shibai.png
2,1,2,0,3,A_build_Halloween_baoxiang_timeline,Assets/Main/Prefabs/UpgradeTreasureBox/2025halloween/A_build_Halloween_baoxiang_02_Variant.prefab,1,item_name654206,654206,
3,1,3,0,4,A_build_Halloween_baoxiang_timeline,Assets/Main/Prefabs/UpgradeTreasureBox/2025halloween/A_build_Halloween_baoxiang_03_Variant.prefab,1,item_name654207,654207,
4,1,4,0,5,A_build_Halloween_baoxiang_timeline,Assets/Main/Prefabs/UpgradeTreasureBox/2025halloween/A_build_Halloween_baoxiang_04_Variant.prefab,1,item_name654208,654208,
5,1,5,0,6,A_build_Halloween_baoxiang_timeline,Assets/Main/Prefabs/UpgradeTreasureBox/2025halloween/A_build_Halloween_baoxiang_05_Variant.prefab,1,item_name654209,654209,
