id,way_id,way_name,way_desc,icon,show_goto,gotype2,gopara,boss_id,monster_model,cross_alert,cross_drop_notshow
1,1,2800102,2800103,zyf_qingjiaohuodong_icon5,1,67,98501,,,,
2,2,2800106,2800107,zyf_qingjiaohuodong_icon6,1,1,10114000,,,,
3,3,2800108,2800109,zyf_qingjiaohuodong_icon3,1,60,5,,,,
4,4,2800110,2800111,zyf_qingjiaohuodong_icon4,1,60,1,,,,
5,1,2800102,2800103,zyf_qingjiaohuodong_icon5,1,67,98505,,,,
6,1,2800102,2800103,zyf_qingjiaohuodong_icon5,1,67,98509,,,,
7,1,thanksactivity_UI008,2800103,zyf_qingjiaohuodong_icon5,1,67,99002,,,,
8,2,thanksactivity_UI021,thanksactivity_UI068,zyf_qingjiaohuodong_icon6,1,1,10114000,,,,
9,3,2800108,thanksactivity_UI066,zyf_qingjiaohuodong_icon3,1,60,5,,,,
10,4,2800110,thanksactivity_UI066,zyf_qingjiaohuodong_icon4,1,60,1,,,,
11,5,thanksactivity_UI010,thanksactivity_UI067,sj_ganenjie_boss,1,71,,,,,
12,1,snow_season_UI0003,2800103,zyf_qingjiaohuodong_icon5,1,67,99013,,,,
13,2,thanksactivity_UI021,snow_season_drop_way_desc3,sj_shengdandiaoluo_leida,1,1,10114000,,,,
14,3,2800108,snow_season_drop_way_desc1,sj_shengdandiaoluo_jijieguai,1,60,5,9;28,WorldMonster_Boss01_shengdan,,
15,4,2800110,snow_season_drop_way_desc1,sj_shengdandiaoluo_yeguai,1,60,1,1002001;1002010|1002011;1002020|1002021;1002030|1003001;1003010|1003011;1003020|1003021;1003030|1004001;1004010|1004011;1004020|1004021;1004030,WorldMonster01_shengdan|WorldMonster04_shengdan|WorldMonster07_shengdan|WorldMonster01_shengdan|WorldMonster04_shengdan|WorldMonster07_shengdan|WorldMonster01_shengdan|WorldMonster04_shengdan|WorldMonster07_shengdan,,
16,5,thanksactivity_UI063,snow_season_drop_way_desc2,sj_shengdandiaoluo_shijieboss,1,71,,2000001;2000001|2000002;2000002|2000003;2000003,MonsterActBoss_shengdan|MonsterActBoss_2_shengdan|MonsterActBoss_1_shengdan,,
17,6,activity_drop_way_name7,snow_season_drop_way_desc4,sj_shengdandiaoluo_yeguai,1,67,80022,,WorldMonster_General_invasion_shengdan|A_Monster_Boss_sangshi01_shengdan,,
18,7,activity_drop_way_name7,snow_season_drop_way_desc4,sj_shengdandiaoluo_yeguai,1,0,,,,,
19,2,thanksactivity_UI021,sp_drop_way_desc3,zyf_qingjiaohuodong_icon6,1,1,10114000,,,,
20,3,2800108,sp_drop_way_desc1,zyf_qingjiaohuodong_icon3,1,60,5,,,,
21,4,2800110,sp_drop_way_desc1,zyf_qingjiaohuodong_icon4,1,60,1,,,,
22,5,thanksactivity_UI063,sp_drop_way_desc2,sj_ganenjie_boss,1,71,,,,,
23,6,activity_drop_way_name7,sp_drop_way_desc4,zyf_qingjiaohuodong_icon4,1,67,80021,,,,
24,7,monster_boss_name_001,sp_drop_way_desc5,sj_ganenjie_boss,0,0,,1040001;1040010,,,
25,2,thanksactivity_UI021,vd_drop_way_desc3,zyf_qingjiaohuodong_icon6,1,1,10114000,,,,
26,3,2800108,vd_drop_way_desc1,zyf_qingjiaohuodong_icon3,1,76,,,,,
27,4,2800110,vd_drop_way_desc1,zyf_qingjiaohuodong_icon4,1,60,1,,,,
28,5,thanksactivity_UI063,vd_drop_way_desc2,sj_ganenjie_boss,1,71,,,,,
29,6,activity_drop_way_name7,vd_drop_way_desc4,zyf_qingjiaohuodong_icon4,1,67,80021,,,,
30,7,monster_boss_name_001,vd_drop_way_desc5,sj_ganenjie_boss,0,0,,,,,
36,2,thanksactivity_UI021,ea_drop_way_desc3,zyf_qingjiaohuodong_icon6,1,1,10114000,,,,
37,3,2800108,ea_drop_way_desc1,zyf_qingjiaohuodong_icon3,1,76,,,,,
38,4,2800110,ea_drop_way_desc1,zyf_qingjiaohuodong_icon4,1,60,1,,,,
39,5,thanksactivity_UI063,ea_drop_way_desc2,sj_ganenjie_boss,1,71,,,,,
40,6,2901000,ea_drop_way_desc4,zyf_qingjiaohuodong_icon4,1,67,80021,,,,
41,7,monster_boss_name_001,ea_drop_way_desc2,sj_ganenjie_boss,0,0,,1040001;1040010,,,
42,8,activity_dropway8_name,activity_dropway8_desc,sj_ganenjie_boss,1,67,94013,,,,
43,9,activity_dropway9_name,activity_dropway9_desc,sj_ganenjie_boss,1,0,,,,,
44,10,activity_name_99053,activity_dropway10_desc,zyf_fuhuojie_xianshidiaoluo_renwu2_icon,1,67,99053,,,,
45,10,activity_name_99056,activity_dropway10_desc,zyf_fuhuojie_xianshidiaoluo_renwu1_icon,1,67,99056,,,,
46,10,activity_name_99057,activity_dropway10_desc,zyf_fuhuojie_xianshidiaoluo_renwu3_icon,1,67,99057,,,,
47,2,thanksactivity_UI021,ff_drop_way_desc3,zyf_qingjiaohuodong_icon6,1,1,10114000,,,,
48,3,2800108,ff_drop_way_desc1,zyf_qingjiaohuodong_icon3,1,76,,,,,
49,4,2800110,ff_drop_way_desc1,zyf_qingjiaohuodong_icon4,1,60,1,,,,
50,5,thanksactivity_UI063,ff_drop_way_desc2,sj_ganenjie_boss,1,71,,,,,
51,6,2901000,ff_drop_way_desc4,zyf_qingjiaohuodong_icon4,1,67,80021,,,,
52,7,monster_boss_name_001,ff_drop_way_desc2,sj_ganenjie_boss,0,0,,1040001;1040010,,,
53,8,activity_dropway8_name,ff_drop_way_desc6,sj_ganenjie_boss,1,67,94013,,,,
54,10,activity_name_99062,activity_dropway10_desc,zyf_meishijie_bp_icon,1,67,99062,,,,
56,3,ff_drop_way_title9,ff_drop_way_desc9,zyf_qingjiaohuodong_icon4,1,82,,,,,
57,4,ff_drop_way_title8,ff_drop_way_desc8,zyf_qingjiaohuodong_icon3,1,82,,,,,
58,2,thanksactivity_UI021,music_drop_way_desc3,zyf_qingjiaohuodong_icon6,1,1,10114000,,,,
59,3,2800108,music_drop_way_desc1,zyf_qingjiaohuodong_icon3,1,76,,,,,
60,4,2800110,music_drop_way_desc1,zyf_qingjiaohuodong_icon4,1,60,1,,,,
61,5,thanksactivity_UI063,music_drop_way_desc2,sj_ganenjie_boss,1,71,,,,,
62,7,2901000,music_drop_way_desc4,zyf_qingjiaohuodong_icon4,1,67,80021,,,,
63,6,monster_boss_name_001,music_drop_way_desc2,sj_ganenjie_boss,0,0,,1040001;1040010,,,
64,8,activity_dropway8_name,music_drop_way_desc2,sj_ganenjie_boss,1,67,94013,,,,
65,10,activity_name_99083,activity_dropway10_desc,FX_yinyuezhilv_bp_yeqian_icon,1,67,99083,,,,
66,11,2010301,music_drop_way_desc2,zyf_qingjiaohuodong_icon3,1,67,94302,,,,
67,12,2010100,music_drop_way_desc2,zyf_qingjiaohuodong_icon4,1,67,94015,,,,
68,12,activity_redmason_001,music_drop_way_desc2,zyf_qingjiaohuodong_icon4,1,67,94018,,,,
69,4,ff_drop_way_title9,music_drop_way_desc6,zyf_qingjiaohuodong_icon4,1,82,,,,,
70,3,ff_drop_way_title8,music_drop_way_desc7,zyf_qingjiaohuodong_icon3,1,82,,,,,
71,2,thanksactivity_UI021,common_drop_way_desc3,zyf_qingjiaohuodong_icon6,1,1,10114000,,,,
72,3,2800108,common_drop_way_desc1,zyf_qingjiaohuodong_icon3,1,76,,,,,
73,4,2800110,common_drop_way_desc1,zyf_qingjiaohuodong_icon4,1,60,1,,,,
74,5,thanksactivity_UI063,common_drop_way_desc2,sj_ganenjie_boss,1,71,,,,,
75,7,2901000,common_drop_way_desc4,zyf_qingjiaohuodong_icon4,1,67,80021,,,,
76,6,monster_boss_name_001,common_drop_way_desc2,sj_ganenjie_boss,0,0,,1040001;1040010,,,
77,8,activity_dropway8_name,common_drop_way_desc2,sj_ganenjie_boss,1,67,94013,,,,
78,10,activity_name_99098,activity_dropway10_desc,lrb_mamyuejie_bp_yeqian_icon,1,67,99098,,,,
79,11,2010301,common_drop_way_desc2,zyf_qingjiaohuodong_icon3,1,67,94302,,,,
80,12,2010100,common_drop_way_desc2,zyf_qingjiaohuodong_icon4,1,67,94015,,,,
81,12,activity_redmason_001,common_drop_way_desc2,zyf_qingjiaohuodong_icon4,1,67,94018,,,,
82,12,activity_violet_001,common_drop_way_desc2,zyf_qingjiaohuodong_icon4,1,67,94023,,,,
83,4,ff_drop_way_title9,common_drop_way_desc6,zyf_qingjiaohuodong_icon4,1,82,,,,,
84,3,ff_drop_way_title12,common_drop_way_desc8,zyf_qingjiaohuodong_icon3,1,82,,,,,
85,3,ff_drop_way_title8,common_drop_way_desc7,zyf_qingjiaohuodong_icon3,1,82,,,,,
2001,14,blackmarket_drop_title1,blackmarket_drop_desc1,zyf_qingjiaohuodong_icon6,1,1,10114000,,,,
2002,3,blackmarket_drop_title2,blackmarket_drop_desc2,zyf_qingjiaohuodong_icon3,1,76,,,,,
2003,4,blackmarket_drop_title3,blackmarket_drop_desc2,zyf_qingjiaohuodong_icon4,1,60,1,,,,
2004,5,blackmarket_drop_title4,blackmarket_drop_desc3,sj_ganenjie_boss,1,71,,,,,
2005,7,blackmarket_drop_title5,blackmarket_drop_desc4,zyf_qingjiaohuodong_icon4,1,67,80021,,,,
2006,6,blackmarket_drop_title6,blackmarket_drop_desc3,sj_ganenjie_boss,0,0,,1040001;1040010,,,
2007,8,blackmarket_drop_title7,blackmarket_drop_desc3,sj_ganenjie_boss,1,67,94013,,,,
2008,11,blackmarket_drop_title8,blackmarket_drop_desc3,zyf_qingjiaohuodong_icon3,1,67,94302,,,,
2009,12,blackmarket_drop_title9,blackmarket_drop_desc3,zyf_qingjiaohuodong_icon4,1,67,94018,,,,
2010,15,blackmarket_drop_title10,blackmarket_drop_desc5,lyp_huodong_paiqian_icon,1,1,10144000,,,,
2101,14,blackmarket_drop_title1,blackmarket_drop_desc1,zyf_qingjiaohuodong_icon6,1,1,10114000,,,,
2102,3,blackmarket_drop_title2,blackmarket_drop_desc2,zyf_qingjiaohuodong_icon3,1,76,,,,,
2103,4,blackmarket_drop_title3,blackmarket_drop_desc2,zyf_qingjiaohuodong_icon4,1,60,1,,,,
2104,5,blackmarket_drop_title4,blackmarket_drop_desc3,sj_ganenjie_boss,1,71,,,,,
2105,7,blackmarket_drop_title5,blackmarket_drop_desc4,zyf_qingjiaohuodong_icon4,1,67,80021,,,,
2106,6,blackmarket_drop_title6,blackmarket_drop_desc3,sj_ganenjie_boss,0,0,,1040001;1040010,,,
2107,8,blackmarket_drop_title7,blackmarket_drop_desc3,sj_ganenjie_boss,1,67,94013,,,,
2108,11,blackmarket_drop_title8,blackmarket_drop_desc3,zyf_qingjiaohuodong_icon3,1,67,94302,,,,
2109,12,blackmarket_drop_title9,blackmarket_drop_desc3,zyf_qingjiaohuodong_icon4,1,67,94018,,,,
2110,15,blackmarket_drop_title10,blackmarket_drop_desc5,lyp_huodong_paiqian_icon,1,1,10144000,,,,
2201,14,blackmarket_drop_title1,blackmarket_drop_desc1,zyf_qingjiaohuodong_icon6,1,1,10114000,,,,
2202,3,blackmarket_drop_title2,blackmarket_drop_desc2,zyf_qingjiaohuodong_icon3,1,76,,,,,
2203,4,blackmarket_drop_title3,blackmarket_drop_desc2,zyf_qingjiaohuodong_icon4,1,60,1,,,,
2204,5,blackmarket_drop_title4,blackmarket_drop_desc3,sj_ganenjie_boss,1,71,,,,,
2205,7,blackmarket_drop_title5,blackmarket_drop_desc4,zyf_qingjiaohuodong_icon4,1,67,80021,,,,
2206,6,blackmarket_drop_title6,blackmarket_drop_desc3,sj_ganenjie_boss,0,0,,1040001;1040010,,,
2207,8,blackmarket_drop_title7,blackmarket_drop_desc3,sj_ganenjie_boss,1,67,94013,,,,
2208,11,blackmarket_drop_title8,blackmarket_drop_desc3,zyf_qingjiaohuodong_icon3,1,67,94302,,,,
2209,12,blackmarket_drop_title9,blackmarket_drop_desc3,zyf_qingjiaohuodong_icon4,1,67,94018,,,,
2210,15,blackmarket_drop_title10,blackmarket_drop_desc5,lyp_huodong_paiqian_icon,1,1,10144000,,,,
2511,14,blackmarket_drop_title1,blackmarket_drop_desc1,zyf_qingjiaohuodong_icon6,1,1,10114000,,,,
2512,14,thanksactivity_UI021,common_drop_way_desc3,zyf_qingjiaohuodong_icon6,1,1,10114000,,,1,0
2513,3,2800108,common_drop_way_desc2,zyf_qingjiaohuodong_icon3,1,76,,,,1,0
2514,4,2800110,common_drop_way_desc2,zyf_qingjiaohuodong_icon4,1,60,1,,,1,0
2515,5,thanksactivity_UI063,common_drop_way_desc2,sj_ganenjie_boss,1,71,,,,1,0
2516,7,2901000,common_drop_way_desc4,zyf_qingjiaohuodong_icon4,1,67,80021,,,1,0
2517,6,monster_boss_name_001,common_drop_way_desc2,sj_ganenjie_boss,0,0,,1040001;1040010,,1,0
2518,8,activity_dropway8_name,common_drop_way_desc2,sj_ganenjie_boss,1,67,94013,,,1,0
2519,10,activity_name_99109,activity_dropway10_desc,lrb_Thanksgiving_Day_BP_yeqian,1,67,99109,,,,
2520,11,2010301,common_drop_way_desc2,zyf_qingjiaohuodong_icon3,1,67,94302,,,1,0
2521,12,monica_event_des006,common_drop_way_desc2,zyf_qingjiaohuodong_icon4,1,67,940142,,,1,0
2522,12,activity_redmason_001,common_drop_way_desc2,zyf_qingjiaohuodong_icon4,1,67,94018,,,1,0
2523,12,activity_violet_001,common_drop_way_desc2,zyf_qingjiaohuodong_icon4,1,67,94023,,,1,0
2524,4,ff_drop_way_title9,common_drop_way_desc6,zyf_qingjiaohuodong_icon4,1,82,,,,1,0
2525,3,ff_drop_way_title12,common_drop_way_desc8,zyf_qingjiaohuodong_icon3,1,82,,,,1,0
2526,3,ff_drop_way_title8,common_drop_way_desc7,zyf_qingjiaohuodong_icon3,1,82,,,,1,0
2530,2,thanksactivity_UI021,common_drop_way_desc3,zyf_qingjiaohuodong_icon6,1,1,10114000,,,1,0
2531,3,2800108,common_drop_way_desc2,zyf_qingjiaohuodong_icon3,1,76,,,,1,0
2532,4,2800110,common_drop_way_desc2,zyf_qingjiaohuodong_icon4,1,60,1,,,1,0
2533,5,thanksactivity_UI063,common_drop_way_desc2,sj_ganenjie_boss,1,71,,,,1,0
2534,7,2901000,common_drop_way_desc4,zyf_qingjiaohuodong_icon4,1,67,80021,,,1,0
2535,6,monster_boss_name_001,common_drop_way_desc2,sj_ganenjie_boss,0,0,,1040001;1040010,,1,0
2536,8,activity_dropway8_name,common_drop_way_desc2,sj_ganenjie_boss,1,67,94013,,,1,0
2537,10,activity_name_99123,activity_dropway10_desc,2024christmas/lyt_2024shengdanjie_bp_yeqian,1,67,99123,,,,
2538,11,2010301,common_drop_way_desc2,zyf_qingjiaohuodong_icon3,1,67,94302,,,1,0
2539,12,monica_event_des006,common_drop_way_desc2,zyf_qingjiaohuodong_icon4,1,67,940142,,,1,0
2540,12,activity_redmason_001,common_drop_way_desc2,zyf_qingjiaohuodong_icon4,1,67,94018,,,1,0
2541,12,activity_violet_001,common_drop_way_desc2,zyf_qingjiaohuodong_icon4,1,67,94023,,,1,0
2542,4,ff_drop_way_title9,common_drop_way_desc6,zyf_qingjiaohuodong_icon4,1,82,,,,1,0
2543,3,ff_drop_way_title12,common_drop_way_desc8,zyf_qingjiaohuodong_icon3,1,82,,,,1,0
2544,3,ff_drop_way_title8,common_drop_way_desc7,zyf_qingjiaohuodong_icon3,1,82,,,,1,0
2545,2,thanksactivity_UI021,common_drop_way_desc3,zyf_qingjiaohuodong_icon6,1,1,10114000,,,1,0
2546,3,2800108,common_drop_way_desc2,zyf_qingjiaohuodong_icon3,1,76,,,,1,0
2547,4,2800110,common_drop_way_desc2,zyf_qingjiaohuodong_icon4,1,60,1,,,1,0
2548,5,thanksactivity_UI063,common_drop_way_desc2,sj_ganenjie_boss,1,71,,,,1,0
2549,7,2901000,common_drop_way_desc4,zyf_qingjiaohuodong_icon4,1,67,80021,,,1,0
2550,6,monster_boss_name_001,common_drop_way_desc2,sj_ganenjie_boss,0,0,,1040001;1040010,,1,0
2551,8,activity_dropway8_name,common_drop_way_desc2,sj_ganenjie_boss,1,67,94013,,,1,0
2552,10,activity_name_99133,activity_dropway10_desc,2025valentine/lyt_qingrenjie_BP_yeqian,1,67,99133,,,,
2553,10,activity_name_99130,activity_dropway10_desc,2025valentine/lyt_huodong_laba_qingrenjie_fenyeicon,1,67,99130,,,,
2554,11,2010301,common_drop_way_desc2,zyf_qingjiaohuodong_icon3,1,67,94302,,,1,0
2555,12,monica_event_des006,common_drop_way_desc2,zyf_qingjiaohuodong_icon4,1,67,940142,,,1,0
2556,12,activity_redmason_001,common_drop_way_desc2,zyf_qingjiaohuodong_icon4,1,67,94018,,,1,0
2557,12,activity_violet_001,common_drop_way_desc2,zyf_qingjiaohuodong_icon4,1,67,94023,,,1,0
2558,12,activity_Scarlett_001,common_drop_way_desc2,zyf_qingjiaohuodong_icon4,1,67,1000085,,,1,0
2559,4,ff_drop_way_title9,common_drop_way_desc6,zyf_qingjiaohuodong_icon4,1,82,,,,1,0
2560,3,ff_drop_way_title12,common_drop_way_desc8,zyf_qingjiaohuodong_icon3,1,82,,,,1,0
2561,3,ff_drop_way_title8,common_drop_way_desc7,zyf_qingjiaohuodong_icon3,1,82,,,,1,0
2562,4,ff_drop_way_title10,common_drop_way_desc9,zyf_qingjiaohuodong_icon4,1,82,,,,1,0
2563,3,ff_drop_way_title11,common_drop_way_desc10,zyf_qingjiaohuodong_icon3,1,82,,,,1,0
2624,2,thanksactivity_UI021,common_drop_way_desc3,zyf_qingjiaohuodong_icon6,1,1,10114000,,,1,0
2625,3,2800108,common_drop_way_desc2,zyf_qingjiaohuodong_icon3,1,76,,,,1,0
2626,4,2800110,common_drop_way_desc2,zyf_qingjiaohuodong_icon4,1,60,1,,,1,0
2627,5,thanksactivity_UI063,common_drop_way_desc2,sj_ganenjie_boss,1,71,,,,1,0
2628,7,2901000,common_drop_way_desc4,zyf_qingjiaohuodong_icon4,1,67,80021,,,1,0
2629,6,monster_boss_name_001,common_drop_way_desc2,sj_ganenjie_boss,0,0,,1040001;1040010,,1,0
2630,8,activity_dropway8_name,common_drop_way_desc2,sj_ganenjie_boss,1,67,94013,,,1,0
2631,10,activity_name_99140,activity_dropway10_desc,2025easter#lyt_2025fuhuojie_BP_yeqian,1,67,99140,,,,
2632,10,activity_name_99138,activity_dropway10_desc,2025easter#lyt_huodong_laba_fuhuojie_fenyeicon,1,67,99138,,,,
2633,11,2010301,common_drop_way_desc2,zyf_qingjiaohuodong_icon3,1,67,94302,,,1,0
2634,12,monica_event_des006,common_drop_way_desc2,zyf_qingjiaohuodong_icon4,1,67,940142,,,1,0
2635,12,activity_redmason_001,common_drop_way_desc2,zyf_qingjiaohuodong_icon4,1,67,94018,,,1,0
2636,12,activity_violet_001,common_drop_way_desc2,zyf_qingjiaohuodong_icon4,1,67,94023,,,1,0
2637,12,activity_Scarlett_001,common_drop_way_desc2,zyf_qingjiaohuodong_icon4,1,67,1000085,,,1,0
2638,4,ff_drop_way_title9,common_drop_way_desc6,zyf_qingjiaohuodong_icon4,1,82,,,,1,0
2639,3,ff_drop_way_title12,common_drop_way_desc8,zyf_qingjiaohuodong_icon3,1,82,,,,1,0
2640,3,ff_drop_way_title8,common_drop_way_desc7,zyf_qingjiaohuodong_icon3,1,82,,,,1,0
2641,4,ff_drop_way_title10,common_drop_way_desc9,zyf_qingjiaohuodong_icon4,1,82,,,,1,0
2642,3,ff_drop_way_title11,common_drop_way_desc10,zyf_qingjiaohuodong_icon3,1,82,,,,1,0
2675,2,thanksactivity_UI021,common_drop_way_desc3,zyf_qingjiaohuodong_icon6,1,1,10114000,,,1,0
2676,3,2800108,common_drop_way_desc2,zyf_qingjiaohuodong_icon3,1,76,,,,1,0
2677,4,2800110,common_drop_way_desc2,zyf_qingjiaohuodong_icon4,1,60,1,,,1,0
2678,5,thanksactivity_UI063,common_drop_way_desc2,sj_ganenjie_boss,1,71,,,,1,0
2679,6,2901000,common_drop_way_desc4,zyf_qingjiaohuodong_icon4,1,67,80021,,,1,0
2680,7,monster_boss_name_001,common_drop_way_desc2,sj_ganenjie_boss,0,0,,1040001;1040010,,1,0
2681,7,season_s4_monster_patrol_name,common_drop_way_desc2,sj_ganenjie_boss,0,0,,4053001;4053016,,1,0
2682,8,activity_dropway8_name,common_drop_way_desc2,sj_ganenjie_boss,1,67,94013,,,1,0
2683,3,2800108,common_drop_way_desc2,zyf_qingjiaohuodong_icon3,1,76,,,,1,0
2684,4,ff_drop_way_title13,common_drop_way_desc2,zyf_qingjiaohuodong_icon4,1,60,1,,,1,0
2685,26,season_s4_monster_bossname_xueye,common_drop_way_desc2,zyf_2025yinyuejie_xianshidiaoluo_xueyejijieguai_icon,1,76,,,,1,0
2686,25,season_s4_monster_name_xueye,common_drop_way_desc2,zyf_2025yinyuejie_xianshidiaoluo_xueyesangshi_icon,1,60,1,,,1,0
2687,10,activity_name_99148,activity_dropway11_desc,2025easter#lyt_2025fuhuojie_BP_yeqian,1,67,99148,,,,
2688,10,activity_name_99145,activity_dropway11_desc,2025easter#lyt_huodong_laba_fuhuojie_fenyeicon,1,67,99145,,,,
2689,11,2010301,common_drop_way_desc2,zyf_qingjiaohuodong_icon3,1,67,94302,,,1,0
2690,12,monica_event_des006,common_drop_way_desc2,zyf_qingjiaohuodong_icon4,1,67,940142,,,1,0
2691,12,activity_redmason_001,common_drop_way_desc2,zyf_qingjiaohuodong_icon4,1,67,94018,,,1,0
2692,12,activity_violet_001,common_drop_way_desc2,zyf_qingjiaohuodong_icon4,1,67,94023,,,1,0
2693,12,activity_Scarlett_001,common_drop_way_desc2,zyf_qingjiaohuodong_icon4,1,67,1000085,,,1,0
2694,12,activity_Sara_008,common_drop_way_desc2,zyf_qingjiaohuodong_icon4,1,67,1200018,,,1,0
2695,4,ff_drop_way_title9,common_drop_way_desc6,zyf_qingjiaohuodong_icon4,1,82,,,,1,0
2696,3,ff_drop_way_title12,common_drop_way_desc8,zyf_qingjiaohuodong_icon3,1,82,,,,1,0
2697,3,ff_drop_way_title8,common_drop_way_desc7,zyf_qingjiaohuodong_icon3,1,82,,,,1,0
2698,4,ff_drop_way_title10,common_drop_way_desc9,zyf_qingjiaohuodong_icon4,1,82,,,,1,0
2699,3,ff_drop_way_title11,common_drop_way_desc10,zyf_qingjiaohuodong_icon3,1,82,,,,1,0
2700,4,dark_guard_name,common_drop_way_desc11,zyf_qingjiaohuodong_icon4,1,82,,,,1,0
2701,3,ff_drop_way_title15,common_drop_way_desc12,zyf_qingjiaohuodong_icon3,1,82,,,,1,0
2702,29,season_s3_monster_name012,common_drop_way_desc13,zyf_2025yinyuejie_xianshidiaoluo_jinjiachong_icon,1,82,,,,1,0
2703,30,ff_drop_way_title16,common_drop_way_desc14,zyf_2025yinyuejie_xianshidiaoluo_shachongjiangli_icon,1,82,,,,1,0
2704,28,season_s4_kappa_name,common_drop_way_desc15,zyf_2025yinyuejie_xianshidiaoluo_hetong_icon,1,82,,,,1,0
2705,27,ff_drop_way_title17,common_drop_way_desc16,zyf_2025yinyuejie_xianshidiaoluo_huachejiangli_icon,1,82,,,,1,0
2706,7,monster_boss_name_001,common_drop_way_desc2,sj_ganenjie_boss,0,0,,1040001;1040010,,1,0
2707,3,2800108,common_drop_way_desc2,zyf_qingjiaohuodong_icon3,1,76,,,,1,0
2708,4,2800110,common_drop_way_desc2,zyf_qingjiaohuodong_icon4,1,60,1,,,1,0
2800,2,thanksactivity_UI021,common_drop_way_desc3,zyf_qingjiaohuodong_icon6,1,1,10114000,,,1,0
2801,3,2800108,common_drop_way_desc2,zyf_qingjiaohuodong_icon3,1,76,,,,1,0
2802,3,2800108,common_drop_way_desc2,zyf_qingjiaohuodong_icon3,1,76,,,,1,0
2803,3,2800108,common_drop_way_desc2,zyf_qingjiaohuodong_icon3,1,76,,,,1,0
2804,3,2800108,common_drop_way_desc2,zyf_qingjiaohuodong_icon3,1,76,,,,1,0
2805,4,2800110,common_drop_way_desc2,zyf_qingjiaohuodong_icon4,1,60,1,,,1,0
2806,4,ff_drop_way_title13,common_drop_way_desc2,zyf_qingjiaohuodong_icon4,1,60,1,,,1,0
2807,4,2800110,common_drop_way_desc2,zyf_qingjiaohuodong_icon4,1,60,1,,,1,0
2808,4,ff_drop_way_title20,common_drop_way_desc2,zyf_qingjiaohuodong_icon3,1,60,1,,,1,0
2809,5,thanksactivity_UI063,common_drop_way_desc2,sj_ganenjie_boss,1,71,,,,1,0
2810,6,2901000,common_drop_way_desc4,zyf_qingjiaohuodong_icon4,1,67,80021,,,1,0
2811,7,monster_boss_name_001,common_drop_way_desc2,sj_ganenjie_boss,0,0,,1040001;1040010,,1,0
2812,7,season_s4_monster_patrol_name,common_drop_way_desc2,sj_ganenjie_boss,0,0,,4053001;4053016,,1,0
2813,7,monster_boss_name_001,common_drop_way_desc2,sj_ganenjie_boss,0,0,,1040001;1040010,,1,0
2814,7,monster_boss_name_001,common_drop_way_desc2,sj_ganenjie_boss,0,0,,1040001;1040010,,1,0
2815,8,activity_dropway8_name,common_drop_way_desc2,sj_ganenjie_boss,1,67,94013,,,1,0
2816,26,season_s4_monster_bossname_xueye,common_drop_way_desc2,zyf_2025yinyuejie_xianshidiaoluo_xueyejijieguai_icon,1,76,,,,1,0
2817,25,season_s4_monster_name_xueye,common_drop_way_desc2,zyf_2025yinyuejie_xianshidiaoluo_xueyesangshi_icon,1,60,1,,,1,0
2818,10,activity_name_99158,activity_dropway11_desc,2025halloween/lyt_wanshengjie_diaoluo_daoju2,1,67,99158,,,,
2819,10,activity_name_99159,activity_dropway11_desc,2025halloween/lyt_wanshengjie_diaoluo_daoju1,1,67,99159,,,,
2820,11,2010301,common_drop_way_desc2,zyf_qingjiaohuodong_icon3,1,67,94302,,,1,0
2821,12,monica_event_des006,common_drop_way_desc2,zyf_qingjiaohuodong_icon4,1,67,940142,,,1,0
2822,12,activity_redmason_001,common_drop_way_desc2,zyf_qingjiaohuodong_icon4,1,67,94018,,,1,0
2823,12,activity_violet_001,common_drop_way_desc2,zyf_qingjiaohuodong_icon4,1,67,94023,,,1,0
2824,12,activity_Scarlett_001,common_drop_way_desc2,zyf_qingjiaohuodong_icon4,1,67,1000085,,,1,0
2825,12,activity_Sara_008,common_drop_way_desc2,zyf_qingjiaohuodong_icon4,1,67,1200018,,,1,0
2826,4,ff_drop_way_title9,common_drop_way_desc6,zyf_qingjiaohuodong_icon4,1,82,,,,1,0
2827,3,ff_drop_way_title12,common_drop_way_desc8,zyf_qingjiaohuodong_icon3,1,82,,,,1,0
2828,3,ff_drop_way_title8,common_drop_way_desc7,zyf_qingjiaohuodong_icon3,1,82,,,,1,0
2829,4,ff_drop_way_title10,common_drop_way_desc9,zyf_qingjiaohuodong_icon4,1,82,,,,1,0
2830,3,ff_drop_way_title11,common_drop_way_desc10,zyf_qingjiaohuodong_icon3,1,82,,,,1,0
2831,4,dark_guard_name,common_drop_way_desc11,zyf_qingjiaohuodong_icon4,1,82,,,,1,0
2832,3,ff_drop_way_title15,common_drop_way_desc12,zyf_qingjiaohuodong_icon3,1,82,,,,1,0
2833,4,ff_drop_way_title18,common_drop_way_desc18,zyf_qingjiaohuodong_icon4,1,82,,,,1,0
2834,3,ff_drop_way_title19,common_drop_way_desc19,zyf_qingjiaohuodong_icon3,1,82,,,,1,0
2835,29,season_s3_monster_name012,common_drop_way_desc13,zyf_2025yinyuejie_xianshidiaoluo_jinjiachong_icon,1,82,,,,1,0
2836,30,ff_drop_way_title16,common_drop_way_desc14,zyf_2025yinyuejie_xianshidiaoluo_shachongjiangli_icon,1,82,,,,1,0
2837,28,season_s4_kappa_name,common_drop_way_desc15,zyf_2025yinyuejie_xianshidiaoluo_hetong_icon,1,82,,,,1,0
2838,27,ff_drop_way_title17,common_drop_way_desc16,zyf_2025yinyuejie_xianshidiaoluo_huachejiangli_icon,1,82,,,,1,0
2839,31,ff_drop_way_title21,common_drop_way_desc21,2025halloween/lyt_2025wanshengjie_xianshidiaoluo_xiaoji,1,82,,,,1,0
3001,14,blackmarket_drop_title1,blackmarket_drop_desc1,zyf_qingjiaohuodong_icon6,1,1,10114000,,,,
3002,3,blackmarket_drop_title2,blackmarket_drop_desc2,zyf_qingjiaohuodong_icon3,1,76,,,,,
3003,4,blackmarket_drop_title3,blackmarket_drop_desc2,zyf_qingjiaohuodong_icon4,1,60,1,,,,
3004,5,blackmarket_drop_title4,blackmarket_drop_desc3,sj_ganenjie_boss,1,71,,,,,
3005,7,blackmarket_drop_title5,blackmarket_drop_desc4,zyf_qingjiaohuodong_icon4,1,67,80021,,,,
3006,6,blackmarket_drop_title6,blackmarket_drop_desc3,sj_ganenjie_boss,0,0,,1040001;1040010,,,
3007,8,blackmarket_drop_title7,blackmarket_drop_desc3,sj_ganenjie_boss,1,67,94013,,,,
3008,11,blackmarket_drop_title8,blackmarket_drop_desc3,zyf_qingjiaohuodong_icon3,1,67,94302,,,,
3009,12,blackmarket_drop_title9,blackmarket_drop_desc3,zyf_qingjiaohuodong_icon4,1,67,1000085,,,,
3010,15,blackmarket_drop_title10,blackmarket_drop_desc5,lyp_huodong_paiqian_icon,1,1,10144000,,,,
3011,14,blackmarket_drop_title1,blackmarket_drop_desc1,zyf_qingjiaohuodong_icon6,1,1,10114000,,,1,0
3012,3,blackmarket_drop_title2,blackmarket_drop_desc2,zyf_qingjiaohuodong_icon3,1,76,,,,1,0
3013,4,blackmarket_drop_title3,blackmarket_drop_desc2,zyf_qingjiaohuodong_icon4,1,60,1,,,1,0
3014,5,blackmarket_drop_title4,blackmarket_drop_desc3,sj_ganenjie_boss,1,71,,,,1,0
3015,7,blackmarket_drop_title5,blackmarket_drop_desc4,zyf_qingjiaohuodong_icon4,1,67,80021,,,1,0
3016,6,blackmarket_drop_title6,blackmarket_drop_desc3,sj_ganenjie_boss,0,0,,1040001;1040010,,1,0
3017,8,blackmarket_drop_title7,blackmarket_drop_desc3,sj_ganenjie_boss,1,67,94013,,,1,0
3018,11,blackmarket_drop_title8,blackmarket_drop_desc3,zyf_qingjiaohuodong_icon3,1,67,94302,,,1,0
3019,12,blackmarket_drop_title9,blackmarket_drop_desc3,zyf_qingjiaohuodong_icon4,1,67,1200018,,,1,0
3020,15,blackmarket_drop_title10,blackmarket_drop_desc5,lyp_huodong_paiqian_icon,1,1,10144000,,,1,0
