id,remark,season_condition,season_day,score,small_os,medium_birth_os,medium_die_os,summon_boss_score,summon_boss_id,light_num,prep_time,birth_time,challenge_time,attack_interval,attack_quantity,attack_delay,initial_weight,reduce_weight,boss_max_hp,boss_reduce_hp,crit_chance,crit_damage,skill_type,world_treasure,treasure_num,treasure_player_collection,attack_reward,kill_reward_double,count_down_hour,icon,banner,bannerTittle,bannerDes,desc,progress_icon,chat_icon,attack_max_num
1,0-1赛季 当线上有活动正在进行中的情况下，更新这个配置不会直接刷新，默认读第一行,0-1,1,,monster_invasion_gold_os_1,activity_godzilla_os_2|monster_invasion_boss_os_2,,0,0,0,0,0,0,0,0,0,0,0,0,0,0,,,0,0,0,0,0,,zyf_guaiwuruqin_yeqian_icon,zyf_guaiwuruqin_banner,2901000,2901002,2901010,,,0
2,2赛季,2-2,57,0|1;46|1;101|1,monster_invasion_gold_os_1,activity_godzilla_os_2|monster_invasion_boss_os_2,activity_godzilla_os_1|activity_godzilla_os_3|activity_godzilla_os_4,40,1030091,4,60,7,3600,20,5,5,100,20,1000,1,65,40|2;20|3;5|5,1,14,10,999,104093036,10,2,ljq_lianmengrizhi_huodong5_icon,ljq_sangshiruqin_s2_beijing,activity_name_godzilla,activity_godzilla_desc,activity_godzilla_rule,ljq_sangshiruqin_s2_godzilla_02|ljq_sangshiruqin_s2_godzilla_01|ljq_sangshiruqin_s2_godzilla_03,ljq_leida_godzilla,30
3,3赛季,3-3,57,0|1;46|1;101|1,monster_invasion_gold_os_1,activity_godzilla_os_2|monster_invasion_boss_os_2,activity_godzilla_os_1|activity_godzilla_os_3|activity_godzilla_os_4,40,1030091,4,60,7,3600,20,5,5,100,20,1000,1,65,40|2;20|3;5|5,1,14,10,999,104093036,10,2,ljq_lianmengrizhi_huodong5_icon,ljq_sangshiruqin_s2_beijing,activity_name_godzilla,activity_godzilla_desc,activity_godzilla_rule,ljq_sangshiruqin_s2_godzilla_02|ljq_sangshiruqin_s2_godzilla_01|ljq_sangshiruqin_s2_godzilla_03,ljq_leida_godzilla,30
4,4赛季,4-4,57,0|1;46|1;101|1,monster_invasion_gold_os_1,activity_godzilla_os_2|monster_invasion_boss_os_2,activity_godzilla_os_1|activity_godzilla_os_3|activity_godzilla_os_4,40,1030091,4,60,7,3600,20,5,5,100,20,1000,1,65,40|2;20|3;5|5,1,14,10,999,104093036,10,2,ljq_lianmengrizhi_huodong5_icon,ljq_sangshiruqin_s2_beijing,activity_name_godzilla,activity_godzilla_desc,activity_godzilla_rule,ljq_sangshiruqin_s2_godzilla_02|ljq_sangshiruqin_s2_godzilla_01|ljq_sangshiruqin_s2_godzilla_03,ljq_leida_godzilla,30
5,5赛季,5-5,57,0|1;46|1;101|1,monster_invasion_gold_os_1,activity_godzilla_os_2|monster_invasion_boss_os_2,activity_godzilla_os_1|activity_godzilla_os_3|activity_godzilla_os_4,40,1030091,4,60,7,3600,20,5,5,100,20,1000,1,65,40|2;20|3;5|5,1,14,10,999,104093036,10,2,ljq_lianmengrizhi_huodong5_icon,ljq_sangshiruqin_s2_beijing,activity_name_godzilla,activity_godzilla_desc,activity_godzilla_rule,ljq_sangshiruqin_s2_godzilla_02|ljq_sangshiruqin_s2_godzilla_01|ljq_sangshiruqin_s2_godzilla_03,ljq_leida_godzilla,30
