id,unlock_time,name,description,funcIcon,funcName,funcDesc,type,para,times,times2,function,reward,quest_pic,jump,server,para2
101,72,390995,390996,icon_alliancerelocation,390997,391000,6,1000,48,0,2,350003;350004;350005,UIWorldTrend_icon_scene4,,,
102,48,390982,390983,,,,8,2000,72,,,350000;350001;350002,UIWorldTrend_icon_scene4,7,,
103,96,390984,390985,icon_Alliance position,395003,391011,2,50,96,0,4,350009;350010;350011,UIWorldTrend_icon_scene4,2,,
104,120,390986,390987,,,,3,100,72,,,350012;350013;350014,UIWorldTrend_icon_scene4,3,1-10,
105,288,390988,390989,,,,4,1,48,,,350015;350016;350017,UIWorldTrend_icon_scene4,,,1
106,240,390990,390991,icon_Insecttyrant,302078,391012,5,12,48,0,5,350018;350019;350020,UIWorldTrend_icon_scene4,4,,
107,96,391004,391005,icon_businessgiant,371053,391001,7,500,48,0,1,350006;350007;350008,UIWorldTrend_icon_scene4,6,,
108,192,390984,390985,,,,2,70,48,,,350021;350022;350023,UIWorldTrend_icon_scene4,2,,
109,336,390988,390989,,,,4,1,72,,,350024;350025;350026,UIWorldTrend_icon_scene4,,,2
110,360,390984,390985,,,,2,100,72,,,350027;350028;350029,UIWorldTrend_icon_scene4,2,,
111,408,390988,390989,,,,4,1,96,,,350030;350031;350032,UIWorldTrend_icon_scene4,,,3
112,432,390986,390987,,,,3,200,168,,,350033;350034;350035,UIWorldTrend_icon_scene4,3,1-10,
113,504,390988,390989,,,,4,1,192,,,350036;350037;350038,UIWorldTrend_icon_scene4,,,4
114,648,390984,390985,,,,2,200,96,,,350039;350040;350041,UIWorldTrend_icon_scene4,2,,
115,744,390988,390989,,,,4,1,192,,,350042;350043;350044,UIWorldTrend_icon_scene4,,,5
116,936,390988,390989,,,,4,1,192,,,350045;350046;350047,UIWorldTrend_icon_scene4,,,6
117,1176,390988,390989,,,,4,1,216,,,350048;350049;350050,UIWorldTrend_icon_scene4,,,7
118,120,391004,391005,icon_businessgiant,371053,391001,7,800,72,,,350012;350013;350014,UIWorldTrend_icon_scene4,6,11-100,
119,432,391004,391005,icon_businessgiant,371053,391001,7,2000,168,,,350033;350034;350035,UIWorldTrend_icon_scene4,6,11-100,
