id,type,para1,share_components,mainui_msg_key,ac_msg_key,visitor_event,reward
110,1,10,4,alliance_congratulation_mainui_base,alliance_congratulation_al_base_10,14001,212000002|212000012
114,1,14,5,alliance_congratulation_mainui_base,alliance_congratulation_al_base_14,14001,212000003|212000013
117,1,17,6,alliance_congratulation_mainui_base,alliance_congratulation_al_base_17,14001,212000005|212000015
120,1,20,7,alliance_congratulation_mainui_base,alliance_congratulation_al_base_20,14001,212000006|212000016
200,2,50032,8,alliance_congratulation_mainui_frontLifr,alliance_congratulation_al_frontLifr,14001,212000001|212000011
300,3,132,9,alliance_congratulation_mainui_baseStage,alliance_congratulation_al_baseStage,14001,212000004|212000014
