id,type,weight,name,desc,icon,icon_animation,time_help,bubble,open
10001,1,10000,alliance_war_notice_UI_04,alliance_war_notice_UI_05,Assets/Main/Sprites/UI/UIAllianceWarEvent/mjc_lianmengzhanshi_icon_l_xuanzhan.png,Assets/Main/Prefabs/Effect/AllianceWar/Eff_ui_alliancewar_declare.prefab,alliance_war_notice_tips_1,1,1
10002,2,9000,alliance_war_notice_UI_10,alliance_war_notice_UI_07,Assets/Main/Sprites/UI/UIAllianceWarEvent/mjc_lianmengzhanshi_icon_l_fangyu.png,Assets/Main/Prefabs/Effect/AllianceWar/Eff_ui_alliancewar_defence.prefab,alliance_war_notice_tips_1,1,1
10003,3,8000,alliance_war_notice_UI_04,alliance_war_notice_UI_06,Assets/Main/Sprites/UI/UIAllianceWarEvent/mjc_lianmengzhanshi_icon_l_zhengduo.png,Assets/Main/Prefabs/Effect/AllianceWar/Eff_ui_alliancewar_fight.prefab,alliance_war_notice_tips_2,1,1
10004,4,7000,alliance_war_notice_UI_10,alliance_war_notice_UI_07,Assets/Main/Sprites/UI/UIAllianceWarEvent/mjc_lianmengzhanshi_icon_l_fangyu.png,Assets/Main/Prefabs/Effect/AllianceWar/Eff_ui_alliancewar_defence.prefab,alliance_war_notice_tips_2,1,1
10005,5,6000,alliance_war_notice_UI_04,alliance_war_notice_UI_06,Assets/Main/Sprites/UI/UIAllianceWarEvent/mjc_lianmengzhanshi_icon_l_zhengduo.png,Assets/Main/Prefabs/Effect/AllianceWar/Eff_ui_alliancewar_fight.prefab,alliance_war_notice_tips_3,1,1
10006,6,5000,alliance_war_notice_UI_11,alliance_war_notice_UI_05,Assets/Main/Sprites/UI/UIAllianceWarEvent/mjc_lianmengzhanshi_icon_l_zhengduo.png,Assets/Main/Prefabs/Effect/AllianceWar/Eff_ui_alliancewar_fight.prefab,,1,1
10007,7,4000,alliance_war_notice_UI_12,alliance_war_notice_UI_07,Assets/Main/Sprites/UI/UIAllianceWarEvent/mjc_lianmengzhanshi_icon_l_fangyu.png,Assets/Main/Prefabs/Effect/AllianceWar/Eff_ui_alliancewar_fight.prefab,,1,1
