id,city_level,alliance_gold_num,alliance_gold_capacity,alliance_gold_gathering,alliance_metal_num,alliance_metal_capacity,alliance_metal_gathering,alliance_resource_refresh,alliance_gold_collect_num,alliance_metal_collect_num,des,gold_gathering_show,metal_gathering_show
1,1,2,600000,1.39,0,100000,0.5,7200,16,4,142511,5000,1200
2,2,2,750000,1.42,0,200000,0.7,7200,16,4,142511,5100,1220
3,3,2,1000000,1.47,0,300000,0.9,7200,16,4,142511,5300,1240
4,4,2,1450000,1.53,0,400000,1.1,7200,16,4,142511,5500,1260
5,5,2,1800000,1.56,0,500000,1.3,7200,16,4,142511,5600,1320
6,6,2,2100000,1.61,0,600000,1.5,7200,16,4,142511,5800,1380
7,7,2,3000000,1.67,0,0,0,7200,16,0,142511,6000,1440
