id,type,condition,Forbidden,land_cd,warn_cd,icon,order,describe
1,4,"400000,2","400000,5",15,45,UIMain_warningBall_1,7,100623
2,3,"400000,2","400000,5",15,45,UIMain_warningBall_1,7,100624
5,5,"400000,4","400000,8",15,45,UIMain_warningBall_2,7,100656
6,6,"400000,4","400000,8",15,45,UIMain_warningBall_2,7,100657
7,7,"400000,4","400000,8",20,60,UIMain_icon_ball_road,6,100658
8,8,"400000,4","400000,8",20,60,UIMain_icon_ball_upgrade,6,100659
11,11,"400000,4","400000,5",30,60,UIMain_warningBall_8,5,100647
12,12,"400000,4","400000,5",30,60,UIMain_warningBall_8,5,100648
13,13,"400000,4","400000,5",30,60,UIMain_warningBall_8,5,100649
14,14,"400000,4","400000,6",30,60,UIMain_warningBall_8,5,100650
15,15,"400000,4","400000,5",30,60,UIMain_warningBall_8,5,100651
16,16,"400000,4","400000,8",60,60,UIMain_warningBall_7,4,100652
17,17,"400000,4","400000,8",60,90,UIMain_warningBall_4,4,100653
18,18,"400000,4","400000,8",60,90,UIMain_warningBall_3,4,100654
19,19,"400000,4","400000,8",60,120,UIMain_warningBall_6,3,100655
20,2,"400000,3",,10,2,UIMain_warningBall_8,9,120955
