id,icon,name,ban_tag,ban_use,description,out_building,protect_effect_number,alert_max_config
0,Common_icon_oil,100014,1,,182071,413000,,0
1,cfm_zhujiemian_tubiao_ziyuan2,100021,,,182152,10206000,50123,0
2,cfm_zhujiemian_tubiao_ziyuan1,100014,,,182071,,50124,0
3,Common_icon_stamina,134002,1,,134003,,,0
4,Common_icon_people,100198,1,,100198,,,0
5,,23994,1,,23979,,,0
6,,23993,1,,23978,,,0
7,,23992,1,,23977,,,0
8,,23991,1,,23976,,,0
9,,23990,1,,23975,,,0
10,Common_icon_recruit_firecrystal,resource_name004,,,goods_desc_640025,,,0
11,Common_icon_water,100546,1,,182069,432000,,0
12,Common_icon_electricity,100002,1,,182072,444000|447000|431000,,0
13,Common_icon_recruit_massif3,resource_name003,,,goods_desc_640025,,,0
14,cfm_zhujiemian_tubiao_ziyuan4,100000,,,182068,401000|710000|700000|409000|724000,50122,0
15,Common_icon_gold,100183,,,320328,,,0
17,Common_icon_pvecode,400011,,,400012,,,0
20,Common_icon_radar,140073,,,140074,,,0
21,Common_icon_stamina,134002,,,134003,734000,,0
22,,,,,,,,0
23,Mjc_zhujiemian_tubiao_shiyou,resource_name_23,,,resource_desc_23,10221000,,0
24,,,,,,,,0
25,Assets/Main/SeasonRes/S4/Sprites/UI/PowerHouseS4/ljq_saijis4_diandeng_dianchi_05.png,season_s4_electricity_name,,,season_s4_electricity_desc,,,0
1004,zyf_lianmengkejijuanxian_jifen,390964,,,res_alliancePoint_desc,,,0
1005,zyf_xunzhang_icon,457008,,,458288,,,0
1006,zyf_saijikaifa_dangqiankangxing_icon,803053,,,803053,,,0
1007,,season_alliance_reward_ui003,,,season_trends_mail_name003,,,0
11014,icon_s2_xitu_alliance,season_s2_prosperity,,,season_s2_resource_item_desc11014,,,0
11015,icon_s2_mei,season_s2_resource_item_name11015,,,season_s2_resource_item_desc11015,,,0
11016,,season_builders_alliance_UI_48,,,season_builders_alliance_UI_49,,,0
11017,zyf_lianmengjianshezhe_jianshetanchuang_icon_daoju,season_builders_alliance_UI_46,,,season_builders_alliance_UI_47,,,0
12001,cfm_zhujiemian_tubiao_ziyuan1,100014,,,182071,,50124,0
