id,Name,Desc,Show,Scale,Radius,Time,Dialog,Action,Reward,pic,Type
1,300684,300689,O_env_guide_people,"1,1",1.5,3,390118,1,,,
2,300685,300690,O_env_wxlj,"1,1",1.5,3,390118,1,106082,collect_xiangzi,
3,300686,300691,O_env_czgj,"2,2",3,3,390118,1,106083,collect_haigu,
4,300687,300692,O_env_wzx02,"1,1",1.5,3,390118,2,106084,collect_qiyoutong,
5,300688,300693,O_env_wzx01,"1,1",1.5,3,390118,1,106085,collect_xiangzi,
6,300684,300689,O_env_monster_hole,"2,2",3,3,390118,0,106081,,
7,300685,300690,O_env_hjch,"2,2",3,3,390118,1,106087,collect_feixingqi,
8,300687,300692,O_env_wzx02,"1,1",1.5,1,390118,1,105100,collect_qiyoutong,
9,300688,300693,O_env_wzx01,"1,1",1.5,1,390118,1,105100,collect_xiangzi,
10,300684,300689,O_env_wxlj,"1,1",1.5,1,390118,1,105100,collect_xiangzi,
11,300685,300690,O_env_wxlj,"1,1",1.5,1,390118,1,105100,collect_xiangzi,
12,300686,300691,O_env_czgj,"1,1",1.5,1,390118,1,105100,collect_haigu,
13,300687,300692,O_env_hjch,"1,1",1.5,1,390118,1,105100,collect_feixingqi,
14,300731,300732,O_env_sg,"1,1",1.5,1,390118,1,100203,collect_shuitong,11
15,300731,300732,O_env_sg,"1,1",1.5,1,390118,1,100204,collect_shuitong,11
16,300731,300732,O_env_sg,"1,1",1.5,1,390118,1,100205,collect_shuitong,11
17,300731,300732,O_env_sg,"1,1",1.5,1,390118,1,100206,collect_shuitong,11
18,100013,182070,O_build_sjxz,"1,1",1.5,1,390118,1,100200,collect_shuijing,1
19,100013,182070,O_build_sjxz,"1,1",1.5,1,390118,1,100201,collect_shuijing,1
20,100013,182070,O_build_sjxz,"1,1",1.5,1,390118,1,100202,collect_shuijing,1
21,300687,300692,O_env_wzx01,"1,1",1.5,1,390118,1,100207,collect_xiangzi,
22,300685,300690,O_env_hjch,"1,1",1.5,1,390118,1,100208,collect_feixingqi,
23,300687,300692,O_env_wzx01,"1,1",1.5,1,390118,1,100209,collect_xiangzi,
24,300685,300690,O_env_hjch,"1,1",1.5,1,390118,1,100210,collect_feixingqi,
25,300687,300692,O_env_wzx01,"1,1",1.5,1,390118,1,100211,collect_xiangzi,
26,300687,300692,O_env_wzx01,"1,1",1.5,1,390118,1,100212,collect_haigu,
27,300687,300692,O_env_wzx01,"1,1",1.5,1,390118,1,100213,collect_haigu,
28,300688,300693,O_env_wzx02,"1,1",1.5,1,390118,1,100214,collect_qiyoutong,
29,300688,300693,O_env_wzx02,"1,1",1.5,1,390118,1,100215,collect_qiyoutong,
30,300687,300692,O_env_wzx01,"1,1",1.5,1,390118,1,100216,collect_xiangzi,
31,300687,300692,O_env_wzx01,"1,1",1.5,1,390118,1,100217,collect_xiangzi,
