id,resource_type,param,level,reserve,size,expire,gathering,show_gathering,collect_power,unlock_science,name,pic,desc,model
1,10000,10001,1,120,1,720,0.0333,120,10,300700,104285,14,104282,CollectResourceStone_world
2,10000,10001,2,200,1,720,0.0333,120,10,300700,104285,14,104282,CollectResourceStone_world
3,10000,10001,3,500,1,720,0.0333,120,10,300700,104285,14,104282,CollectResourceStone_world
4,10000,10001,4,750,1,720,0.0333,120,10,300700,104285,14,104282,CollectResourceStone_world
5,10000,10001,5,1250,1,720,0.0333,120,10,300700,104285,14,104282,CollectResourceStone_world
6,10000,10001,6,2000,1,720,0.0333,120,10,300700,104285,14,104282,CollectResourceStone_world
7,10000,10001,7,3000,1,720,0.0333,120,10,300700,104285,14,104282,CollectResourceStone_world
8,10000,10001,8,4000,1,720,0.0333,120,10,300700,104285,14,104282,CollectResourceStone_world
9,10000,10001,9,5000,1,720,0.0333,120,10,300700,104285,14,104282,CollectResourceStone_world
10,10000,10001,10,6000,1,720,0.0333,120,10,300700,104285,14,104282,CollectResourceStone_world
101,11,0,1,120,1,720,0.1333,480,10,,104286,14,104281,CollectResourceWater_world
102,11,0,2,200,1,720,0.1333,480,10,,104286,14,104281,CollectResourceWater_world
103,11,0,3,500,1,720,0.1333,480,10,,104286,14,104281,CollectResourceWater_world
104,11,0,4,750,1,720,0.1333,480,10,,104286,14,104281,CollectResourceWater_world
105,11,0,5,1250,1,720,0.1333,480,10,,104286,14,104281,CollectResourceWater_world
106,11,0,6,2000,1,720,0.1333,480,10,,104286,14,104281,CollectResourceWater_world
107,11,0,7,3000,1,720,0.1333,480,10,,104286,14,104281,CollectResourceWater_world
108,11,0,8,4000,1,720,0.1333,480,10,,104286,14,104281,CollectResourceWater_world
109,11,0,9,5000,1,720,0.1333,480,10,,104286,14,104281,CollectResourceWater_world
110,11,0,10,6000,1,720,0.1333,480,10,,104286,14,104281,CollectResourceWater_world
201,14,0,1,2500,1,720,0.2778,1000,10,,300404,14,104287,CollectResourcesMoney_world
202,14,0,2,5000,1,720,0.2778,1000,10,,300404,14,104287,CollectResourcesMoney_world
203,14,0,3,20000,1,720,0.2778,1000,10,,300404,14,104287,CollectResourcesMoney_world
204,14,0,4,60000,1,720,0.2778,1000,10,,300404,14,104287,CollectResourcesMoney_world
205,14,0,5,180000,1,720,0.2778,1000,10,,300404,14,104287,CollectResourcesMoney_world
206,14,0,6,400000,1,720,0.2778,1000,10,,300404,14,104287,CollectResourcesMoney_world
207,14,0,7,600000,1,720,0.2778,1000,10,,300404,14,104287,CollectResourcesMoney_world
208,14,0,8,800000,1,720,0.2778,1000,10,,300404,14,104287,CollectResourcesMoney_world
209,14,0,9,1000000,1,720,0.2778,1000,10,,300404,14,104287,CollectResourcesMoney_world
210,14,0,10,1200000,1,720,0.2778,1000,10,,300404,14,104287,CollectResourcesMoney_world
301,15,0,1,12,1,720,0.0017,6,10,,100183,14,104289,CollectResourcesGold_world
302,15,0,2,20,1,720,0.0017,6,10,,100183,14,104289,CollectResourcesGold_world
303,15,0,3,50,1,720,0.0017,6,10,,100183,14,104289,CollectResourcesGold_world
304,15,0,4,75,1,720,0.0017,6,10,,100183,14,104289,CollectResourcesGold_world
305,15,0,5,125,1,720,0.0017,6,10,,100183,14,104289,CollectResourcesGold_world
306,15,0,6,200,1,720,0.0017,6,10,,100183,14,104289,CollectResourcesGold_world
307,15,0,7,300,1,720,0.0017,6,10,,100183,14,104289,CollectResourcesGold_world
308,15,0,8,400,1,720,0.0017,6,10,,100183,14,104289,CollectResourcesGold_world
309,15,0,9,500,1,720,0.0017,6,10,,100183,14,104289,CollectResourcesGold_world
310,15,0,10,600,1,720,0.0017,6,10,,100183,14,104289,CollectResourcesGold_world
401,10000,10000,1,120,1,720,0.0333,120,10,300900,104283,14,104284,CollectResourceWood_world
402,10000,10000,2,200,1,720,0.0333,120,10,300900,104283,14,104284,CollectResourceWood_world
403,10000,10000,3,500,1,720,0.0333,120,10,300900,104283,14,104284,CollectResourceWood_world
404,10000,10000,4,750,1,720,0.0333,120,10,300900,104283,14,104284,CollectResourceWood_world
405,10000,10000,5,1250,1,720,0.0333,120,10,300900,104283,14,104284,CollectResourceWood_world
406,10000,10000,6,2000,1,720,0.0333,120,10,300900,104283,14,104284,CollectResourceWood_world
407,10000,10000,7,3000,1,720,0.0333,120,10,300900,104283,14,104284,CollectResourceWood_world
408,10000,10000,8,4000,1,720,0.0333,120,10,300900,104283,14,104284,CollectResourceWood_world
409,10000,10000,9,5000,1,720,0.0333,120,10,300900,104283,14,104284,CollectResourceWood_world
410,10000,10000,10,6000,1,720,0.0333,120,10,300900,104283,14,104284,CollectResourceWood_world
