id,product_name,build_id,order,unlock_order,group,unlock_type,unlock_condition,produce_time,get_resource_goods,icon,model_name,exp,show_num,speed_item,show_lv,input_resource,input_by_goods,by_produce_time,get_by_resource_goods,second_product_name
1201,100057,719000,1,1,6,0,400000|8,0,2005;1,UIPasture_icon_ostrich,Ostrich,20,1,200103,,1;14;600|2;14;600|3;14;1000|4;14;2500|5;14;7500,2001|3,1800,2005;1,180268
1202,100060,720000,2,2,7,0,400000|10,0,2006;1,UIPasture_icon_cattle,Cattle,16,1,200103,,1;14;1000|2;14;1000|3;14;3000|4;14;7500|5;14;18000,2002|3,2700,2006;1,100062
2000,100052,702000,1,1,1,0,400000|1,600,2001;1,UIFarm_icon_potato,Potatoes,8,1,200103,,,,0,,0
2008,180341,702000,5,5,5,2,9007,14400,2004;1,UIFarm_icon_banana,BananaTree,31,1,200103,8,,,0,,0
