id,type,buffId,icon,LocalType,group,not_choose,show_group,timetype,time
1001,0,35064;10,UIBattleBuff_att_atk,9,0,0,,,
1002,0,35064;20,UIBattleBuff_att_atk,9,0,0,,,
1003,0,35064;30,UIBattleBuff_att_atk,9,0,0,,,
1004,0,35064;40,UIBattleBuff_att_atk,9,0,0,,,
1005,0,35064;50,UIBattleBuff_att_atk,9,0,0,,,
1006,0,35064;5,UIBattleBuff_att_atk,9,0,0,,,
1007,0,35064;5,UIBattleBuff_att_atk,9,0,0,,,
1101,0,35065;5,UIBattleBuff_att_def,10,0,0,,,
1102,0,35065;10,UIBattleBuff_att_def,10,0,0,,,
1103,0,35065;15,UIBattleBuff_att_def,10,0,0,,,
1104,0,35065;20,UIBattleBuff_att_def,10,0,0,,,
1105,0,35065;30,UIBattleBuff_att_def,10,0,0,,,
1201,0,35012;5,UIBattleBuff_att_hp,9,0,0,,,
1202,0,35012;10,UIBattleBuff_att_hp,9,0,0,,,
1203,0,35012;15,UIBattleBuff_att_hp,9,0,0,,,
1204,0,35012;20,UIBattleBuff_att_hp,9,0,0,,,
1205,0,35012;30,UIBattleBuff_att_hp,9,0,0,,,
1301,0,35104;20,UIBattleBuff_att_damage,9,0,0,,,
1302,0,35104;30,UIBattleBuff_att_damage,9,0,0,,,
1303,0,35104;40,UIBattleBuff_att_damage,9,0,0,,,
1304,0,35104;60,UIBattleBuff_att_damage,9,0,0,,,
1305,0,35104;80,UIBattleBuff_att_damage,9,0,0,,,
1401,0,35000;20,UIBattleBuff_att_atk,9,0,0,,,
1402,0,35000;30,UIBattleBuff_att_atk,9,0,0,,,
1403,0,35000;40,UIBattleBuff_att_atk,9,0,0,,,
1404,0,35000;60,UIBattleBuff_att_atk,9,0,0,,,
1405,0,35000;80,UIBattleBuff_att_atk,9,0,0,,,
1501,0,35004;20,UIBattleBuff_att_def,9,0,0,,,
1502,0,35004;30,UIBattleBuff_att_def,9,0,0,,,
1503,0,35004;40,UIBattleBuff_att_def,9,0,0,,,
1504,0,35004;60,UIBattleBuff_att_def,9,0,0,,,
1505,0,35004;80,UIBattleBuff_att_def,9,0,0,,,
2001,0,35000;3|35004;3,UIBattleBuff_att_damageDown,9,0,0,,,
2002,0,35000;6|35004;6,UIBattleBuff_att_damageDown,9,0,0,,,
2003,0,35000;8|35004;8,UIBattleBuff_att_damageDown,9,0,0,,,
2004,0,35000;16|35004;16,UIBattleBuff_att_damageDown,9,0,0,,,
2005,0,35000;30|35004;30,UIBattleBuff_att_damageDown,9,0,0,,,
3001,1,300001;1,,,0,0,1,,
3002,1,300001;2,,,0,0,1,,
3003,1,300001;3,,,0,0,1,,
3004,1,300001;4,,,0,0,1,,
3005,1,300001;5,,,0,0,1,,
3101,1,300002;1,,,0,0,2,,
3102,1,300002;2,,,0,0,2,,
3103,1,300002;3,,,0,0,2,,
3104,1,300002;4,,,0,0,2,,
3105,1,300002;5,,,0,0,2,,
4001,3,,,,0,0,,1,1
4101,3,1,,,0,0,,1,1
4201,3,2,,,0,0,,1,1
4301,3,3,,,0,0,,1,1
5001,4,22002|20|2|2;2;2;2,,,0,0,,1,3
5002,4,1016|20|2|2;2;2;2,,,0,0,,1,3
5003,4,33001|20|2|2;2;2;2,,,0,0,,1,3
10001,0,35064;5,UIexplore_icon_hurt,9,1,0,,,
10002,0,35064;10,UIexplore_icon_hurt,9,1,0,,,
11001,0,35065;5,UIexplore_icon_Injury,10,1,0,,,
12001,0,35012;10,UIexplore_icon_life,9,1,0,,,
13001,0,35104;10,UIexplore_icon_skill,9,1,0,,,
14001,0,35000;10,UIexplore_icon_attack,9,1,0,,,
15001,0,35004;10,UIexplore_icon_defense,9,1,0,,,
20001,0,35000;3|35004;3,UIexplore_icon_defense,9,1,0,,,
20006,2,-30,UIexplore_icon_Blood,10,1,1,,,
20007,2,30,UIexplore_icon_recovery,9,1,1,,,
30001,0,40100;2,UIexplore_icon_1,9,1,0,,,
30002,0,40101;2,UIexplore_icon_1,9,1,0,,,
30003,0,40102;2,UIexplore_icon_3,9,1,0,,,
30004,0,40103;2,UIexplore_icon_3,9,1,0,,,
30005,0,40104;2,UIexplore_icon_4,9,1,0,,,
30006,0,40105;2,UIexplore_icon_4,9,1,0,,,
