id,type,condition,Forbidden,land_cd,warn_cd,icon,icon_pre,order,describe
1,4,"400000,1","400000,8",1,1,UIMain_warningBall_1,UITask_icon_02,20,100623
2,3,"400000,1","400000,8",1,1,UIMain_warningBall_1,pic702000_2_free,19,100624
7,7,"400000,1","400000,99",1,1,UIMain_icon_ball_road,Common_icon_box,15,100658
8,8,"400000,1","400000,99",1,1,UIMain_icon_ball_upgrade,Common_icon_box,16,100659
11,11,"400000,1","400000,99",1,1,UIMain_warningBall_8,item2003,5,100647
12,12,"400000,1","400000,99",1,1,UIMain_warningBall_8,item2001,13,100648
13,13,"400000,1","400000,99",1,1,UIMain_warningBall_8,item401,14,100649
15,15,"400000,1","400000,99",1,1,UIMain_warningBall_8,item2002,12,100651
16,16,"400000,1","400000,99",1,1,UIMain_warningBall_7,item200064,10,100652
17,17,"400000,1","400000,99",1,1,UIMain_warningBall_4,UITroops_img_SoldierIcons_head,8,100653
18,18,"400000,1","400000,99",1,1,UIMain_warningBall_3,item200064,9,100654
19,19,"400000,1","400000,99",1,1,UIMain_warningBall_6,UITroops_img_SoldierIcons_head,7,100655
20,2,"400000,6",,10,2,UIMain_warningBall_8,uibuild_road_warning,21,120955
22,22,"400000,1","400000,8",1,1,UIMain_warningBall_2,UITask_icon_13,22,100658
23,23,"400000,2","400000,99",1,1,UIMain_warningBall_2,pic438000_2_free,23,128001
