id,level,skillLv,name,icon,atk,def,troop
1,0,0,129241,UIHeroMilitaryRank_icon_1,0|0|0|0,0|0|0|0,0|0|0|0
2,1,1,129242,UIHeroMilitaryRank_icon_1,30|20|10|5,30|20|10|5,50|30|20|10
3,2,2,129243,UIHeroMilitaryRank_icon_2,50|35|20|10,50|35|20|10,100|60|30|15
4,3,3,129244,UIHeroMilitaryRank_icon_4,70|50|30|15,70|50|30|15,150|90|40|20
5,4,4,129245,UIHeroMilitaryRank_icon_6,90|65|40|20,90|65|40|20,200|120|50|25
6,5,5,129246,UIHeroMilitaryRank_icon_7,110|80|50|25,110|80|50|25,250|150|60|30
7,6,6,129164,UIHeroMilitaryRank_icon_7,130|95|60|30,130|95|60|30,300|180|70|35
8,7,7,129202,UIHeroMilitaryRank_icon_7,150|110|70|35,150|110|70|35,350|210|80|40
