id,order,title,desc,push_ids,default,open_type
1,1,2900015,2900016,4100029,1,
2,7,2900011,2900012,4100015,1,
3,8,2900013,2900014,4100016,1,
4,10,2900017,2900018,4100030|4100032|4100502,1,
5,9,2900019,2900020,4100031,1,
6,2,2900025,2900026,4100033,1,
7,3,2900027,2900028,4100034,1,
8,4,2900029,2900030,4100001,1,
9,6,800307,2900031,4100002,1,
10,11,2900052,2900053,4100300|4100301|4100045,1,
11,12,2900065,2900066,4100305,1,
12,13,2900070,2900071,4100306,1,
13,14,2900072,2900073,4100307|4100308|4100309,1,
14,15,officer_apply_025,officer_apply_026,4100400,1,
15,5,push_set_troop_train_title,push_set_troop_train_des,4100040,1,
16,16,ghostrecon_034,ghostrecon_027,4101000,1,1;1;60
17,17,push_set_r4r5_title,push_set_r4r5_des,4100302,0,
18,18,setting_push_armsrace_title,setting_push_armsrace_desc,4101100,1,
19,19,push_set_gather_title,push_set_gather_des,4100041,0,
20,20,alliance_train_048,alliance_train_049,4100410,1,
21,21,push_set_shield_title,push_set_shield_des,4100042,1,
22,22,thxgiv_Lottery_APSpushSet1,thxgiv_Lottery_APSpushSet2,4100043,1,1;9;1
23,23,push_set_shield_title,push_set_shield_des,4100051|4100052|4100053,1,2
24,24,push_set_shield_title,push_set_shield_des,4100060,1,2
25,25,push_set_at_title,push_set_at_des,4100044,1,
