id,mvt_type,motion_curve,mvt_type_para,is_following,lifetime,dead_delay,bullet_fly_speed,bullet_angle_diff,bullet_row_count,start_pos_offset,bullet_diff_time,bullet_effect,bullet_effect_size,hit_effect,create_sound,sound_id_create
1,0,,0,0,0.1,3,0,0,14,"-1.6,10|1.6,14|-1.6,18|1.6,22|-1.6,26|1.6,30|-1.6,34|-1.6,38|1.6,42|-1.6,46|1.6,50|-1.6,54|1.6,58|-1.6,62",200,Assets/_Art_LastWar/Effect/Prefab/Common/Common2/Eff_wurenji_hongzha_single2.prefab,300,,stage/hummer_drone_bomb,62229
2,2,"0.000,0.000,0.000,0.000,0.000,0.000|1.000,1.000,2.000,2.000,0.000,0.000",0.04,1,10,0.1,50,20,3,,100,Assets/_Art_LastWar/Effect/Prefab/Zhuzai/Eff_Zhuzai_monkey_attack02_Fly_LV06.prefab,100,,,0
3,2,"0.000,0.000,0.000,0.000,0.000,0.000|1.000,1.000,2.000,2.000,0.000,0.000",0.04,1,10,0.1,50,20,3,,100,Assets/_Art_LastWar/Effect/Prefab/Zhuzai/Eff_Zhuzai_monkey_attack02_Fly_LV06.prefab,100,,,0
4,2,"0.000,0.000,0.000,0.000,0.000,0.000|1.000,1.000,2.000,2.000,0.000,0.000",0.04,1,10,0.1,50,20,3,,100,Assets/Main/CoditionLoadRes/Dominator/Hawk/Prefabs/Effect/Zhuzai_ying/Zhuzai_ying1_1/Eff_ljw_zhuzai_ying_attack_lv0_2_zd.prefab,100,,,0
5,2,"0.000,0.000,0.000,0.000,0.000,0.000|1.000,1.000,2.000,2.000,0.000,0.000",0.04,1,10,0.1,50,20,3,,100,Assets/Main/CoditionLoadRes/Dominator/Hawk/Prefabs/Effect/Zhuzai_ying/Zhuzai_ying1_1/Eff_ljw_zhuzai_ying_attack_lv0_2_zd.prefab,100,,,0
