id,unlock_time,icons,icons_desc,desc,bg,activity_id,open_time,bubble_icon,big_bubble_icon,reward_icon,oping_soon_desc,Cross_week_activity
1,"0,2","mjc_sshd_icon_tongmengzhanzheng.png,mjc_sshd_icon_gongpingjingji.png,mjc_sshd_icon_wusunzhandou.png","battlefield_entrance_tips1101,battlefield_entrance_tips1102,battlefield_entrance_tips1103",battlefield_entrance_tips1113,Assets/Main/TextureEx/UIRaceEntrance/part0/mjc_saishihuodong_shamo0,40038,"0,1",mjc_zhujiemian_diquan_shamo.png,mjc_zhujiemian_qipao_shamo.png,icon_baoxiang_jin.png;5|zyf_xunzhang_icon.png;5|item207.png;2,battlefield_entrance_tips1117,
2,"0,6","mjc_sshd_icon_5vs5.png,mjc_sshd_icon_suishipipei.png,mjc_sshd_icon_wusunzhandou.png","battlefield_entrance_tips1104,battlefield_entrance_tips1105,battlefield_entrance_tips1103",battlefield_entrance_tips1114,Assets/Main/TextureEx/UIRaceEntrance/part0/mjc_saishihuodong_dongri0,40039,"0,4|1,1,8,7",mjc_zhujiemian_diquan_dongri.png,mjc_zhujiemian_qipao_dongri.png,icon_suijicheku.png;3|zyf_xunzhang_icon.png;5|item205.png;2,battlefield_entrance_tips1118,
3,"0,7","mjc_sshd_icon_renaofeifan.png,mjc_sshd_icon_gerennengli.png,mjc_sshd_icon_jianglifenghou.png","battlefield_entrance_tips1107,battlefield_entrance_tips1108,battlefield_entrance_tips1109",battlefield_entrance_tips1115,Assets/Main/TextureEx/UIRaceEntrance/part0/mjc_saishihuodong_yunshi0,40040,"1,1,9,2",mjc_zhujiemian_diquan_yunshi,mjc_zhujiemian_qipao_yunshi.png,icon_baoxiang_jin.png;5|zyf_xunzhang_icon.png;5|item200.png;2,battlefield_entrance_tips1119,
4,"3,7","mjc_sshd_icon_2vs1.png,mjc_sshd_icon_qianglijineng.png,mjc_sshd_icon_wusunzhandou.png","battlefield_entrance_tips1110,battlefield_entrance_tips1111,battlefield_entrance_tips1103",battlefield_entrance_tips1116,Assets/Main/TextureEx/UIRaceEntrance/part0/mjc_saishihuodong_yibianzhanchang0,40041,"1,3,8,6",mjc_zhujiemian_diquan_doudizhu,mjc_zhujiemian_qipao_doudizhu.png,icon_baoxiang_jin.png;5|zyf_xunzhang_icon.png;5|item200.png;2,battlefield_entrance_tips1120,1
5,"3,8","mjc_sshd_icon_2vs1.png,mjc_sshd_icon_qianglijineng.png,mjc_sshd_icon_zhankuangduobian.png","battlefield_entrance_tips1110,battlefield_entrance_tips1111,battlefield_entrance_tips1112",YiBianJinQu_guide_tips_1,Assets/Main/TextureEx/UIRaceEntrance/part0/mjc_saishihuodong_yibianzhanchang0,40042,"1,3,8,1",lrb_zhujiemian_diquan_daluandou,lrb_zhujiemian_qipao_daluandou,icon_baoxiang_jin.png;5|zyf_xunzhang_icon.png;5|item200.png;2,icon_baoxiang_jin.png;5|zyf_xunzhang_icon.png;5|item200.png;2,
