id,type,mastery,color,icon,name,attr_base,attr_up,max_lv,max_star,skill,attr_random_count,attr_random,power,attr_random_show,server_can_see,season_can_see,get_more_color,card_group,power_range,card_reward,recommend_id,deck,skill_desc,skill_num
200001,3,102,2,Assets/Main/Sprites/UI/UILWTCCard/43.png,card_name_2000010,,,5,0,200001001,,,9000|4500,0,677|804,,,51,,4001,1,0,,
200002,2,101,2,Assets/Main/Sprites/UI/UILWTCCard/38.png,card_name_2000020,,,5,0,200002001,,,36000|18000,0,677|804,4,,52,,,2,0,,
200003,2,101,2,Assets/Main/Sprites/UI/UILWTCCard/72.png,card_name_2000030,,,5,0,200003001,,,36000|18000,0,677|804,,,31,,,3,0,,
200004,3,102,2,Assets/Main/Sprites/UI/UILWTCCard/41.png,card_name_2000040,50155;0.02,50155;0.01,5,0,,,,6000|3000,0,677|804,,,53,,,4,0,,
200005,3,102,2,Assets/Main/Sprites/UI/UILWTCCard/42.png,card_name_2000050,94056;0.02,94056;0.01,5,0,,,,6000|3000,0,677|804,,,54,,,5,0,,
200006,3,102,2,Assets/Main/Sprites/UI/UILWTCCard/101.png,card_name_2000060,50132;0.02,50132;0.01,5,0,,,,6000|3000,0,677|804,,,91,,,6,0,,
200007,3,102,2,Assets/Main/Sprites/UI/UILWTCCard/103.png,card_name_2000070,50109;0.75,50109;0.375,5,0,,,,6750|3375,0,677|804,,,92,,,7,0,,
200008,3,102,2,Assets/Main/Sprites/UI/UILWTCCard/104.png,card_name_2000080,50115;15,50115;7.5,5,0,,,,6000|3000,0,677|804,,,93,,,8,0,,
200009,3,102,2,Assets/Main/Sprites/UI/UILWTCCard/105.png,card_name_2000090,50101;0.02,50101;0.01,5,0,,,,6000|3000,0,677|804,4,,94,,,9,0,,
200010,3,102,2,Assets/Main/Sprites/UI/UILWTCCard/106.png,card_name_2000100,50024;0.02,50024;0.01,5,0,,,,6000|3000,0,677|804,4,,95,,,10,0,,
200011,3,102,2,Assets/Main/Sprites/UI/UILWTCCard/107.png,card_name_2000110,50023;0.02,50023;0.01,5,0,,,,6000|3000,0,677|804,4,,96,,,11,0,,
201001,3,0,2,Assets/Main/Sprites/UI/UILWTCCard/41.png,card_name_2010010,50155;0.01,50155;0.01,7,0,100000001,,,36000|18000,0,,4|5,,2,,,136,0,card_desc_4005050,2%|3%|4%|5%|6%|7%|8%|9%|10%|11%
201003,2,0,2,Assets/Main/Sprites/UI/UILWTCCard/38.png,card_name_4010030,,,7,0,201003001,,,36000|18000,0,,4|5,,1,,,135,0,card_desc_2000020,0.5%|1%|1.5%|2%|2.5%|3%|3.5%|4%|4.5%|5%
300001,2,101,3,Assets/Main/Sprites/UI/UILWTCCard/79.png,card_name_3000010,75353;0.01,75353;0.005,5,0,,1;1,1;6,72000|36000,6,677|804,4,,1,4390|65875,,12,0,,
300002,2,101,3,Assets/Main/Sprites/UI/UILWTCCard/80.png,card_name_3000020,,,5,0,300002001,1;1,1;6,72000|36000,6,677|804,,,2,4390|65875,,13,0,,
300003,2,101,3,Assets/Main/Sprites/UI/UILWTCCard/76.png,card_name_3000030,71058;0.0085,71058;0.00425,5,0,,1;1,1;6,61200|30600,6,677|804,4,,3,4390|65875,,14,0,,
300004,2,101,3,Assets/Main/Sprites/UI/UILWTCCard/77.png,card_name_3000040,71059;0.017,71059;0.0085,5,0,,1;1,1;6,61200|30600,6,677|804,4,,4,4390|65875,,15,0,,
300006,3,102,3,Assets/Main/Sprites/UI/UILWTCCard/81.png,card_name_2000060,50132;0.04,50132;0.02,5,0,,1;1,1;7,12000|6000,7,677|804,,,91,1440|7200,,16,0,,
300007,3,102,3,Assets/Main/Sprites/UI/UILWTCCard/82.png,card_name_2000070,50109;1.5,50109;0.75,5,0,,1;1,1;7,13500|6750,7,677|804,,,92,1440|7200,,17,0,,
300008,3,102,3,Assets/Main/Sprites/UI/UILWTCCard/83.png,card_name_2000080,50115;30,50115;15,5,0,,1;1,1;7,12000|6000,7,677|804,,,93,1440|7200,,18,0,,
300009,3,102,3,Assets/Main/Sprites/UI/UILWTCCard/84.png,card_name_2000090,50101;0.04,50101;0.02,5,0,,1;1,1;7,12000|6000,7,677|804,,,94,1440|7200,,19,0,,
300010,3,102,3,Assets/Main/Sprites/UI/UILWTCCard/85.png,card_name_2000100,50024;0.04,50024;0.02,5,0,,1;1,1;7,12000|6000,7,677|804,,,95,1440|7200,,20,0,,
300011,3,102,3,Assets/Main/Sprites/UI/UILWTCCard/86.png,card_name_2000110,50023;0.04,50023;0.02,5,0,,1;1,1;7,12000|6000,7,677|804,,,96,1440|7200,,21,0,,
300101,2,101,3,Assets/Main/Sprites/UI/UILWTCCard/FX_zhanshukapai_018.png,card_name_3001010,,,5,0,300101001,1;1,1;1,72000|36000,1,677|804,,,11,3951|59280,,22,1,,
300102,2,101,3,Assets/Main/Sprites/UI/UILWTCCard/FX_zhanshukapai_021.png,card_name_3001040,,,5,0,300102001,1;1,1;1,36000|18000,1,677|804,,,12,3951|59280,,23,1,,
300103,2,101,3,Assets/Main/Sprites/UI/UILWTCCard/FX_zhanshukapai_022.png,card_name_3001050,,,5,0,300103001,1;1,1;1,37500|18750,1,677|804,,,13,3951|59280,,24,1,,
300106,3,102,3,Assets/Main/Sprites/UI/UILWTCCard/FX_zhanshukapai_025.png,card_name_3001060,,,5,0,300106001,1;1,1;7,18000|9000,7,677|804,4,,14,1440|7200,4001,25,1,,
300107,2,102,3,Assets/Main/Sprites/UI/UILWTCCard/FX_zhanshukapai_023.png,card_name_3001070,42002;0.1,42002;0.05,5,0,,1;1,1;1,60000|30000,1,677|804,,,15,1440|7200,,26,1,,
300108,3,101,3,Assets/Main/Sprites/UI/UILWTCCard/FX_zhanshukapai_024.png,card_name_3001080,94028;0.04,94028;0.02,5,0,,1;1,1;7,12000|6000,7,677|804,,,16,3951|59280,,27,1,,
300201,2,101,3,Assets/Main/Sprites/UI/UILWTCCard/44.png,card_name_3002010,,,5,0,300201001,1;1,1;2,72000|36000,2,677|804,,,21,3951|59280,,28,2,,
300203,2,101,3,Assets/Main/Sprites/UI/UILWTCCard/47.png,card_name_3002040,,,5,0,300203001,1;1,1;2,36000|18000,2,677|804,,,22,3951|59280,,29,2,,
300205,2,101,3,Assets/Main/Sprites/UI/UILWTCCard/48.png,card_name_3002050,71003;0.075,71003;0.0375,5,0,,1;1,1;2,22500|11250,2,677|804,,,23,3951|59280,,30,2,,
300206,2,101,3,Assets/Main/Sprites/UI/UILWTCCard/49.png,card_name_3002060,94055;0.0375,94055;0.01875,5,0,,1;1,1;2,22500|11250,2,677|804,,,24,3951|59280,,31,2,,
300207,2,101,3,Assets/Main/Sprites/UI/UILWTCCard/50.png,card_name_3002070,71002;0.075,71002;0.0375,5,0,,1;1,1;2,22500|11250,2,677|804,,,25,3951|59280,,32,2,,
300208,2,101,3,Assets/Main/Sprites/UI/UILWTCCard/51.png,card_name_3002080,71000;0.06,71000;0.03,5,0,,1;1,1;2,22500|11250,2,677|804,,,26,3951|59280,,33,2,,
300301,3,102,3,Assets/Main/Sprites/UI/UILWTCCard/66.png,card_name_3003010,,,5,0,300301001,1;1,1;7,18000|9000,7,677|804,4,,31,1440|7200,4001,34,3,,
300302,2,101,3,Assets/Main/Sprites/UI/UILWTCCard/62.png,card_name_2000030,,,5,0,300302001,1;1,1;3,72000|36000,3,677|804,,,32,3951|59280,,35,3,,
300303,2,101,3,Assets/Main/Sprites/UI/UILWTCCard/65.png,card_name_3003030,,,5,0,300303001,1;1,1;3,36000|18000,3,677|804,,,33,3951|59280,,36,3,,
300401,3,102,3,Assets/Main/Sprites/UI/UILWTCCard/75.png,card_name_3004010,,,5,0,300401001,1;1,1;7,18000|9000,7,677|804,4,,41,1440|7200,4001,37,0,,
300402,2,101,3,Assets/Main/Sprites/UI/UILWTCCard/73.png,card_name_3004020,,,5,0,300402001,1;1,1;4,72000|36000,4,677|804,,,42,3951|59280,,38,0,,
300403,2,101,3,Assets/Main/Sprites/UI/UILWTCCard/74.png,card_name_3004050,,,5,0,300403001,1;1,1;4,36000|18000,4,677|804,,,43,3951|59280,,39,0,,
300501,3,102,3,Assets/Main/Sprites/UI/UILWTCCard/37.png,card_name_2000010,,,5,0,300501001,1;1,1;7,18000|9000,7,677|804,4,,51,1440|7200,4001,40,0,,
300502,2,101,3,Assets/Main/Sprites/UI/UILWTCCard/32.png,card_name_2000020,,,5,0,300502001,1;1,1;5,72000|36000,5,677|804,4,,52,3937|39100,,41,3,,
300505,3,102,3,Assets/Main/Sprites/UI/UILWTCCard/35.png,card_name_2000040,50155;0.04,50155;0.02,5,0,,1;1,1;7,12000|6000,7,677|804,,,53,1440|7200,,42,0,,
300506,3,102,3,Assets/Main/Sprites/UI/UILWTCCard/36.png,card_name_2000050,94056;0.04,94056;0.02,5,0,,1;1,1;7,12000|6000,7,677|804,,,54,1440|7200,,43,0,,
300601,3,0,3,Assets/Main/Sprites/UI/UILWTCCard/FX_zhanshukapai_025.png,card_name_4010040,,,7,0,300601001,1;1,1;508,7200|3600,508,,4,,14,250|10000,4001,131,0,card_desc_3001060,5;1|5;2|5;3|5;4|5;5|5;6|5;7|5;8|5;9|5;10
300602,3,0,3,Assets/Main/Sprites/UI/UILWTCCard/66.png,card_name_4010050,,,7,0,300602001,1;1,1;508,7200|3600,508,,4,,31,250|10000,4001,132,0,card_desc_3003010,1|2|3|4|5|6|7|8|9|10
300603,3,0,3,Assets/Main/Sprites/UI/UILWTCCard/75.png,card_name_4010060,,,7,0,300603001,1;1,1;508,7200|3600,508,,4,,41,250|10000,4001,133,0,card_desc_3004010,200000;1|200000;2|200000;3|200000;4|200000;5|200000;6|200000;7|200000;8|200000;9|200000;10
300604,3,0,3,Assets/Main/Sprites/UI/UILWTCCard/37.png,card_name_4010070,,,7,0,300604001,1;1,1;508,7200|3600,508,,4,,51,250|10000,4001,134,0,card_desc_3005010,11;2|9;2|7;2|6;2|5;2|5;2|5;2|5;2|5;2|5;2
301003,2,0,3,Assets/Main/Sprites/UI/UILWTCCard/32.png,card_name_4010030,,,7,0,301003001,1;1,1;507,72000|36000,507,,4|5,,1,2500|100000,,130,0,card_desc_2000020,1%|2%|3%|4%|5%|6%|7%|8%|9%|10%
301004,3,0,3,Assets/Main/Sprites/UI/UILWTCCard/FX_zhanshukapai_025.png,card_name_4010040,,,7,0,301004001,1;1,1;508,7200|3600,508,,5,,14,250|10000,5001,131,0,card_desc_3001060,5;1|5;2|5;3|5;4|5;5|5;6|5;7|5;8|5;9|5;10
301005,3,0,3,Assets/Main/Sprites/UI/UILWTCCard/66.png,card_name_4010050,,,7,0,301005001,1;1,1;508,7200|3600,508,,5,,31,250|10000,5001,132,0,card_desc_3003010,1|2|3|4|5|6|7|8|9|10
301006,3,0,3,Assets/Main/Sprites/UI/UILWTCCard/75.png,card_name_4010060,,,7,0,301006001,1;1,1;508,7200|3600,508,,5,,41,250|10000,5001,133,0,card_desc_3004010,200000;1|200000;2|200000;3|200000;4|200000;5|200000;6|200000;7|200000;8|200000;9|200000;10
301007,3,0,3,Assets/Main/Sprites/UI/UILWTCCard/37.png,card_name_4010070,,,7,0,301007001,1;1,1;508,7200|3600,508,,5,,51,250|10000,5001,134,0,card_desc_3005010,11;2|9;2|7;2|6;2|5;2|5;2|5;2|5;2|5;2|5;2
301101,2,0,3,Assets/Main/Sprites/UI/UILWTCCard/FX_zhanshukapai_023.png,card_name_3011010,42002;0.01,42002;0.01,7,0,100000001,1;1,1;501,72000|36000,501,,4|5,,3,2500|100000,,127,1,card_desc_4001070,2%|3%|4%|5%|6%|7%|8%|9%|10%|11%
301201,2,0,3,Assets/Main/Sprites/UI/UILWTCCard/51.png,card_name_3012010,71000;0.005,71000;0.005,7,0,100000001,1;1,1;505,72000|36000,505,,4|5,,4,2500|100000,,128,2,card_desc_4002080,1%|1.5%|2%|2.5%|3%|3.5%|4%|4.5%|5%|5.5%
301301,2,0,3,Assets/Main/Sprites/UI/UILWTCCard/81.png,card_name_3013010,75401;0.005,75401;0.005,7,0,100000001,1;1,1;504,72000|36000,504,,4|5,,5,2500|100000,,129,3,card_desc_3013010,1%|1.5%|2%|2.5%|3%|3.5%|4%|4.5%|5%|5.5%
400001,2,101,4,Assets/Main/Sprites/UI/UILWTCCard/90.png,card_name_3000010,75353;0.02,75353;0.01,5,0,,2;3,1;6,144000|72000,6,677|804,4,,1,8780|98812,,44,0,,
400002,2,101,4,Assets/Main/Sprites/UI/UILWTCCard/91.png,card_name_3000020,,,5,0,400002001,2;3,1;6,144000|72000,6,677|804,4,,2,8780|98812,,45,0,,
400003,2,101,4,Assets/Main/Sprites/UI/UILWTCCard/87.png,card_name_3000030,71058;0.017,71058;0.0085,5,0,,2;3,1;6,122400|61200,6,677|804,4,,3,8780|98812,,46,0,,
400004,2,101,4,Assets/Main/Sprites/UI/UILWTCCard/88.png,card_name_3000040,71059;0.034,71059;0.017,5,0,,2;3,1;6,122400|61200,6,677|804,4,,4,8780|98812,,47,0,,
400005,2,101,4,Assets/Main/Sprites/UI/UILWTCCard/89.png,card_name_4000050,42004;1,,1,0,,2;3,1;6,120000|60000,6,677|804,4,,5,8780|98812,,48,0,,
400006,3,102,4,Assets/Main/Sprites/UI/UILWTCCard/92.png,card_name_2000060,50132;0.08,50132;0.04,5,0,,2;3,1;7,24000|12000,7,677|804,4,,91,2880|10800,,49,0,,
400007,3,102,4,Assets/Main/Sprites/UI/UILWTCCard/93.png,card_name_2000070,50109;3,50109;1.5,5,0,,2;3,1;7,27000|13500,7,677|804,4,,92,2880|10800,,50,0,,
400008,3,102,4,Assets/Main/Sprites/UI/UILWTCCard/94.png,card_name_2000080,50115;60,50115;30,5,0,,2;3,1;7,24000|12000,7,677|804,,,93,2880|10800,,51,0,,
400009,3,102,4,Assets/Main/Sprites/UI/UILWTCCard/95.png,card_name_2000090,50101;0.08,50101;0.04,5,0,,2;3,1;7,24000|12000,7,677|804,,,94,2880|10800,,52,0,,
400010,3,102,4,Assets/Main/Sprites/UI/UILWTCCard/96.png,card_name_2000100,50024;0.08,50024;0.04,5,0,,2;3,1;7,24000|12000,7,677|804,,,95,2880|10800,,53,0,,
400011,3,102,4,Assets/Main/Sprites/UI/UILWTCCard/97.png,card_name_2000110,50023;0.08,50023;0.04,5,0,,2;3,1;7,24000|12000,7,677|804,,,96,2880|10800,,54,0,,
400101,2,101,4,Assets/Main/Sprites/UI/UILWTCCard/FX_zhanshukapai_010.png,card_name_3001010,,,5,0,400101001,2;3,1;1,144000|72000,1,677|804,4,,11,7902|88920,,55,1,,
400102,2,101,4,Assets/Main/Sprites/UI/UILWTCCard/FX_zhanshukapai_013.png,card_name_3001040,,,5,0,400102001,2;3,1;1,72000|36000,1,677|804,4,,12,7902|88920,,56,1,,
400104,2,101,4,Assets/Main/Sprites/UI/UILWTCCard/FX_zhanshukapai_014.png,card_name_3001050,,,5,0,400104001,2;3,1;1,75000|37500,1,677|804,4,,13,7902|88920,,57,1,,
400106,3,102,4,Assets/Main/Sprites/UI/UILWTCCard/FX_zhanshukapai_017.png,card_name_3001060,,,5,0,400106001,2;3,1;7,36000|18000,7,677|804,4,,14,2880|10800,4001,58,1,,
400107,2,101,4,Assets/Main/Sprites/UI/UILWTCCard/FX_zhanshukapai_015.png,card_name_3001070,42002;0.2,42002;0.1,5,0,,2;3,1;1,120000|60000,1,677|804,4,,15,7902|88920,,59,1,,
400108,3,102,4,Assets/Main/Sprites/UI/UILWTCCard/FX_zhanshukapai_016.png,card_name_3001080,94028;0.08,94028;0.04,5,0,,2;3,1;7,24000|12000,7,677|804,4,,16,2880|10800,,60,1,,
400201,2,101,4,Assets/Main/Sprites/UI/UILWTCCard/52.png,card_name_3002010,,,5,0,400201001,2;3,1;2,144000|72000,2,677|804,4,,21,7902|88920,,61,2,,
400204,2,101,4,Assets/Main/Sprites/UI/UILWTCCard/55.png,card_name_3002040,,,5,0,400204001,2;3,1;2,72000|36000,2,677|804,4,,22,7902|88920,,62,2,,
400205,2,101,4,Assets/Main/Sprites/UI/UILWTCCard/56.png,card_name_3002050,71003;0.15,71003;0.075,5,0,,2;3,1;2,45000|22500,2,677|804,,,23,7902|88920,,63,2,,
400206,2,101,4,Assets/Main/Sprites/UI/UILWTCCard/57.png,card_name_3002060,94055;0.075,94055;0.0375,5,0,,2;3,1;2,45000|22500,2,677|804,,,24,7902|88920,,64,2,,
400207,2,101,4,Assets/Main/Sprites/UI/UILWTCCard/58.png,card_name_3002070,71002;0.15,71002;0.075,5,0,,2;3,1;2,45000|22500,2,677|804,,,25,7902|88920,,65,2,,
400208,2,101,4,Assets/Main/Sprites/UI/UILWTCCard/59.png,card_name_3002080,71000;0.12,71000;0.06,5,0,,2;3,1;2,45000|22500,2,677|804,4,,26,7902|88920,,66,2,,
400301,3,102,4,Assets/Main/Sprites/UI/UILWTCCard/71.png,card_name_3003010,,,5,0,400301001,2;3,1;7,36000|18000,7,677|804,4,,31,2880|10800,4001,67,3,,
400302,2,101,4,Assets/Main/Sprites/UI/UILWTCCard/67.png,card_name_2000030,,,5,0,400302001,2;3,1;3,144000|72000,3,677|804,4,,32,7902|88920,,68,3,,
400304,2,101,4,Assets/Main/Sprites/UI/UILWTCCard/70.png,card_name_3003030,,,5,0,400304001,2;3,1;3,72000|36000,3,677|804,4,,33,7902|88920,,69,3,,
400401,3,102,4,Assets/Main/Sprites/UI/UILWTCCard/100.png,card_name_3004010,,,5,0,400401001,2;3,1;7,36000|18000,7,677|804,4,,41,2880|10800,4001,70,0,,
400402,2,101,4,Assets/Main/Sprites/UI/UILWTCCard/98.png,card_name_3004020,,,5,0,400402001,2;3,1;4,144000|72000,4,677|804,,,42,7902|88920,,71,0,,
400404,2,101,4,Assets/Main/Sprites/UI/UILWTCCard/99.png,card_name_3004050,,,5,0,400404001,2;3,1;4,72000|36000,4,677|804,,,43,7902|88920,,72,0,,
400501,3,102,4,Assets/Main/Sprites/UI/UILWTCCard/31.png,card_name_2000010,,,5,0,400501001,2;3,1;7,36000|18000,7,677|804,4,,51,2880|10800,4001,73,0,,
400502,2,101,4,Assets/Main/Sprites/UI/UILWTCCard/FX_zhanshukapai_026.png,card_name_2000020,,,5,0,400502001,2;3,1;5,144000|72000,5,677|804,4,,52,7875|58650,,74,3,,
400505,3,102,4,Assets/Main/Sprites/UI/UILWTCCard/29.png,card_name_2000040,50155;0.08,50155;0.04,5,0,,2;3,1;7,24000|12000,7,677|804,4,,53,2880|10800,,75,0,,
400506,3,102,4,Assets/Main/Sprites/UI/UILWTCCard/30.png,card_name_2000050,94056;0.08,94056;0.04,5,0,,2;3,1;7,24000|12000,7,677|804,4,,54,2880|10800,,76,0,,
400601,3,0,4,Assets/Main/Sprites/UI/UILWTCCard/FX_zhanshukapai_017.png,card_name_4010040,,,7,0,400601001,2;3,1;508,14400|7200,508,,4,,14,400|15000,4001,123,0,card_desc_3001060,3;1|3;2|3;3|3;4|3;5|3;6|3;7|3;8|3;9|3;10
400602,3,0,4,Assets/Main/Sprites/UI/UILWTCCard/71.png,card_name_4010050,,,7,0,400602001,2;3,1;508,14400|7200,508,,4,,31,400|15000,4001,124,0,card_desc_3003010,1|2|3|4|5|6|7|8|9|10
400603,3,0,4,Assets/Main/Sprites/UI/UILWTCCard/100.png,card_name_4010060,,,7,0,400603001,2;3,1;508,14400|7200,508,,4,,41,400|15000,4001,125,0,card_desc_3004010,100000;1|100000;2|100000;3|100000;4|100000;5|100000;6|100000;7|100000;8|100000;9|100000;10
400604,3,0,4,Assets/Main/Sprites/UI/UILWTCCard/31.png,card_name_4010070,,,7,0,400604001,2;3,1;508,14400|7200,508,,4,,51,400|15000,4001,126,0,card_desc_3005010,11;4|9;4|7;4|6;4|5;4|4;4|3;4|3;5|3;6|3;7
401001,2,0,4,Assets/Main/Sprites/UI/UILWTCCard/89.png,card_name_4010010,75353;0.005|42004;1,75353;0.005|42004;0,7,0,100000001,2;3,1;504,144000|72000,504,,4|5,,6,4000|150000,,121,0,skill_desc_401001000,1%|1.5%|2%|2.5%|3%|3.5%|4%|4.5%|5%|5.5%
401002,2,0,4,Assets/Main/Sprites/UI/UILWTCCard/87.png,card_name_4010020,71058;0.01|71059;0.01,71058;0.005|71059;0.005,7,0,100000001,2;3,1;504,144000|72000,504,,4|5,,7,4000|150000,,134,0,skill_desc_401002000,1.5%|2%|2.5%|3%|3.5%|4%|4.5%|5%|5.5%|6%
401003,2,0,4,Assets/Main/Sprites/UI/UILWTCCard/FX_zhanshukapai_026.png,card_name_4010030,,,7,0,401003001,2;3,1;507,144000|72000,507,,4|5,,1,4000|150000,,122,0,card_desc_2000020,1.5%|3%|4.5%|6%|7.5%|9%|10.5%|12%|13.5%|15%
401004,3,0,4,Assets/Main/Sprites/UI/UILWTCCard/FX_zhanshukapai_017.png,card_name_4010040,,,7,0,401004001,2;3,1;508,14400|7200,508,,5,,14,400|15000,5001,123,0,card_desc_3001060,3;1|3;2|3;3|3;4|3;5|3;6|3;7|3;8|3;9|3;10
401005,3,0,4,Assets/Main/Sprites/UI/UILWTCCard/71.png,card_name_4010050,,,7,0,401005001,2;3,1;508,14400|7200,508,,5,,31,400|15000,5001,124,0,card_desc_3003010,1|2|3|4|5|6|7|8|9|10
401006,3,0,4,Assets/Main/Sprites/UI/UILWTCCard/100.png,card_name_4010060,,,7,0,401006001,2;3,1;508,14400|7200,508,,5,,41,400|15000,5001,125,0,card_desc_3004010,100000;1|100000;2|100000;3|100000;4|100000;5|100000;6|100000;7|100000;8|100000;9|100000;10
401007,3,0,4,Assets/Main/Sprites/UI/UILWTCCard/31.png,card_name_4010070,,,7,0,401007001,2;3,1;508,14400|7200,508,,5,,51,400|15000,5001,126,0,card_desc_3005010,11;4|9;4|7;4|6;4|5;4|4;4|3;4|3;5|3;6|3;7
401101,2,0,4,Assets/Main/Sprites/UI/UILWTCCard/FX_zhanshukapai_010.png,card_name_4011010,42002;0.02,42002;0.02,7,0,401101001,2;3,1;501,144000|72000,501,,4|5,,8,4000|150000,,109,1,card_desc_401101000,4%;0.4%;2%|6%;0.8%;4%|8%;1.2%;6%|10%;1.6%;8%|12%;2%;10%|14%;2.4%;12%|16%;2.8%;14%|18%;3.2%;16%|20%;3.6%;18%|22%;4%;20%
401102,2,0,4,Assets/Main/Sprites/UI/UILWTCCard/FX_zhanshukapai_015.png,card_name_4011020,42002;0.02,42002;0.02,7,0,401102001,2;3,1;501,128000|72000,501,,4|5,,9,4000|150000,,110,1,card_desc_401102000,4%;1|6%;2|8%;3|10%;4|12%;5|14%;6|16%;7|18%;8|20%;9|22%;10
401103,2,0,4,Assets/Main/Sprites/UI/UILWTCCard/FX_zhanshukapai_013.png,card_name_4011030,42002;0.02,42002;0.02,7,0,401103001,2;3,1;502,112000|72000,502,,4|5,,10,4000|150000,,111,1,card_desc_401103000,4%;1|6%;2|8%;3|10%;4|12%;5|14%;6|16%;7|18%;8|20%;9|22%;10
401201,2,0,4,Assets/Main/Sprites/UI/UILWTCCard/52.png,card_name_4012010,71000;0.015,71000;0.015,7,0,401201001,2;3,1;505,144000|72000,505,,4|5,,11,4000|150000,,112,2,card_desc_401201000,3%;50%;0.4%;2%|4.5%;50%;0.8%;4%|6%;50%;1.2%;6%|7.5%;50%;1.6%;8%|9%;50%;2%;10%|10.5%;50%;2.4%;12%|12%;50%;2.8%;14%|13.5%;50%;3.2%;16%|15%;50%;3.6%;18%|16.5%;50%;4%;20%
401202,2,0,4,Assets/Main/Sprites/UI/UILWTCCard/59.png,card_name_4012020,71000;0.015,71000;0.015,7,0,401202001,2;3,1;505,128000|72000,505,,4|5,,12,4000|150000,,113,2,card_desc_401202000,3%;1%|4.5%;2%|6%;3%|7.5%;4%|9%;5%|10.5%;6%|12%;7%|13.5%;8%|15%;9%|16.5%;10%
401203,2,0,4,Assets/Main/Sprites/UI/UILWTCCard/56.png,card_name_4012030,71000;0.015,71000;0.015,7,0,401203001,2;3,1;506,112000|72000,506,,4|5,,13,4000|150000,,114,2,card_desc_401203000,3%;1%;10|4.5%;2%;10|6%;3%;10|7.5%;4%;10|9%;5%;10|10.5%;6%;10|12%;7%;10|13.5%;8%;10|15%;9%;10|16.5%;10%;10
401301,2,0,4,Assets/Main/Sprites/UI/UILWTCCard/67.png,card_name_4013010,75401;0.01,75401;0.01,7,0,401301001,2;3,1;503,144000|72000,503,,4|5,,20,4000|150000,,115,3,card_desc_401301000,2%;1.5%|3%;3%|4%;4.5%|5%;6%|6%;7.5%|7%;9%|8%;10.5%|9%;12%|10%;13.5%|11%;15%
401302,2,0,4,Assets/Main/Sprites/UI/UILWTCCard/70.png,card_name_4013020,75401;0.01,75401;0.01,7,0,401302001,2;3,1;503,128000|72000,503,,4|5,,15,4000|150000,,116,3,card_desc_401302000,2%;4|3%;8|4%;12|5%;16|6%;20|7%;24|8%;28|9%;32|10%;36|11%;40
401303,2,0,4,Assets/Main/Sprites/UI/UILWTCCard/90.png,card_name_4013030,75401;0.01,75401;0.01,7,0,401303001,2;3,1;504,112000|72000,504,,4|5,,16,4000|150000,,117,3,card_desc_401303000,2%;50|3%;60|4%;70|5%;80|6%;90|7%;100|8%;110|9%;120|10%;130|11%;140
401401,2,0,4,Assets/Main/Sprites/UI/UILWTCCard/FX_zhanshukapai_065.png,card_name_4014010,94013;0.01,94013;0.01,7,0,401401001,2;3,1;503,144000|72000,503,,5,,17,4000|150000,,118,4,card_desc_401401000,1%;1.5%|2%;3%|3%;4.5%|4%;6%|5%;7.5%|6%;9%|7%;10.5%|8%;12%|9%;13.5%|10%;15%
401402,2,0,4,Assets/Main/Sprites/UI/UILWTCCard/FX_zhanshukapai_064.png,card_name_4014020,94013;0.01,94013;0.01,7,0,401402001,2;3,1;503,128000|72000,503,,5,,18,4000|150000,,119,4,card_desc_401402000,1%;15|2%;20|3%;25|4%;30|5%;35|6%;40|7%;45|8%;50|9%;55|10%;60
401403,2,0,4,Assets/Main/Sprites/UI/UILWTCCard/FX_zhanshukapai_067.png,card_name_4014030,94013;0.01,94013;0.01,7,0,401403001,2;3,1;504,112000|72000,504,,5,,19,4000|150000,,120,4,card_desc_401403000,1%;2%|2%;4%|3%;6%|4%;8%|5%;10%|6%;12%|7%;14%|8%;16%|9%;18%|10%;20%
500001,1,0,5,Assets/Main/Sprites/UI/UILWTCCard/FX_zhanshukapai_009.png,card_name_5000010,75273;0|75073;0|75173;0,75273;0.01|75073;0.01|75173;0.01,10,5,500001000,,1;6,600000|60500,6,,4|5,5,0,,,77,0,,
500101,1,0,5,Assets/Main/Sprites/UI/UILWTCCard/FX_zhanshukapai_001.png,card_name_5001010,75072;0|75172;0|75272;0,75072;0.01|75172;0.01|75272;0.01,10,5,500101000,,1;1,1800000|60500,1,,,5,0,,,78,0,,
500102,1,0,5,Assets/Main/Sprites/UI/UILWTCCard/FX_zhanshukapai_00.png,card_name_5001020,75072;0|75172;0|75272;0,75072;0.01|75172;0.01|75272;0.01,10,5,500102000,,1;1,1800000|60500,1,,,5,0,,,79,0,,
500201,1,0,5,Assets/Main/Sprites/UI/UILWTCCard/FX_zhanshukapai_003.png,card_name_5002010,75072;0|75172;0|75272;0,75072;0.01|75172;0.01|75272;0.01,10,5,500201000,,1;2,750000|60500,2,,,5,0,,,80,0,,
500202,1,0,5,Assets/Main/Sprites/UI/UILWTCCard/FX_zhanshukapai_004.png,card_name_5002020,75072;0|75172;0|75272;0,75072;0.01|75172;0.01|75272;0.01,10,5,500202000,,1;2,1800000|60500,2,,,5,0,,,81,0,,
500301,1,0,5,Assets/Main/Sprites/UI/UILWTCCard/FX_zhanshukapai_005.png,card_name_5003010,75273;0|75073;0|75173;0,75273;0.01|75073;0.01|75173;0.01,10,5,500301000,,1;3,1440000|60500,3,,,5,0,,,82,0,,
500302,1,0,5,Assets/Main/Sprites/UI/UILWTCCard/FX_zhanshukapai_006.png,card_name_5003020,75273;0|75073;0|75173;0,75273;0.01|75073;0.01|75173;0.01,10,5,500302000,,1;3,1800000|60500,3,,,5,0,,,83,0,,
500401,1,0,5,Assets/Main/Sprites/UI/UILWTCCard/FX_zhanshukapai_007.png,card_name_5004010,75273;0|75073;0|75173;0,75273;0.01|75073;0.01|75173;0.01,10,5,500401000,,1;4,1000000|60500,4,,4|5,5,0,,,84,0,,
500501,1,0,5,Assets/Main/Sprites/UI/UILWTCCard/FX_zhanshukapai_008.png,card_name_5005010,76053;0,76053;0.003,10,5,500501000,,1;5,800000|107000,5,,4|5,5,0,,,85,0,,
501101,1,0,5,Assets/Main/Sprites/UI/UILWTCCard/FX_zhanshukapai_001.png,card_name_5011010,75072;0|75172;0|75272;0,75072;0.01|75172;0.01|75272;0.01,10,5,501101000,,,1800000|60500,0,,4|5,5,0,,,101,1,card_desc_501101000,10;30%|10;36%|10;42%|10;48%|10;54%|10;60%
501102,1,0,5,Assets/Main/Sprites/UI/UILWTCCard/FX_zhanshukapai_00.png,card_name_5011020,75072;0|75172;0|75272;0,75072;0.01|75172;0.01|75272;0.01,10,5,501102000,,,1800000|60500,0,,4|5,5,0,,,102,1,card_desc_501102000,4%;12%;20%|4.4%;13.2%;22%|4.8%;14.4%;24%|5.2%;15.6%;26%|5.6%;16.8%;28%|6%;18%;30%
501201,1,0,5,Assets/Main/Sprites/UI/UILWTCCard/FX_zhanshukapai_003.png,card_name_5012010,75072;0|75172;0|75272;0,75072;0.01|75172;0.01|75272;0.01,10,5,501201000,,,1800000|60500,0,,4|5,5,0,,,103,2,card_desc_501201000_new,15;15%;5%|15;18%;6%|15;21%;7%|15;24%;8%|15;27%;9%|15;30%;10%
501202,1,0,5,Assets/Main/Sprites/UI/UILWTCCard/FX_zhanshukapai_004.png,card_name_5012020,75072;0|75172;0|75272;0,75072;0.01|75172;0.01|75272;0.01,10,5,501202000|501203000,,,1800000|60500,0,,4|5,5,0,,,104,2,card_desc_501202000_new,50%;2.5%;7.5%;7.5%|50%;3%;9%;9%|50%;3.5%;10.5%;10.5%|50%;4%;12%;12%|50%;4.5%;13.5%;13.5%|50%;5%;15%;15%
501301,1,0,5,Assets/Main/Sprites/UI/UILWTCCard/FX_zhanshukapai_005.png,card_name_5013010,75273;0|75073;0|75173;0,75273;0.01|75073;0.01|75173;0.01,10,5,501301000,,,1800000|60500,0,,4|5,5,0,,,105,3,card_desc_501301000,10;5%|10;6%|10;7%|10;8%|10;9%|10;10%
501302,1,0,5,Assets/Main/Sprites/UI/UILWTCCard/FX_zhanshukapai_006.png,card_name_5013020,75273;0|75073;0|75173;0,75273;0.01|75073;0.01|75173;0.01,10,5,501302000|501303000,,,1800000|60500,0,,4|5,5,0,,,106,3,card_desc_501302000,3%;3%;9%;9%|3.5%;3.5%;10.5%;10.5%|4%;4%;12%;12%|4.5%;4.5%;13.5%;13%|4.8%;4.8%;14.4%;14%|5%;5%;15%;15%
501401,1,0,5,Assets/Main/Sprites/UI/UILWTCCard/FX_zhanshukapai_061.png,card_name_5014010,75273;0|75073;0|75173;0,75273;0.01|75073;0.01|75173;0.01,10,5,501401000,,,1800000|60500,0,,5,5,0,,,107,4,card_desc_501401000,10;5%;10%|10;6%;12%|10;7%;14%|10;8%;16%|10;9%;18%|10;10%;20%
501402,1,0,5,Assets/Main/Sprites/UI/UILWTCCard/FX_zhanshukapai_062.png,card_name_5014020,75273;0|75073;0|75173;0,75273;0.01|75073;0.01|75173;0.01,10,5,501402000|501403000,,,1800000|60500,0,,5,5,0,,,108,4,card_desc_501402000,7.5%;3;7.5%|9%;3;9%|10.5%;3;10.5%|12%;3;12%|13.5%;3;13.5%|15%;3;15%
