id,group_id,battle_type,type,order,title,desc1,desc2,battle_building,battle_skill,new_tag
1,1,1,1,1,458073,458100,,,,
2,1,1,1,2,458074,Desert_strom_tips1046,,,,
3,1,1,1,3,458075,458102,,,,
4,1,1,2,1,458076,458103,,10000,,
5,1,1,2,2,458077,458104,,10010,,
6,1,1,2,3,458078,458105,,10020,,
7,1,1,2,4,458079,458106,,10030,,
8,1,1,2,5,458080,458107,,10040,,
9,1,1,2,6,458081,458108,,10050,,
10,1,1,2,7,458082,458109,,10050,,
11,1,1,2,8,458083,458110,,10050,,
12,1,1,3,1,458269,458270,458271,,,
13,1,1,3,2,458084,458111,458112,,,
14,1,1,3,3,458085,458113,458114,,,
15,1,1,4,1,458086,458115,,,,
16,1,1,4,2,458087,Desert_strom_tips1047,,,,
17,2,2,1,1,458073,winter_battlefield_rules1027,,,,
18,2,2,1,2,458074,winter_battlefield_rules1028,,,,
19,2,2,1,3,458075,winter_battlefield_rules1029,,,,
20,2,2,2,1,winter_battlefield_entity_name1010,winter_battlefield_rules1030,,100,,
21,2,2,2,2,458161,458103,,201,,
22,2,2,2,3,458162,458104,,202,,
23,2,2,2,4,winter_battlefield_entity_name1001,winter_battlefield_rules1031,,203,,
24,2,2,3,1,458085,winter_battlefield_rules1019,,,,
25,2,2,4,1,458086,winter_battlefield_rules1021,,,,
26,2,2,4,2,458087,winter_battlefield_rules1022,,,,
27,3,3,1,1,YiBianJinQu_rules_title_1,YiBianJinQu_rules_1,,,,
28,3,3,1,2,YiBianJinQu_rules_title_2,YiBianJinQu_rules_2,,,,
29,3,3,1,3,YiBianJinQu_rules_title_3,YiBianJinQu_rules_3,,,,
30,3,3,2,1,YiBianJinQu_rules_title_4,YiBianJinQu_rules_4,,10101,,
31,3,3,2,2,YiBianJinQu_rules_title_5,YiBianJinQu_rules_5,,10201,,
32,3,3,2,3,YiBianJinQu_building_name_7,YiBianJinQu_rules_6,,10301,,
33,3,3,2,4,YiBianJinQu_building_name_8,YiBianJinQu_rules_7,,10401,,
34,3,3,2,5,YiBianJinQu_rules_title_6,YiBianJinQu_rules_8,,10501,,
35,3,3,2,6,YiBianJinQu_rules_title_7,YiBianJinQu_rules_9,,10601,,
36,3,3,2,7,YiBianJinQu_building_name_13,YiBianJinQu_rules_10,,10701,,
37,3,3,2,8,YiBianJinQu_building_name_14,YiBianJinQu_rules_11,,10801,,
38,3,3,5,1,,,,,301,
39,3,3,5,2,,,,,302,
40,3,3,5,3,,,,,303,
41,3,3,5,4,,,,,304,
42,3,3,4,1,YiBianJinQu_rules_title_8,YiBianJinQu_rules_12,,,,
43,3,3,4,2,YiBianJinQu_rules_title_9,YiBianJinQu_rules_13,,,,
44,4,1,1,1,458073,458100,,,,
45,4,1,1,2,458074,Desert_strom_tips1046,,,,
46,4,1,1,3,458075,458102,,,,
47,4,1,2,1,458076,458103,,10000,,
48,4,1,2,2,458077,458104,,10010,,
49,4,1,2,3,458078,458105,,10020,,
50,4,1,2,4,458079,458106,,10030,,
51,4,1,2,5,458080,458107,,10040,,
52,4,1,2,6,458081,458108,,10050,,
53,4,1,2,7,458082,458109,,10050,,
54,4,1,2,8,458083,458110,,10050,,
55,4,1,3,1,458269,458270,458271,,,
56,4,1,3,2,458084,458111,458112,,,
57,4,1,3,3,458085,458113,458114,,,
58,4,1,4,1,458086,458115,,,,
59,4,1,4,2,458087,Desert_strom_tips1047,,,,
60,4,1,4,3,Desert_strom_tips1092,Desert_strom_tips1093,,,,
61,3,3,6,1,YiBianJinQu_rules_title_10,YiBianJinQu_rules_14,,,,
62,3,3,6,2,YiBianJinQu_role_name_2,YiBianJinQu_rules_15,,,"101,201,202,203",
63,3,3,6,3,YiBianJinQu_role_name_3,YiBianJinQu_rules_16,,,,
64,5,4,1,1,458073,dsb_duel_rules_1001,,,,
65,5,4,1,2,458074,dsb_duel_rules_1002,,,,
66,5,4,1,3,458075,dsb_duel_rules_1003,,,,
67,5,4,2,1,458076,dsb_duel_rules_1004,,10000,,
68,5,4,2,2,458077,dsb_duel_rules_1005,,10010,,
69,5,4,2,3,458080,dsb_duel_rules_1006,,10030,,
70,5,4,2,4,458081,dsb_duel_rules_1007,,10040,,
71,5,4,2,5,458082,dsb_duel_rules_1008,,10050,,
72,5,4,2,6,YiBianJinQu_rules_title_7,YiBianJinQu_rules_9,,10090,,
73,5,4,2,7,458172,dsb_duel_rules_1010,,10110,,
74,5,4,2,8,458083,dsb_duel_rules_1011,,10120,,
75,5,4,2,9,458078,dsb_duel_rules_1017,,10150,,
76,5,4,2,10,458079,dsb_duel_rules_1018,,10160,,
77,5,4,4,1,458086,dsb_duel_rules_1012,,,,
78,5,4,4,2,458087,dsb_duel_rules_1013,,,,
79,5,4,4,3,dsb_duel_rules_1015,dsb_duel_rules_1014,,,,
