id,type,levels,name,description,image,spine,help,goods_show,desc_goods_type,other_tips,desc_1,desc_1_type,desc_1_weight,desc_1_second_confirmation,desc_2,desc_2_type,desc_2_weight,reward_deduction,level_reward,level_reward_icon,level_reward_value,next_level_reward,next_level_reward_icon,next_level_reward_value,icon1,scrolling_announcement,reward_tips,mail,share_components
200001,0,0,cave_exploration_name_1,cave_exploration_description_1,Assets/Main/SeasonRes/S3/Textures/RadarTreasure/ljq_leidaduobao_bg01_banner.png,,cave_exploration_help_1,,,,Assets/Main/SeasonRes/S3/Sprites/UI/LWUIRadarCaveExplore/ljq_leidaduobao_icon_01.png|cave_exploration_option_1,1|200002,10000,,,,,,,,,,,,,,,,
200002,1,1,cave_exploration_name_2_1,cave_exploration_description_2_1,Assets/Main/SeasonRes/S3/Textures/RadarTreasure/ljq_leidaduobao_bg02_banner.png,,cave_exploration_help_1,,,,Assets/Main/SeasonRes/S3/Sprites/UI/LWUIRadarCaveExplore/ljq_leidaduobao_icon_01.png|cave_exploration_option_11|80,"1|200003,200105,200106",8000|1400|600,"cave_exploration_tips_8,20",Assets/Main/SeasonRes/S3/Sprites/UI/LWUIRadarCaveExplore/ljq_leidaduobao_icon_02.png|cave_exploration_option_6,1|200104,10000,,109020129,Assets/Main/SeasonRes/S3/Sprites/UI/LWUIRadarCaveExplore/ljq_leidaduobao_baoxiang01.png,20,109020130,Assets/Main/SeasonRes/S3/Sprites/UI/LWUIRadarCaveExplore/ljq_leidaduobao_baoxiang02.png,220,"Assets/Main/SeasonRes/S3/Sprites/UI/LWUIRadarCaveExplore/ljq_leidaduobao_baoxiangda_01.png;0,450",,,,
200003,1,2,cave_exploration_name_2_2,cave_exploration_description_2_2,Assets/Main/SeasonRes/S3/Textures/RadarTreasure/ljq_leidaduobao_bg02_banner.png,,cave_exploration_help_1,,,,Assets/Main/SeasonRes/S3/Sprites/UI/LWUIRadarCaveExplore/ljq_leidaduobao_icon_01.png|cave_exploration_option_11|70,"1|200004,200105,200106",7000|2100|900,"cave_exploration_tips_8,30",Assets/Main/SeasonRes/S3/Sprites/UI/LWUIRadarCaveExplore/ljq_leidaduobao_icon_02.png|cave_exploration_option_6,1|200104,10000,,109020130,Assets/Main/SeasonRes/S3/Sprites/UI/LWUIRadarCaveExplore/ljq_leidaduobao_baoxiang01.png,220,109020131,Assets/Main/SeasonRes/S3/Sprites/UI/LWUIRadarCaveExplore/ljq_leidaduobao_baoxiang03.png,420,"Assets/Main/SeasonRes/S3/Sprites/UI/LWUIRadarCaveExplore/ljq_leidaduobao_baoxiangda_02.png;0,450",,,,
200004,1,3,cave_exploration_name_2_3,cave_exploration_description_2_3,Assets/Main/SeasonRes/S3/Textures/RadarTreasure/ljq_leidaduobao_bg02_banner.png,,cave_exploration_help_1,,,,Assets/Main/SeasonRes/S3/Sprites/UI/LWUIRadarCaveExplore/ljq_leidaduobao_icon_01.png|cave_exploration_option_11|60,"1|200005,200105,200106",6000|2800|1200,"cave_exploration_tips_8,40",Assets/Main/SeasonRes/S3/Sprites/UI/LWUIRadarCaveExplore/ljq_leidaduobao_icon_02.png|cave_exploration_option_6,1|200104,10000,,109020131,Assets/Main/SeasonRes/S3/Sprites/UI/LWUIRadarCaveExplore/ljq_leidaduobao_baoxiang02.png,420,109020132,Assets/Main/SeasonRes/S3/Sprites/UI/LWUIRadarCaveExplore/ljq_leidaduobao_baoxiang04.png,770,"Assets/Main/SeasonRes/S3/Sprites/UI/LWUIRadarCaveExplore/ljq_leidaduobao_baoxiangda_03.png;0,450",,,,
200005,1,4,cave_exploration_name_2_4,cave_exploration_description_2_4,Assets/Main/SeasonRes/S3/Textures/RadarTreasure/ljq_leidaduobao_bg02_banner.png,,cave_exploration_help_1,,,,Assets/Main/SeasonRes/S3/Sprites/UI/LWUIRadarCaveExplore/ljq_leidaduobao_icon_01.png|cave_exploration_option_11|50,"1|200006,200105,200106",5000|3500|1500,"cave_exploration_tips_8,50",Assets/Main/SeasonRes/S3/Sprites/UI/LWUIRadarCaveExplore/ljq_leidaduobao_icon_02.png|cave_exploration_option_6,1|200104,10000,,109020132,Assets/Main/SeasonRes/S3/Sprites/UI/LWUIRadarCaveExplore/ljq_leidaduobao_baoxiang02.png,770,109020133,Assets/Main/SeasonRes/S3/Sprites/UI/LWUIRadarCaveExplore/ljq_leidaduobao_baoxiang05.png,3370,"Assets/Main/SeasonRes/S3/Sprites/UI/LWUIRadarCaveExplore/ljq_leidaduobao_baoxiangda_04.png;0,450",,,,
200006,1,5,cave_exploration_name_2_5,cave_exploration_description_2_5,Assets/Main/SeasonRes/S3/Textures/RadarTreasure/ljq_leidaduobao_bg02_banner.png,,cave_exploration_help_1,,,,Assets/Main/SeasonRes/S3/Sprites/UI/LWUIRadarCaveExplore/ljq_leidaduobao_icon_01.png|cave_exploration_option_11|40,"1|200007,200105,200106",4000|4200|1800,"cave_exploration_tips_8,60",Assets/Main/SeasonRes/S3/Sprites/UI/LWUIRadarCaveExplore/ljq_leidaduobao_icon_02.png|cave_exploration_option_6,1|200104,10000,,109020133,Assets/Main/SeasonRes/S3/Sprites/UI/LWUIRadarCaveExplore/ljq_leidaduobao_baoxiang03.png,3370,109020134,Assets/Main/SeasonRes/S3/Sprites/UI/LWUIRadarCaveExplore/ljq_leidaduobao_baoxiang05.png,6570,"Assets/Main/SeasonRes/S3/Sprites/UI/LWUIRadarCaveExplore/ljq_leidaduobao_baoxiangda_05.png;0,450",,,,
200007,1,6,cave_exploration_name_2_6,cave_exploration_description_2_10,Assets/Main/SeasonRes/S3/Textures/RadarTreasure/ljq_leidaduobao_bg02_banner.png,,cave_exploration_help_1,,,,Assets/Main/SeasonRes/S3/Sprites/UI/LWUIRadarCaveExplore/ljq_leidaduobao_icon_01.png|cave_exploration_option_11|30,"1|200008,200105,200106",3000|4900|2100,"cave_exploration_tips_8,70",Assets/Main/SeasonRes/S3/Sprites/UI/LWUIRadarCaveExplore/ljq_leidaduobao_icon_02.png|cave_exploration_option_6,1|200104,10000,,109020134,Assets/Main/SeasonRes/S3/Sprites/UI/LWUIRadarCaveExplore/ljq_leidaduobao_baoxiang03.png,6570,109020135,Assets/Main/SeasonRes/S3/Sprites/UI/LWUIRadarCaveExplore/ljq_leidaduobao_baoxiang05.png,24950,"Assets/Main/SeasonRes/S3/Sprites/UI/LWUIRadarCaveExplore/ljq_leidaduobao_baoxiangda_05.png;0,450",,,,
200008,1,7,cave_exploration_name_2_7,cave_exploration_description_3,Assets/Main/SeasonRes/S3/Textures/RadarTreasure/ljq_leidaduobao_bg02_banner.png,,cave_exploration_help_1,,,,Assets/Main/SeasonRes/S3/Sprites/UI/LWUIRadarCaveExplore/ljq_leidaduobao_icon_01.png|cave_exploration_option_10,1|200102,10000,,,,,,109020135,Assets/Main/SeasonRes/S3/Sprites/UI/LWUIRadarCaveExplore/ljq_leidaduobao_baoxiang05.png,24950,,,,"Assets/Main/SeasonRes/S3/Sprites/UI/LWUIRadarCaveExplore/ljq_leidaduobao_baoxiangda_05.png;0,450",,,,
200102,3,7,cave_exploration_name_3,cave_exploration_description_4,Assets/Main/SeasonRes/S3/Textures/RadarTreasure/ljq_leidaduobao_bg04_banner.png,,cave_exploration_help_1,,,,Assets/Main/SeasonRes/S3/Sprites/UI/LWUIRadarCaveExplore/ljq_leidaduobao_icon_04.png|cave_exploration_option_4,3|10001,10000,,,,,,,,,,,,,31201,,,2
200104,5,,cave_exploration_name_3,cave_exploration_description_8,Assets/Main/SeasonRes/S3/Textures/RadarTreasure/ljq_leidaduobao_bg02_banner.png,,cave_exploration_help_1,,,,Assets/Main/SeasonRes/S3/Sprites/UI/LWUIRadarCaveExplore/ljq_leidaduobao_icon_01.png|cave_exploration_option_6,4|109020139,10000,,,,,,,,,,,,,,,,
200105,4,,cave_exploration_name_8,cave_exploration_option_8,Assets/Main/SeasonRes/S3/Textures/RadarTreasure/ljq_leidaduobao_bg03_banner.png,,cave_exploration_help_1,,,,Assets/Main/SeasonRes/S3/Sprites/UI/LWUIRadarCaveExplore/ljq_leidaduobao_icon_03.png|cave_exploration_option_5,4|109020139,10000,,,,,-1,,,,,,,,,,,
200106,4,,cave_exploration_name_8,cave_exploration_option_8,Assets/Main/SeasonRes/S3/Textures/RadarTreasure/ljq_leidaduobao_bg03_banner.png,,cave_exploration_help_1,,,,Assets/Main/SeasonRes/S3/Sprites/UI/LWUIRadarCaveExplore/ljq_leidaduobao_icon_05.png|cave_exploration_option_5,2|118,10000,,,,,-1,,,,,,,,,,,
300001,0,0,cave_exploration_name_1,cave_exploration_description_1,Assets/Main/SeasonRes/S3/Textures/RadarTreasure/ljq_leidaduobao_bg01_banner.png,,cave_exploration_help_1,,,,Assets/Main/SeasonRes/S3/Sprites/UI/LWUIRadarCaveExplore/ljq_leidaduobao_icon_01.png|cave_exploration_option_1,1|300002,10000,,,,,,,,,,,,,,,,
300002,1,1,cave_exploration_name_2_1,cave_exploration_description_2_1,Assets/Main/SeasonRes/S3/Textures/RadarTreasure/ljq_leidaduobao_bg02_banner.png,,cave_exploration_help_1,,,,Assets/Main/SeasonRes/S3/Sprites/UI/LWUIRadarCaveExplore/ljq_leidaduobao_icon_01.png|cave_exploration_option_11|95,"1|300003,300105,300106",9500|350|150,"cave_exploration_tips_8,5",Assets/Main/SeasonRes/S3/Sprites/UI/LWUIRadarCaveExplore/ljq_leidaduobao_icon_02.png|cave_exploration_option_6,1|300104,10000,,109020129,Assets/Main/SeasonRes/S3/Sprites/UI/LWUIRadarCaveExplore/ljq_leidaduobao_baoxiang01.png,20,109020130,Assets/Main/SeasonRes/S3/Sprites/UI/LWUIRadarCaveExplore/ljq_leidaduobao_baoxiang02.png,220,"Assets/Main/SeasonRes/S3/Sprites/UI/LWUIRadarCaveExplore/ljq_leidaduobao_baoxiangda_01.png;0,450",,,,
300003,1,2,cave_exploration_name_2_2,cave_exploration_description_2_2,Assets/Main/SeasonRes/S3/Textures/RadarTreasure/ljq_leidaduobao_bg02_banner.png,,cave_exploration_help_1,,,,Assets/Main/SeasonRes/S3/Sprites/UI/LWUIRadarCaveExplore/ljq_leidaduobao_icon_01.png|cave_exploration_option_11|90,"1|300004,300105,300106",9000|700|300,"cave_exploration_tips_8,10",Assets/Main/SeasonRes/S3/Sprites/UI/LWUIRadarCaveExplore/ljq_leidaduobao_icon_02.png|cave_exploration_option_6,1|300104,10000,,109020130,Assets/Main/SeasonRes/S3/Sprites/UI/LWUIRadarCaveExplore/ljq_leidaduobao_baoxiang01.png,220,109020131,Assets/Main/SeasonRes/S3/Sprites/UI/LWUIRadarCaveExplore/ljq_leidaduobao_baoxiang03.png,420,"Assets/Main/SeasonRes/S3/Sprites/UI/LWUIRadarCaveExplore/ljq_leidaduobao_baoxiangda_02.png;0,450",,,,
300004,1,3,cave_exploration_name_2_3,cave_exploration_description_2_3,Assets/Main/SeasonRes/S3/Textures/RadarTreasure/ljq_leidaduobao_bg02_banner.png,,cave_exploration_help_1,,,,Assets/Main/SeasonRes/S3/Sprites/UI/LWUIRadarCaveExplore/ljq_leidaduobao_icon_01.png|cave_exploration_option_11|80,"1|300005,300105,300106",8000|1400|600,"cave_exploration_tips_8,20",Assets/Main/SeasonRes/S3/Sprites/UI/LWUIRadarCaveExplore/ljq_leidaduobao_icon_02.png|cave_exploration_option_6,1|300104,10000,,109020131,Assets/Main/SeasonRes/S3/Sprites/UI/LWUIRadarCaveExplore/ljq_leidaduobao_baoxiang02.png,420,109020132,Assets/Main/SeasonRes/S3/Sprites/UI/LWUIRadarCaveExplore/ljq_leidaduobao_baoxiang04.png,770,"Assets/Main/SeasonRes/S3/Sprites/UI/LWUIRadarCaveExplore/ljq_leidaduobao_baoxiangda_03.png;0,450",,,,
300005,1,4,cave_exploration_name_2_4,cave_exploration_description_2_4,Assets/Main/SeasonRes/S3/Textures/RadarTreasure/ljq_leidaduobao_bg02_banner.png,,cave_exploration_help_1,,,,Assets/Main/SeasonRes/S3/Sprites/UI/LWUIRadarCaveExplore/ljq_leidaduobao_icon_01.png|cave_exploration_option_11|70,"1|300006,300105,300106",7000|2100|900,"cave_exploration_tips_8,30",Assets/Main/SeasonRes/S3/Sprites/UI/LWUIRadarCaveExplore/ljq_leidaduobao_icon_02.png|cave_exploration_option_6,1|300104,10000,,109020132,Assets/Main/SeasonRes/S3/Sprites/UI/LWUIRadarCaveExplore/ljq_leidaduobao_baoxiang02.png,770,109020133,Assets/Main/SeasonRes/S3/Sprites/UI/LWUIRadarCaveExplore/ljq_leidaduobao_baoxiang05.png,3370,"Assets/Main/SeasonRes/S3/Sprites/UI/LWUIRadarCaveExplore/ljq_leidaduobao_baoxiangda_04.png;0,450",,,,
300006,1,5,cave_exploration_name_2_5,cave_exploration_description_2_5,Assets/Main/SeasonRes/S3/Textures/RadarTreasure/ljq_leidaduobao_bg02_banner.png,,cave_exploration_help_1,,,,Assets/Main/SeasonRes/S3/Sprites/UI/LWUIRadarCaveExplore/ljq_leidaduobao_icon_01.png|cave_exploration_option_11|60,"1|300007,300105,300106",6000|2800|1200,"cave_exploration_tips_8,40",Assets/Main/SeasonRes/S3/Sprites/UI/LWUIRadarCaveExplore/ljq_leidaduobao_icon_02.png|cave_exploration_option_6,1|300104,10000,,109020133,Assets/Main/SeasonRes/S3/Sprites/UI/LWUIRadarCaveExplore/ljq_leidaduobao_baoxiang03.png,3370,109020134,Assets/Main/SeasonRes/S3/Sprites/UI/LWUIRadarCaveExplore/ljq_leidaduobao_baoxiang05.png,6570,"Assets/Main/SeasonRes/S3/Sprites/UI/LWUIRadarCaveExplore/ljq_leidaduobao_baoxiangda_05.png;0,450",,,,
300007,1,6,cave_exploration_name_2_6,cave_exploration_description_2_10,Assets/Main/SeasonRes/S3/Textures/RadarTreasure/ljq_leidaduobao_bg02_banner.png,,cave_exploration_help_1,,,,Assets/Main/SeasonRes/S3/Sprites/UI/LWUIRadarCaveExplore/ljq_leidaduobao_icon_01.png|cave_exploration_option_11|50,"1|300008,300105,300106",5000|3500|1500,"cave_exploration_tips_8,50",Assets/Main/SeasonRes/S3/Sprites/UI/LWUIRadarCaveExplore/ljq_leidaduobao_icon_02.png|cave_exploration_option_6,1|300104,10000,,109020134,Assets/Main/SeasonRes/S3/Sprites/UI/LWUIRadarCaveExplore/ljq_leidaduobao_baoxiang03.png,6570,109020135,Assets/Main/SeasonRes/S3/Sprites/UI/LWUIRadarCaveExplore/ljq_leidaduobao_baoxiang05.png,24950,"Assets/Main/SeasonRes/S3/Sprites/UI/LWUIRadarCaveExplore/ljq_leidaduobao_baoxiangda_05.png;0,450",,,,
300008,1,7,cave_exploration_name_2_7,cave_exploration_description_3,Assets/Main/SeasonRes/S3/Textures/RadarTreasure/ljq_leidaduobao_bg02_banner.png,,cave_exploration_help_1,,,,Assets/Main/SeasonRes/S3/Sprites/UI/LWUIRadarCaveExplore/ljq_leidaduobao_icon_01.png|cave_exploration_option_10,1|300102,10000,,,,,,109020135,Assets/Main/SeasonRes/S3/Sprites/UI/LWUIRadarCaveExplore/ljq_leidaduobao_baoxiang05.png,24950,,,,"Assets/Main/SeasonRes/S3/Sprites/UI/LWUIRadarCaveExplore/ljq_leidaduobao_baoxiangda_05.png;0,450",,,,
300102,3,7,cave_exploration_name_3,cave_exploration_description_4,Assets/Main/SeasonRes/S3/Textures/RadarTreasure/ljq_leidaduobao_bg04_banner.png,,cave_exploration_help_1,,,,Assets/Main/SeasonRes/S3/Sprites/UI/LWUIRadarCaveExplore/ljq_leidaduobao_icon_04.png|cave_exploration_option_4,3|10001,10000,,,,,,,,,,,,,31201,,,2
300104,5,,cave_exploration_name_3,cave_exploration_description_8,Assets/Main/SeasonRes/S3/Textures/RadarTreasure/ljq_leidaduobao_bg02_banner.png,,cave_exploration_help_1,,,,Assets/Main/SeasonRes/S3/Sprites/UI/LWUIRadarCaveExplore/ljq_leidaduobao_icon_01.png|cave_exploration_option_6,4|109020139,10000,,,,,,,,,,,,,,,,
300105,4,,cave_exploration_name_8,cave_exploration_option_8,Assets/Main/SeasonRes/S3/Textures/RadarTreasure/ljq_leidaduobao_bg03_banner.png,,cave_exploration_help_1,,,,Assets/Main/SeasonRes/S3/Sprites/UI/LWUIRadarCaveExplore/ljq_leidaduobao_icon_03.png|cave_exploration_option_5,4|109020139,10000,,,,,-1,,,,,,,,,,,
300106,4,,cave_exploration_name_8,cave_exploration_option_8,Assets/Main/SeasonRes/S3/Textures/RadarTreasure/ljq_leidaduobao_bg03_banner.png,,cave_exploration_help_1,,,,Assets/Main/SeasonRes/S3/Sprites/UI/LWUIRadarCaveExplore/ljq_leidaduobao_icon_05.png|cave_exploration_option_5,2|118,10000,,,,,-1,,,,,,,,,,,
400001,0,0,season4_cave_exploration_name_0,season4_cave_exploration_description_0,Assets/Main/SeasonRes/S4/Textures/RadarTreasure/zxl_leidaduobao_bg01_banner.png,Tavern_idle,season4_cave_exploration_help_1,,,,Assets/Main/SeasonRes/S4/Sprites/UI/RollTreasure/zxl_leidaduobao_icon_01.png|season4_cave_exploration_option_2,1|400002,10000,,,,,,,,,,,,,,,,
400002,6,1,season4_cave_exploration_name_1,season4_cave_exploration_description_1,Assets/Main/SeasonRes/S4/Textures/RadarTreasure/zxl_leidaduobao_bg03_banner.png,"Tavern_open,Table_idle|Table_idle|Table_start,Table_cycle|Table_continue,Table_idle",season4_cave_exploration_help_1,650071,"650071,1,400003",season4_cave_exploration_tips_8,Assets/Main/SeasonRes/S4/Sprites/UI/RollTreasure/zxl_leidaduobao_icon_06.png|season4_cave_exploration_option_4,"6|400004,400103","1,100;2,100;3,100;4,100;5,100;6,100|1,100;2,100;3,100;4,100;5,0;6,0",season4_cave_exploration_tips_7,Assets/Main/SeasonRes/S4/Sprites/UI/RollTreasure/zxl_leidaduobao_icon_02.png|season4_cave_exploration_name_10,1|400102,10000,,109021442,Assets/Main/SeasonRes/S4/Sprites/UI/RollTreasure/zxl_leidaduobao_baoxiang01.png,20,109021443,Assets/Main/SeasonRes/S4/Sprites/UI/RollTreasure/zxl_leidaduobao_baoxiang02.png,220,,,,,
400003,6,1,season4_cave_exploration_name_1_lucky,season4_cave_exploration_description_11,Assets/Main/SeasonRes/S4/Textures/RadarTreasure/zxl_leidaduobao_bg03_banner.png,"Table_idle|Table_idle|Table_start,Table_cycle|Table_continue,Table_idle",season4_cave_exploration_help_1,650071,,,Assets/Main/SeasonRes/S4/Sprites/UI/RollTreasure/zxl_leidaduobao_icon_06.png|season4_cave_exploration_option_4,"6|400004,400103","1,100;2,100;3,100;4,100;5,100;6,100|1,100;2,100;3,100;4,0;5,0;6,0",season4_cave_exploration_tips_7,Assets/Main/SeasonRes/S4/Sprites/UI/RollTreasure/zxl_leidaduobao_icon_02.png|season4_cave_exploration_name_10,1|400102,10000,,109021442,Assets/Main/SeasonRes/S4/Sprites/UI/RollTreasure/zxl_leidaduobao_baoxiang01.png,20,109021443,Assets/Main/SeasonRes/S4/Sprites/UI/RollTreasure/zxl_leidaduobao_baoxiang02.png,220,,,,,
400004,6,2,season4_cave_exploration_name_2,season4_cave_exploration_description_2,Assets/Main/SeasonRes/S4/Textures/RadarTreasure/zxl_leidaduobao_bg03_banner.png,"Table_open,Table_continue,Table_idle|Table_idle|Table_start,Table_cycle|Table_continue,Table_idle",season4_cave_exploration_help_1,650071,"650071,1,400005",season4_cave_exploration_tips_8,Assets/Main/SeasonRes/S4/Sprites/UI/RollTreasure/zxl_leidaduobao_icon_06.png|season4_cave_exploration_option_4,"6|400006,400103","1,100;2,100;3,100;4,100;5,100;6,100|1,100;2,100;3,100;4,100;5,100;6,0",season4_cave_exploration_tips_7,Assets/Main/SeasonRes/S4/Sprites/UI/RollTreasure/zxl_leidaduobao_icon_02.png|season4_cave_exploration_name_10,1|400102,10000,,109021443,Assets/Main/SeasonRes/S4/Sprites/UI/RollTreasure/zxl_leidaduobao_baoxiang01.png,220,109021444,Assets/Main/SeasonRes/S4/Sprites/UI/RollTreasure/zxl_leidaduobao_baoxiang03.png,420,,,,,
400005,6,2,season4_cave_exploration_name_2_lucky,season4_cave_exploration_description_11,Assets/Main/SeasonRes/S4/Textures/RadarTreasure/zxl_leidaduobao_bg03_banner.png,"Table_idle|Table_idle|Table_start,Table_cycle|Table_continue,Table_idle",season4_cave_exploration_help_1,650071,,,Assets/Main/SeasonRes/S4/Sprites/UI/RollTreasure/zxl_leidaduobao_icon_06.png|season4_cave_exploration_option_4,"6|400006,400103","1,100;2,100;3,100;4,100;5,100;6,100|1,100;2,100;3,100;4,0;5,0;6,0",season4_cave_exploration_tips_7,Assets/Main/SeasonRes/S4/Sprites/UI/RollTreasure/zxl_leidaduobao_icon_02.png|season4_cave_exploration_name_10,1|400102,10000,,109021443,Assets/Main/SeasonRes/S4/Sprites/UI/RollTreasure/zxl_leidaduobao_baoxiang01.png,220,109021444,Assets/Main/SeasonRes/S4/Sprites/UI/RollTreasure/zxl_leidaduobao_baoxiang03.png,420,,,,,
400006,6,3,season4_cave_exploration_name_3,season4_cave_exploration_description_3,Assets/Main/SeasonRes/S4/Textures/RadarTreasure/zxl_leidaduobao_bg03_banner.png,"Table_open,Table_continue,Table_idle|Table_idle|Table_start,Table_cycle|Table_continue,Table_idle",season4_cave_exploration_help_1,650071,"650071,1,400007",season4_cave_exploration_tips_8,Assets/Main/SeasonRes/S4/Sprites/UI/RollTreasure/zxl_leidaduobao_icon_06.png|season4_cave_exploration_option_4,"6|400008,400103","1,100;2,100;3,100;4,100;5,100;6,100|1,100;2,100;3,100;4,100;5,100;6,100",season4_cave_exploration_tips_7,Assets/Main/SeasonRes/S4/Sprites/UI/RollTreasure/zxl_leidaduobao_icon_02.png|season4_cave_exploration_name_10,1|400102,10000,,109021444,Assets/Main/SeasonRes/S4/Sprites/UI/RollTreasure/zxl_leidaduobao_baoxiang02.png,420,109021445,Assets/Main/SeasonRes/S4/Sprites/UI/RollTreasure/zxl_leidaduobao_baoxiang04.png,1170,,,,,
400007,6,3,season4_cave_exploration_name_3_lucky,season4_cave_exploration_description_11,Assets/Main/SeasonRes/S4/Textures/RadarTreasure/zxl_leidaduobao_bg03_banner.png,"Table_idle|Table_idle|Table_start,Table_cycle|Table_continue,Table_idle",season4_cave_exploration_help_1,650071,,,Assets/Main/SeasonRes/S4/Sprites/UI/RollTreasure/zxl_leidaduobao_icon_06.png|season4_cave_exploration_option_4,"6|400008,400103","1,100;2,100;3,100;4,100;5,100;6,100|1,100;2,100;3,100;4,0;5,0;6,0",season4_cave_exploration_tips_7,Assets/Main/SeasonRes/S4/Sprites/UI/RollTreasure/zxl_leidaduobao_icon_02.png|season4_cave_exploration_name_10,1|400102,10000,,109021444,Assets/Main/SeasonRes/S4/Sprites/UI/RollTreasure/zxl_leidaduobao_baoxiang02.png,420,109021445,Assets/Main/SeasonRes/S4/Sprites/UI/RollTreasure/zxl_leidaduobao_baoxiang04.png,1170,,,,,
400008,6,4,season4_cave_exploration_name_4,season4_cave_exploration_description_4,Assets/Main/SeasonRes/S4/Textures/RadarTreasure/zxl_leidaduobao_bg03_banner.png,"Table_open,Table_continue,Table_idle|Table_idle|Table_start,Table_cycle|Table_continue,Table_idle",season4_cave_exploration_help_1,650071,"650071,1,400009",season4_cave_exploration_tips_8,Assets/Main/SeasonRes/S4/Sprites/UI/RollTreasure/zxl_leidaduobao_icon_06.png|season4_cave_exploration_option_4,"6|400010,400103","1,100;2,100;3,100;4,100;5,100;6,100|1,100;2,100;3,100;4,100;5,100;6,100",season4_cave_exploration_tips_7,Assets/Main/SeasonRes/S4/Sprites/UI/RollTreasure/zxl_leidaduobao_icon_02.png|season4_cave_exploration_name_10,1|400102,10000,,109021445,Assets/Main/SeasonRes/S4/Sprites/UI/RollTreasure/zxl_leidaduobao_baoxiang02.png,1170,109021446,Assets/Main/SeasonRes/S4/Sprites/UI/RollTreasure/zxl_leidaduobao_baoxiang05.png,3770,,,,,
400009,6,4,season4_cave_exploration_name_4_lucky,season4_cave_exploration_description_11,Assets/Main/SeasonRes/S4/Textures/RadarTreasure/zxl_leidaduobao_bg03_banner.png,"Table_idle|Table_idle|Table_start,Table_cycle|Table_continue,Table_idle",season4_cave_exploration_help_1,650071,,,Assets/Main/SeasonRes/S4/Sprites/UI/RollTreasure/zxl_leidaduobao_icon_06.png|season4_cave_exploration_option_4,"6|400010,400103","1,100;2,100;3,100;4,100;5,100;6,100|1,100;2,100;3,100;4,0;5,0;6,0",season4_cave_exploration_tips_7,Assets/Main/SeasonRes/S4/Sprites/UI/RollTreasure/zxl_leidaduobao_icon_02.png|season4_cave_exploration_name_10,1|400102,10000,,109021445,Assets/Main/SeasonRes/S4/Sprites/UI/RollTreasure/zxl_leidaduobao_baoxiang02.png,1170,109021446,Assets/Main/SeasonRes/S4/Sprites/UI/RollTreasure/zxl_leidaduobao_baoxiang05.png,3770,,,,,
400010,6,5,season4_cave_exploration_name_5,season4_cave_exploration_description_5,Assets/Main/SeasonRes/S4/Textures/RadarTreasure/zxl_leidaduobao_bg03_banner.png,"Table_open,Table_continue,Table_idle|Table_idle|Table_start,Table_cycle|Table_continue,Table_idle",season4_cave_exploration_help_1,650071,"650071,1,400011",season4_cave_exploration_tips_8,Assets/Main/SeasonRes/S4/Sprites/UI/RollTreasure/zxl_leidaduobao_icon_06.png|season4_cave_exploration_option_4,"6|400012,400103","1,100;2,100;3,100;4,100;5,100;6,100|1,100;2,100;3,100;4,100;5,100;6,100",season4_cave_exploration_tips_7,Assets/Main/SeasonRes/S4/Sprites/UI/RollTreasure/zxl_leidaduobao_icon_02.png|season4_cave_exploration_name_10,1|400102,10000,,109021446,Assets/Main/SeasonRes/S4/Sprites/UI/RollTreasure/zxl_leidaduobao_baoxiang03.png,3770,109021447,Assets/Main/SeasonRes/S4/Sprites/UI/RollTreasure/zxl_leidaduobao_baoxiang05.png,7020,,,,,
400011,6,5,season4_cave_exploration_name_5_lucky,season4_cave_exploration_description_11,Assets/Main/SeasonRes/S4/Textures/RadarTreasure/zxl_leidaduobao_bg03_banner.png,"Table_idle|Table_idle|Table_start,Table_cycle|Table_continue,Table_idle",season4_cave_exploration_help_1,650071,,,Assets/Main/SeasonRes/S4/Sprites/UI/RollTreasure/zxl_leidaduobao_icon_06.png|season4_cave_exploration_option_4,"6|400012,400103","1,100;2,100;3,100;4,100;5,100;6,100|1,100;2,100;3,100;4,0;5,0;6,0",season4_cave_exploration_tips_7,Assets/Main/SeasonRes/S4/Sprites/UI/RollTreasure/zxl_leidaduobao_icon_02.png|season4_cave_exploration_name_10,1|400102,10000,,109021446,Assets/Main/SeasonRes/S4/Sprites/UI/RollTreasure/zxl_leidaduobao_baoxiang03.png,3770,109021447,Assets/Main/SeasonRes/S4/Sprites/UI/RollTreasure/zxl_leidaduobao_baoxiang05.png,7020,,,,,
400012,6,6,season4_cave_exploration_name_6,season4_cave_exploration_description_6,Assets/Main/SeasonRes/S4/Textures/RadarTreasure/zxl_leidaduobao_bg03_banner.png,"Table_open,Table_continue,Table_idle|Table_idle|Table_start,Table_cycle|Table_continue,Table_idle",season4_cave_exploration_help_1,650071,"650071,1,400013",season4_cave_exploration_tips_8,Assets/Main/SeasonRes/S4/Sprites/UI/RollTreasure/zxl_leidaduobao_icon_06.png|season4_cave_exploration_option_4,"6|400014,400103","1,100;2,100;3,100;4,100;5,100;6,100|1,100;2,100;3,100;4,100;5,100;6,100",season4_cave_exploration_tips_7,Assets/Main/SeasonRes/S4/Sprites/UI/RollTreasure/zxl_leidaduobao_icon_02.png|season4_cave_exploration_name_10,1|400102,10000,,109021447,Assets/Main/SeasonRes/S4/Sprites/UI/RollTreasure/zxl_leidaduobao_baoxiang03.png,7020,109021448,Assets/Main/SeasonRes/S4/Sprites/UI/RollTreasure/zxl_leidaduobao_baoxiang05.png,17550,,,,,
400013,6,6,season4_cave_exploration_name_6_lucky,season4_cave_exploration_description_11,Assets/Main/SeasonRes/S4/Textures/RadarTreasure/zxl_leidaduobao_bg03_banner.png,"Table_idle|Table_idle|Table_start,Table_cycle|Table_continue,Table_idle",season4_cave_exploration_help_1,650071,,,Assets/Main/SeasonRes/S4/Sprites/UI/RollTreasure/zxl_leidaduobao_icon_06.png|season4_cave_exploration_option_4,"6|400014,400103","1,100;2,100;3,100;4,100;5,100;6,100|1,100;2,100;3,100;4,0;5,0;6,0",season4_cave_exploration_tips_7,Assets/Main/SeasonRes/S4/Sprites/UI/RollTreasure/zxl_leidaduobao_icon_02.png|season4_cave_exploration_name_10,1|400102,10000,,109021447,Assets/Main/SeasonRes/S4/Sprites/UI/RollTreasure/zxl_leidaduobao_baoxiang03.png,7020,109021448,Assets/Main/SeasonRes/S4/Sprites/UI/RollTreasure/zxl_leidaduobao_baoxiang05.png,17550,,,,,
400014,6,7,season4_cave_exploration_name_7,season4_cave_exploration_description_7,Assets/Main/SeasonRes/S4/Textures/RadarTreasure/zxl_leidaduobao_bg03_banner.png,"Table_open,Table_continue,Table_idle|Table_idle|Table_start,Table_cycle|Table_continue,Table_idle",season4_cave_exploration_help_1,650071,"650071,1,400015",season4_cave_exploration_tips_8,Assets/Main/SeasonRes/S4/Sprites/UI/RollTreasure/zxl_leidaduobao_icon_06.png|season4_cave_exploration_option_4,"6|400101,400103","1,100;2,100;3,100;4,100;5,100;6,100|1,100;2,100;3,100;4,100;5,100;6,100",season4_cave_exploration_tips_7,Assets/Main/SeasonRes/S4/Sprites/UI/RollTreasure/zxl_leidaduobao_icon_02.png|season4_cave_exploration_name_10,1|400102,10000,,109021448,Assets/Main/SeasonRes/S4/Sprites/UI/RollTreasure/zxl_leidaduobao_baoxiang05.png,17550,109021484,Assets/Main/SeasonRes/S4/Sprites/UI/RollTreasure/zxl_leidaduobao_baoxiang05.png,6666,,,,,
400015,6,7,season4_cave_exploration_name_7_lucky,season4_cave_exploration_description_11,Assets/Main/SeasonRes/S4/Textures/RadarTreasure/zxl_leidaduobao_bg03_banner.png,"Table_idle|Table_idle|Table_start,Table_cycle|Table_continue,Table_idle",season4_cave_exploration_help_1,650071,,,Assets/Main/SeasonRes/S4/Sprites/UI/RollTreasure/zxl_leidaduobao_icon_06.png|season4_cave_exploration_option_4,"6|400101,400103","1,0;2,0;3,0;4,100;5,100;6,100|1,100;2,100;3,100;4,0;5,0;6,0",season4_cave_exploration_tips_7,Assets/Main/SeasonRes/S4/Sprites/UI/RollTreasure/zxl_leidaduobao_icon_02.png|season4_cave_exploration_name_10,1|400102,10000,,109021448,Assets/Main/SeasonRes/S4/Sprites/UI/RollTreasure/zxl_leidaduobao_baoxiang05.png,17550,109021484,Assets/Main/SeasonRes/S4/Sprites/UI/RollTreasure/zxl_leidaduobao_baoxiang05.png,6666,,,,,
400101,3,7,season4_cave_exploration_name_11,season4_cave_exploration_description_9,Assets/Main/SeasonRes/S4/Textures/RadarTreasure/zxl_leidaduobao_bg05_banner.png,"Table_open,Table_victory,victory_idle|victory_idle",season4_cave_exploration_help_1,,,,Assets/Main/SeasonRes/S4/Sprites/UI/RollTreasure/zxl_leidaduobao_icon_04.png|cave_exploration_option_4,3|10002,10000,,,,,,,,,,,,,31210,season4_cave_exploration_reward_tips_1,80322,3
400102,5,0,season4_cave_exploration_name_10,season4_cave_exploration_description_10,Assets/Main/SeasonRes/S4/Textures/RadarTreasure/zxl_leidaduobao_bg01_banner.png,"Table_leave2,Tavern_idle2|Tavern_idle2",season4_cave_exploration_help_1,,,,Assets/Main/SeasonRes/S4/Sprites/UI/RollTreasure/zxl_leidaduobao_icon_05.png|cave_exploration_option_6,4|109020139,10000,,,,,,,,,,,,,,season4_cave_exploration_reward_tips_1,,
400103,4,0,season4_cave_exploration_name_9,season4_cave_exploration_description_8,Assets/Main/SeasonRes/S4/Textures/RadarTreasure/zxl_leidaduobao_bg01_banner.png,"Table_open,Table_leave,Tavern_idle2|Tavern_idle2",season4_cave_exploration_help_1,,,,Assets/Main/SeasonRes/S4/Sprites/UI/RollTreasure/zxl_leidaduobao_icon_03.png|season4_cave_exploration_option_1,4|109020139,10000,,,,,-1,,,,,,,,,season4_cave_exploration_reward_tips_1,,
