id,chapter,base_lv,name,description,pic,buff_icon,buff_description,buff_effect_desc,hero,buff_bg,reward,quest
1,1,1,newbies_chapter1_title,171013,Assets/Main/TextureEx/UINewbiesChapter/szj_zhangjierenwu_lihui_01_banner.png,Assets/Main/Sprites/UI/UIMain/UIMainNewbies/szj_zhangjierenwu_jineng_01.png,newbies_buff_more_soldier,newbies_buff_more_soldier_effectdec,,Assets/Main/Sprites/UI/UINewbiesChapter/szj_zhangjierenwu_jinengmianban_lan.png,101051,1000401|1000402|1000403
2,2,1,newbies_chapter2_title,171014,Assets/Main/TextureEx/UINewbiesChapter/szj_zhangjierenwu_lihui_01_banner.png,Assets/Main/Sprites/UI/UIMain/UIMainNewbies/szj_zhangjierenwu_jineng_02.png,newbies_buff_unlock_hero,newbies_buff_soldier_upgrade_effectdec,30005,Assets/Main/Sprites/UI/UINewbiesChapter/szj_zhangjierenwu_jinengmianban_lan.png,101052,1000404|1000405|1000406|1000407|1000408|1000409
3,3,1,newbies_chapter3_title,171015,Assets/Main/TextureEx/UINewbiesChapter/szj_zhangjierenwu_lihui_01_banner.png,Assets/Main/Sprites/UI/UIMain/UIMainNewbies/szj_zhangjierenwu_jineng_03.png,newbies_buff_unlock_hero,newbies_buff_unlock_hero_effectdec,40010,Assets/Main/Sprites/UI/UINewbiesChapter/szj_zhangjierenwu_jinengmianban_zi.png,101053,1000412|1000415|1000416|1000417
4,4,1,newbies_chapter5_title,171017,Assets/Main/TextureEx/UINewbiesChapter/szj_zhangjierenwu_lihui_01_banner.png,,,,,,101054,1000418|1000419|1000420|1000421|1000422|1000423|1000424|1000425|1000426|1000427|1000428|1000471|1000472|1000429|1000430|1000431|1000432
5,5,1,newbies_chapter6_title,171018,Assets/Main/TextureEx/UINewbiesChapter/szj_zhangjierenwu_lihui_01_banner.png,,,,,,101055,1000433|1000435|1000436|1000437|1000438|1000441|1000442|1000443|1000444|1000445
