id,desc,cityLevel,type,para,reward,point,server
1001,city_war_battle_pass_13,1,1,1,109000066,10,1-1809
1002,city_war_battle_pass_13,1,1,2,109000067,10,1-1809
1003,city_war_battle_pass_13,1,1,3,109000068,10,1-1809
1004,city_war_battle_pass_14,1,2,2,109000066,10,1-1809
1005,city_war_battle_pass_14,1,2,4,109000067,10,1-1809
1006,city_war_battle_pass_14,1,2,6,109000068,10,1-1809
1007,city_war_battle_pass_15,1,3,1000,109000066,10,1-1809
1008,city_war_battle_pass_15,1,3,3000,109000066,10,1-1809
1009,city_war_battle_pass_15,1,3,6000,109000066,10,1-1809
1010,city_war_battle_pass_15,1,3,10000,109000066,10,1-1809
1011,city_war_battle_pass_15,1,3,15000,109000067,10,1-1809
1012,city_war_battle_pass_15,1,3,25000,109000067,10,1-1809
1013,city_war_battle_pass_15,1,3,40000,109000067,10,1-1809
1014,city_war_battle_pass_15,1,3,60000,109000068,10,1-1809
2001,city_war_battle_pass_17,2,5,5,109000066,10,1-1809
2002,city_war_battle_pass_17,2,5,7,109000066,10,1-1809
2003,city_war_battle_pass_17,2,5,10,109000066,10,1-1809
2004,city_war_battle_pass_17,2,5,14,109000066,10,1-1809
2005,city_war_battle_pass_17,2,5,17,109000067,10,1-1809
2006,city_war_battle_pass_17,2,5,20,109000067,10,1-1809
2007,city_war_battle_pass_17,2,5,24,109000068,10,1-1809
2008,city_war_battle_pass_21,2,10,25,109000066,10,1-1809
2009,city_war_battle_pass_21,2,10,50,109000066,10,1-1809
2010,city_war_battle_pass_21,2,10,75,109000066,10,1-1809
2011,city_war_battle_pass_21,2,10,100,109000066,10,1-1809
2012,city_war_battle_pass_21,2,10,150,109000067,10,1-1809
2013,city_war_battle_pass_21,2,10,200,109000067,10,1-1809
2014,city_war_battle_pass_21,2,10,300,109000068,10,1-1809
3001,city_war_battle_pass_27,3,15,25,109000066,10,1-1809
3002,city_war_battle_pass_27,3,15,35,109000066,10,1-1809
3003,city_war_battle_pass_27,3,15,50,109000066,10,1-1809
3004,city_war_battle_pass_27,3,15,70,109000066,10,1-1809
3005,city_war_battle_pass_27,3,15,85,109000067,10,1-1809
3006,city_war_battle_pass_27,3,15,100,109000067,10,1-1809
3007,city_war_battle_pass_27,3,15,120,109000068,10,1-1809
3008,city_war_battle_pass_31,3,19,10,109000066,10,1-1809
3009,city_war_battle_pass_31,3,19,20,109000066,10,1-1809
3010,city_war_battle_pass_31,3,19,30,109000066,10,1-1809
3011,city_war_battle_pass_31,3,19,40,109000066,10,1-1809
3012,city_war_battle_pass_31,3,19,60,109000066,10,1-1809
3013,city_war_battle_pass_31,3,19,80,109000067,10,1-1809
3014,city_war_battle_pass_31,3,19,100,109000068,10,1-1809
4001,city_war_battle_pass_25,4,8,6,109000066,10,1-1809
4002,city_war_battle_pass_25,4,8,8,109000066,10,1-1809
4003,city_war_battle_pass_25,4,8,10,109000066,10,1-1809
4004,city_war_battle_pass_25,4,8,14,109000066,10,1-1809
4005,city_war_battle_pass_25,4,8,17,109000067,10,1-1809
4006,city_war_battle_pass_25,4,8,20,109000067,10,1-1809
4007,city_war_battle_pass_25,4,8,24,109000068,10,1-1809
4008,city_war_battle_pass_23,4,12,100,109000066,10,1-1809
4009,city_war_battle_pass_23,4,12,300,109000066,10,1-1809
4010,city_war_battle_pass_23,4,12,500,109000066,10,1-1809
4011,city_war_battle_pass_23,4,12,1000,109000066,10,1-1809
4012,city_war_battle_pass_23,4,12,2000,109000067,10,1-1809
4013,city_war_battle_pass_23,4,12,3000,109000067,10,1-1809
4014,city_war_battle_pass_23,4,12,6000,109000068,10,1-1809
5001,city_war_battle_pass_22,5,11,10,109000066,10,1-1809
5002,city_war_battle_pass_22,5,11,15,109000066,10,1-1809
5003,city_war_battle_pass_22,5,11,20,109000066,10,1-1809
5004,city_war_battle_pass_22,5,11,25,109000066,10,1-1809
5005,city_war_battle_pass_22,5,11,35,109000067,10,1-1809
5006,city_war_battle_pass_22,5,11,45,109000067,10,1-1809
5007,city_war_battle_pass_22,5,11,60,109000068,10,1-1809
5008,city_war_battle_pass_16,5,4,3,109000066,10,1-1809
5009,city_war_battle_pass_16,5,4,5,109000066,10,1-1809
5010,city_war_battle_pass_16,5,4,10,109000066,10,1-1809
5011,city_war_battle_pass_16,5,4,20,109000066,10,1-1809
5012,city_war_battle_pass_16,5,4,30,109000067,10,1-1809
5013,city_war_battle_pass_16,5,4,50,109000067,10,1-1809
5014,city_war_battle_pass_16,5,4,75,109000068,10,1-1809
6001,city_war_battle_pass_26,6,14,500000,109000066,10,1-1809
6002,city_war_battle_pass_26,6,14,800000,109000066,10,1-1809
6003,city_war_battle_pass_26,6,14,1250000,109000066,10,1-1809
6004,city_war_battle_pass_26,6,14,1500000,109000066,10,1-1809
6005,city_war_battle_pass_26,6,14,2000000,109000067,10,1-1809
6006,city_war_battle_pass_26,6,14,3500000,109000067,10,1-1809
6007,city_war_battle_pass_26,6,14,6000000,109000068,10,1-1809
6008,city_war_battle_pass_19,6,7,100,109000066,10,1-1809
6009,city_war_battle_pass_19,6,7,200,109000066,10,1-1809
6010,city_war_battle_pass_19,6,7,300,109000066,10,1-1809
6011,city_war_battle_pass_19,6,7,450,109000066,10,1-1809
6012,city_war_battle_pass_19,6,7,650,109000067,10,1-1809
6013,city_war_battle_pass_19,6,7,1000,109000067,10,1-1809
6014,city_war_battle_pass_19,6,7,1500,109000068,10,1-1809
10001,doomsday_activity_task1001,-1,13,20,109000069,,1-8999
10002,doomsday_activity_task1001,-1,13,40,109000070,,1-8999
10003,doomsday_activity_task1001,-1,13,60,109000071,,1-8999
10004,doomsday_activity_task1001,-1,13,80,109000072,,1-8999
10005,doomsday_activity_task1001,-1,13,100,109000073,,1-8999
10006,doomsday_activity_task1001,-1,13,120,109000074,,1-8999
10007,doomsday_activity_task1001,-1,13,140,109000075,,1-8999
10008,doomsday_activity_task1001,-1,13,160,109000076,,1-8999
10009,doomsday_activity_task1001,-1,13,180,109000077,,1-8999
10010,doomsday_activity_task1001,-1,13,200,109000078,,1-8999
10011,doomsday_activity_task1001,-1,13,220,109000079,,1-8999
10012,doomsday_activity_task1001,-1,13,240,109000080,,1-8999
10013,doomsday_activity_task1001,-1,13,260,109000081,,1-8999
10014,doomsday_activity_task1001,-1,13,280,109000082,,1-8999
10015,doomsday_activity_task1001,-1,13,300,109000083,,1-8999
10016,doomsday_activity_task1001,-1,13,320,109000084,,1-8999
10017,doomsday_activity_task1001,-1,13,340,109000085,,1-8999
10018,doomsday_activity_task1001,-1,13,360,109000086,,1-8999
10019,doomsday_activity_task1001,-1,13,380,109000087,,1-8999
10020,doomsday_activity_task1001,-1,13,400,109000088,,1-8999
10021,doomsday_activity_task1001,-1,13,420,109000089,,1-8999
10022,doomsday_activity_task1001,-1,13,440,109000090,,1-8999
10023,doomsday_activity_task1001,-1,13,460,109000091,,1-8999
10024,doomsday_activity_task1001,-1,13,480,109000092,,1-8999
10025,doomsday_activity_task1001,-1,13,500,109000093,,1-8999
10026,doomsday_activity_task1001,-1,13,520,109000094,,1-8999
10027,doomsday_activity_task1001,-1,13,540,109000095,,1-8999
10028,doomsday_activity_task1001,-1,13,560,109000096,,1-8999
10029,doomsday_activity_task1001,-1,13,580,109000097,,1-8999
10030,doomsday_activity_task1001,-1,13,600,109000098,,1-8999
11001,city_war_battle_pass_13,1,1,1,109000066,10,1810-8999
11002,city_war_battle_pass_13,1,1,2,109000067,10,1810-8999
11003,city_war_battle_pass_13,1,1,3,109000067,10,1810-8999
11004,city_war_battle_pass_13,1,1,4,109000066,10,1810-8999
11005,city_war_battle_pass_13,1,1,5,109000066,10,1810-8999
11006,city_war_battle_pass_13,1,1,6,109000066,10,1810-8999
11007,city_war_battle_pass_13,1,1,7,109000067,10,1810-8999
11008,city_war_battle_pass_14,1,2,2,109000066,10,1810-8999
11009,city_war_battle_pass_14,1,2,4,109000067,10,1810-8999
11010,city_war_battle_pass_14,1,2,6,109000066,10,1810-8999
11011,city_war_battle_pass_14,1,2,8,109000066,10,1810-8999
11012,city_war_battle_pass_14,1,2,10,109000066,10,1810-8999
11013,city_war_battle_pass_14,1,2,12,109000067,10,1810-8999
11014,city_war_battle_pass_14,1,2,14,109000066,10,1810-8999
11015,city_war_battle_pass_16,1,4,3,109000066,10,1810-8999
11016,city_war_battle_pass_16,1,4,5,109000066,10,1810-8999
11017,city_war_battle_pass_16,1,4,10,109000066,10,1810-8999
11018,city_war_battle_pass_16,1,4,20,109000066,10,1810-8999
11019,city_war_battle_pass_16,1,4,30,109000066,10,1810-8999
11020,city_war_battle_pass_16,1,4,50,109000067,10,1810-8999
11021,city_war_battle_pass_16,1,4,75,109000068,10,1810-8999
12001,city_war_battle_pass_17,2,5,5,109000066,10,1810-8999
12002,city_war_battle_pass_17,2,5,7,109000066,10,1810-8999
12003,city_war_battle_pass_17,2,5,10,109000066,10,1810-8999
12004,city_war_battle_pass_17,2,5,14,109000066,10,1810-8999
12005,city_war_battle_pass_17,2,5,17,109000067,10,1810-8999
12006,city_war_battle_pass_17,2,5,20,109000067,10,1810-8999
12007,city_war_battle_pass_17,2,5,24,109000068,10,1810-8999
12008,city_war_battle_pass_15,2,3,1000,109000066,10,1810-8999
12009,city_war_battle_pass_15,2,3,2000,109000066,10,1810-8999
12010,city_war_battle_pass_15,2,3,3000,109000066,10,1810-8999
12011,city_war_battle_pass_15,2,3,4000,109000066,10,1810-8999
12012,city_war_battle_pass_15,2,3,5000,109000067,10,1810-8999
12013,city_war_battle_pass_15,2,3,7000,109000067,10,1810-8999
12014,city_war_battle_pass_15,2,3,10000,109000067,10,1810-8999
12015,city_war_battle_pass_15,2,3,20000,109000068,10,1810-8999
13001,city_war_battle_pass_27,3,15,25,109000066,10,1810-8999
13002,city_war_battle_pass_27,3,15,35,109000066,10,1810-8999
13003,city_war_battle_pass_27,3,15,50,109000066,10,1810-8999
13004,city_war_battle_pass_27,3,15,70,109000066,10,1810-8999
13005,city_war_battle_pass_27,3,15,85,109000067,10,1810-8999
13006,city_war_battle_pass_27,3,15,100,109000067,10,1810-8999
13007,city_war_battle_pass_27,3,15,120,109000068,10,1810-8999
13008,city_war_battle_pass_31,3,19,10,109000066,10,1810-8999
13009,city_war_battle_pass_31,3,19,20,109000066,10,1810-8999
13010,city_war_battle_pass_31,3,19,30,109000066,10,1810-8999
13011,city_war_battle_pass_31,3,19,40,109000066,10,1810-8999
13012,city_war_battle_pass_31,3,19,60,109000066,10,1810-8999
13013,city_war_battle_pass_31,3,19,80,109000067,10,1810-8999
13014,city_war_battle_pass_31,3,19,100,109000068,10,1810-8999
14001,city_war_battle_pass_25,4,8,6,109000066,10,1810-8999
14002,city_war_battle_pass_25,4,8,8,109000066,10,1810-8999
14003,city_war_battle_pass_25,4,8,10,109000066,10,1810-8999
14004,city_war_battle_pass_25,4,8,14,109000066,10,1810-8999
14005,city_war_battle_pass_25,4,8,17,109000067,10,1810-8999
14006,city_war_battle_pass_25,4,8,20,109000067,10,1810-8999
14007,city_war_battle_pass_25,4,8,24,109000068,10,1810-8999
14008,city_war_battle_pass_23,4,12,100,109000066,10,1810-8999
14009,city_war_battle_pass_23,4,12,300,109000066,10,1810-8999
14010,city_war_battle_pass_23,4,12,500,109000066,10,1810-8999
14011,city_war_battle_pass_23,4,12,1000,109000066,10,1810-8999
14012,city_war_battle_pass_23,4,12,2000,109000067,10,1810-8999
14013,city_war_battle_pass_23,4,12,3000,109000067,10,1810-8999
14014,city_war_battle_pass_23,4,12,6000,109000068,10,1810-8999
15001,city_war_battle_pass_22,5,11,10,109000066,10,1810-8999
15002,city_war_battle_pass_22,5,11,15,109000066,10,1810-8999
15003,city_war_battle_pass_22,5,11,20,109000066,10,1810-8999
15004,city_war_battle_pass_22,5,11,25,109000066,10,1810-8999
15005,city_war_battle_pass_22,5,11,35,109000067,10,1810-8999
15006,city_war_battle_pass_22,5,11,45,109000067,10,1810-8999
15007,city_war_battle_pass_22,5,11,60,109000068,10,1810-8999
15008,city_war_battle_pass_21,5,10,25,109000066,10,1810-8999
15009,city_war_battle_pass_21,5,10,50,109000066,10,1810-8999
15010,city_war_battle_pass_21,5,10,75,109000066,10,1810-8999
15011,city_war_battle_pass_21,5,10,100,109000066,10,1810-8999
15012,city_war_battle_pass_21,5,10,150,109000067,10,1810-8999
15013,city_war_battle_pass_21,5,10,200,109000067,10,1810-8999
15014,city_war_battle_pass_21,5,10,300,109000068,10,1810-8999
16001,city_war_battle_pass_26,6,14,500000,109000066,10,1810-8999
16002,city_war_battle_pass_26,6,14,800000,109000066,10,1810-8999
16003,city_war_battle_pass_26,6,14,1250000,109000066,10,1810-8999
16004,city_war_battle_pass_26,6,14,1500000,109000066,10,1810-8999
16005,city_war_battle_pass_26,6,14,2000000,109000067,10,1810-8999
16006,city_war_battle_pass_26,6,14,3500000,109000067,10,1810-8999
16007,city_war_battle_pass_26,6,14,6000000,109000068,10,1810-8999
16008,city_war_battle_pass_19,6,7,100,109000066,10,1810-8999
16009,city_war_battle_pass_19,6,7,200,109000066,10,1810-8999
16010,city_war_battle_pass_19,6,7,300,109000066,10,1810-8999
16011,city_war_battle_pass_19,6,7,450,109000066,10,1810-8999
16012,city_war_battle_pass_19,6,7,650,109000067,10,1810-8999
16013,city_war_battle_pass_19,6,7,1000,109000067,10,1810-8999
16014,city_war_battle_pass_19,6,7,1500,109000068,10,1810-8999
