id,skill_type,attack_effect_list,attack_effect_content_map,attack_mode_type,para1,is_alliance_attack,attack_count_limit,attack_range_limit,attack_delay_sec,mail,drop_effect_duration,select_effect,hit_client_effect,hit_sound_effect,fall_type,fall_client_effect,boom_effect_delay,attack_pre_time
1001,1,2,2-5,1,,0,6,40|80|120|160|200,5,30301,0.7,Assets/_Art_LastWar/Effect/Prefab/S2/Eff_s_WorldMonster_Asila_Boss_kill.prefab,Assets/_Art_LastWar/Effect/Prefab/Prefab01/Eff_s_jiluofu_feiting_daodan_hit_01.prefab,50034,1,Assets/_Art_LastWar/Effect/Prefab/Prefab01/Eff_s_jiluofu_feiting_daodan_02.prefab,0.9,1.5
1002,1,2,2-10,2,,0,6,40|80|120|160|200,5,30301,0.7,Assets/_Art_LastWar/Effect/Prefab/S2/Eff_s_WorldMonster_Asila_Boss_kill.prefab,Assets/_Art_LastWar/Effect/Prefab/Prefab01/Eff_s_jiluofu_feiting_daodan_hit_01.prefab,50034,1,Assets/_Art_LastWar/Effect/Prefab/Prefab01/Eff_s_jiluofu_feiting_daodan_02.prefab,0.9,1.5
1003,1,2,2-600,3,,1,0,0,5,30301,0.7,Assets/_Art_LastWar/Effect/Prefab/S2/Eff_s_WorldMonster_Asila_Boss_kill.prefab,Assets/_Art_LastWar/Effect/Prefab/Prefab01/Eff_s_jiluofu_feiting_daodan_hit_01.prefab,50034,1,Assets/_Art_LastWar/Effect/Prefab/Prefab01/Eff_s_jiluofu_feiting_daodan_02.prefab,0.9,1.5
1004,1,2,2-500,4,100|20,0,6,40|80|120|160|200,5,30301,0.7,Assets/_Art_LastWar/Effect/Prefab/S2/Eff_s_WorldMonster_Asila_Boss_kill.prefab,Assets/_Art_LastWar/Effect/Prefab/Prefab01/Eff_s_jiluofu_feiting_daodan_hit_01.prefab,50034,1,Assets/_Art_LastWar/Effect/Prefab/Prefab01/Eff_s_jiluofu_feiting_daodan_02.prefab,0.9,1.5
