id,product_id,credit,gold
1,allweekly_prod_20,20,2000
2,first_prod_1,1,100
3,month_prod_25,25,2500
4,pass_prod_2,2,200
5,pass_prod_20,20,2000
6,prod_1,1,100
7,prod_10,10,1000
8,prod_100,100,10000
9,prod_2,2,200
10,prod_20,20,2000
11,prod_25,25,2500
12,prod_3,3,300
13,prod_4,4,400
14,prod_5,5,500
15,prod_50,50,5000
16,week_prod_5,5,500
17,goods_1,10,1000
18,goods_2,20,2000
19,goods_3,25,2500
20,goods_4,50,5000
21,goods_5,100,10000
22,goods_6,500,50000
23,goods_7,1000,100000
24,goods_8,5,500
