id,type,decoration_id,decoration_id_new,show_condition,name,para_gain,fov,cameraY,colorful_skin_model,colorful_skin_model_world,colorful_skin_show,colorful_skin_show_offset,colorful_skin_show_world,colorful_skin_show_world_offset,get_fov,get_cameraY
10001,1,10010,18001,6;1,season_s1_callback_name_1,,20,16.6,,,,,,,,
10002,1,10012,18002,6;2,season_s2_callback_name_1,,28,18.3,,,,,,,,
10003,1,10016,18003,6;3,season_s3_callback_name_1,,17,16.6,,,,,,,,
10004,1,10017,18004,6;4,season_s4_callback_name_1,,17,16.6,,,,,,,,
10005,2,10017,18005,2;4,season_s4_callback_name_2,655032,17,16.6,,,,,,,15,16.6
10006,1,10011,18006,6;5,season_s4_callback_name_1,,17,16.6,,,,,,,,
10007,2,10011,18007,2;5,season_s5_callback_name_2,655039,17,16.6,,,,,,,15,16.6
