id,type,name,icon,image,type_gain,quality,order,model,model_world,para_gain,effect_wear,effect_gain,hot
10001,1,320609,icon_skin_home_01,cfm_zhujiemian_touxiangkuang_2,1,1,1,,,,,,
10002,1,320610,icon_skin_home_02,cfm_zhujiemian_touxiangkuang_2,0,2,3,building_400009,A_build_liushuipifu_world,241001;0,30109;20,,
10003,1,320613,icon_skin_city_01,cfm_zhujiemian_touxiangkuang_2,0,3,4,A_build_dongjipifu,A_build_dongjipifu_world,241002;0,35004;5,35000;2,
10004,1,320626,icon_skin_city_02,cfm_zhujiemian_touxiangkuang_2,3,1,2,A_build_maomipifu,A_build_maomipifu_world,,,,
10005,1,320779,item241005,cfm_zhujiemian_touxiangkuang_2,0,3,5,A_build_qingyimianmian,A_build_qingyimianmian_world,241005;0,35000;5,35000;2,
10006,1,320780,item241006,cfm_zhujiemian_touxiangkuang_2,0,3,6,A_build_tianchangdijiu,A_build_tianchangdijiu_world,241006;0,35000;5,35000;2,
10007,1,320831,item241011,cfm_zhujiemian_touxiangkuang_2,0,3,7,A_build_moguwu,A_build_moguwu_world,241011;0,35006;5|35004;3,40049;1000|30061;20,
10008,1,320896,item241015,cfm_zhujiemian_touxiangkuang_2,0,3,8,A_build_tuzi,A_build_tuzi_world,241015;0,35012;2|35124;3,35004;2|31008;10,
10009,1,321095,item241101,cfm_zhujiemian_touxiangkuang_2,0,3,8,A_build_feiji,A_build_feiji_world,241101;0,35003;10|35024;5,35004;2|31007;10,1
20001,2,320623,icon_skin_head_01,cfm_zhujiemian_touxiangkuang_2,1,1,1,,,,,,
20002,2,320616,icon_skin_head_02,cfm_zhujiemian_touxiangkuang_2,2,3,2,,,,,,
30000,3,321007,,cfm_zhujiemian_touxiangkuang_1,1,1,1,,,,,,
30001,3,321001,icon_title_1,cfm_zhujiemian_touxiangkuang_1,4,4,2,,,0;7,,,
30002,3,321002,icon_title_2,cfm_zhujiemian_touxiangkuang_1,4,4,3,,,0;7,,,
30003,3,321003,icon_title_3,cfm_zhujiemian_touxiangkuang_1,4,3,4,,,0;7,,,
30101,3,321004,icon_title_5,cfm_zhujiemian_touxiangkuang_1,5,4,5,,,0;7,,,
30102,3,321005,icon_title_6,cfm_zhujiemian_touxiangkuang_1,5,3,6,,,0;7,,,
30103,3,321006,icon_title_7,cfm_zhujiemian_touxiangkuang_1,5,3,7,,,0;7,,,
30201,3,250001,UIpresident_icon_Offices09,cfm_zhujiemian_touxiangkuang_2,6,4,100,,,,,35000;15|35004;15|35012;5,
30202,3,250060,UIpresident_icon_Offices08,cfm_zhujiemian_touxiangkuang_2,6,4,101,,,,,30252;10|30401;5|35127;20,
30203,3,250061,UIpresident_icon_Offices02,cfm_zhujiemian_touxiangkuang_2,6,4,102,,,,,30070;5|30071;5,
30204,3,250062,UIpresident_icon_Offices04,cfm_zhujiemian_touxiangkuang_2,6,4,103,,,,,35000;10|35004;10,
30205,3,250063,UIpresident_icon_Offices06,cfm_zhujiemian_touxiangkuang_2,6,4,104,,,,,35000;10|35040;10,
30206,3,250064,UIpresident_icon_Offices05,cfm_zhujiemian_touxiangkuang_2,6,4,105,,,,,30070;15|30099;3600,
30207,3,250065,UIpresident_icon_Offices07,cfm_zhujiemian_touxiangkuang_2,6,4,106,,,,,35127;35|30252;20,
30208,3,250066,UIpresident_icon_Offices01,cfm_zhujiemian_touxiangkuang_2,6,4,107,,,,,30071;15|30100;3600,
30209,3,250067,UIpresident_icon_Offices03,cfm_zhujiemian_touxiangkuang_2,6,4,108,,,,,35048;10|35052;10,
