id,battle_type,tittle,big_pic,small_pic_list,small_pic_desc_list
1,1,458064,zyf_shuoming_banner,,458065
2,1,458064,zyf_shuomingjiemian_pic1,zyf_shuomingjiemian_lansedi,458066
3,1,458064,zyf_shuomingjiemian_pic2,zyf_jianzhuxiangqing_icon1_huang,458067
4,1,458064,zyf_shuomingjiemian_pic3,zyf_jianzhuxiangqing_icon2_huang,458068
5,1,458064,zyf_shuomingjiemian_pic4,zyf_jianzhuxiangqing_icon6_huang,458069
6,1,458064,zyf_shuomingjiemian_pic5,zyf_shuomingjiemian_touxiang,458070
7,1,458064,zyf_shuomingjiemian_pic6,zyf_jianzhuxiangqing_icon9_huang,458071
8,1,458064,zyf_shuomingjiemian_pic7,zyf_jianzhuxiangqing_icon5_huang,458072
9,2,458064,zyf_shuoming_banner,,winter_battlefield_tips1027
10,2,458064,zyf_dongjifengbao_shuoming6,zyf_shuomingjiemian_lansedi,winter_battlefield_tips1028
11,2,458064,zyf_dongjifengbao_shuoming1,zyf_jianzhuxiangqing_icon1_huang,winter_battlefield_tips1029
12,2,458064,zyf_dongjifengbao_shuoming4,zyf_jianzhuxiangqing_icon2_huang,winter_battlefield_tips1030
13,2,458064,zyf_dongjifengbao_shuoming2,zyf_dongjifengbao_jianzhuxiangqing_1,winter_battlefield_tips1031
14,2,458064,zyf_dongjifengbao_shuoming8,zyf_shuomingjiemian_touxiang,winter_battlefield_tips1032
15,2,458064,zyf_dongjifengbao_shuoming3,zyf_dongjifengbao_jianzhuxiangqing_5,winter_battlefield_tips1033
16,99,458064,FX_zhanshukapai_shuoming03_banner,,battle_card_guide_01
17,99,458064,FX_zhanshukapai_shuoming02_banner,,battle_card_guide_02
18,99,458064,FX_zhanshukapai_shuoming05_banner,,battle_card_guide_05
19,99,458064,FX_zhanshukapai_shuoming01_banner,,battle_card_guide_03
20,100,458064,ljq_t11_zhiyin_01_banner,,soldier_eleven_guide_01
21,100,458064,ljq_t11_zhiyin_02_banner,,soldier_eleven_guide_02
22,100,458064,ljq_t11_zhiyin_03_banner,,soldier_eleven_guide_03
23,99,458064,FX_zhanshukapai_shuoming04_banner,,battle_card_guide_04
