id,size,name,des,pos_up,pos_down,desc_pic,pic,model,small_map_icon,map_icon,coordinate,occupy_time,protect_time,first_capture_point,safe_point_duration,point_produce_per_second,collect_point_per_second,collect_total,effect,effect_desc,effect_icon,special_effect_para,safe_point_percent
10000,9,458161,458174,"0,5,0","0,-2.1,0",zyf_shuomingjianmian_icon1_huang,zyf_jianzhuxiangqing_icon1_huang,Assets/_Art_LastWar/Models/Environment/Build/Shamofengbao/prefab/A_build_hedanjing_huang.prefab,zyf_xiaoditu_fashejing_,zyf_daditu_jianzhu_icon1_huang,500;500,0,600,0,60,80,0,0,,,,,6000
10010,7,458162,458175,"0,5.12,0","0,-0.68,0",zyf_shuomingjianmian_icon2_huang,zyf_jianzhuxiangqing_icon2_huang,Assets/_Art_LastWar/Models/Environment/Build/Shamofengbao/prefab/A_build_lianyouchang_huang.prefab,zyf_xiaoditu_chanyouchang_,zyf_daditu_jianzhu_icon2_huang,436;524,0,0,0,60,50,0,0,,,,,6000
10020,7,458163,458175,"0,5.12,0","0,-0.68,0",zyf_shuomingjianmian_icon2_huang,zyf_jianzhuxiangqing_icon2_huang,Assets/_Art_LastWar/Models/Environment/Build/Shamofengbao/prefab/A_build_lianyouchang_huang.prefab,zyf_xiaoditu_chanyouchang_,zyf_daditu_jianzhu_icon2_huang,564;476,0,0,0,60,50,0,0,,,,,6000
10030,7,458164,458177,"0,5,0","0,-1.25,0",zyf_shuomingjianmian_icon4_huang,zyf_jianzhuxiangqing_icon4_huang,Assets/_Art_LastWar/Models/Environment/Build/Shamofengbao/prefab/A_build_keyanzhongxin_huang.prefab,zyf_xiaoditu_buffjianzhujianshaocd_,zyf_daditu_jianzhu_icon4_huang,535;435,0,0,0,60,10,0,0,90151,Desert_strom_tips1054,Assets/Main/Sprites/UI/BattleField/lrb_shamofengbao_btn_qiancheng.png,5000,6000
10040,7,458165,Desert_strom_tips1048,"0,6.15,0","0,-0.68,0",zyf_shuomingjianmian_icon3_huang,zyf_jianzhuxiangqing_icon3_huang,Assets/_Art_LastWar/Models/Environment/Build/Shamofengbao/prefab/A_build_xinxizhongxin_huang.prefab,zyf_xiaoditu_buffjianzhu_,zyf_daditu_jianzhu_icon3_huang,465;565,0,0,0,60,10,0,0,90160,Desert_strom_tips1043,Assets/Main/Sprites/UI/UIBuildBubble/bubble_icon_alliance_help_new.png,1000,6000
10050,7,458166,458179,"0,3.66,0","0,-0.68,0",zyf_shuomingjianmian_icon8_huang,zyf_jianzhuxiangqing_icon8_huang,Assets/_Art_LastWar/Models/Environment/Build/Shamofengbao/prefab/A_build_zhandiyiyuan_huang.prefab,zyf_xiaoditu_yiyuan_,zyf_daditu_jianzhu_icon8_huang,436;482,0,0,0,60,30,0,0,90156,Desert_strom_tips1016,Assets/Main/Sprites/UI/BattleField/lrb_shamofengbao_btn_zhiliao.png,1,6000
10060,7,458167,458179,"0,3.66,0","0,-0.68,0",zyf_shuomingjianmian_icon8_huang,zyf_jianzhuxiangqing_icon8_huang,Assets/_Art_LastWar/Models/Environment/Build/Shamofengbao/prefab/A_build_zhandiyiyuan_huang.prefab,zyf_xiaoditu_yiyuan_,zyf_daditu_jianzhu_icon8_huang,564;518,0,0,0,60,30,0,0,90156,Desert_strom_tips1016,Assets/Main/Sprites/UI/BattleField/lrb_shamofengbao_btn_zhiliao.png,1,6000
10070,7,458168,458179,"0,3.66,0","0,-0.68,0",zyf_shuomingjianmian_icon8_huang,zyf_jianzhuxiangqing_icon8_huang,Assets/_Art_LastWar/Models/Environment/Build/Shamofengbao/prefab/A_build_zhandiyiyuan_huang.prefab,zyf_xiaoditu_yiyuan_,zyf_daditu_jianzhu_icon8_huang,465;435,0,0,0,60,30,0,0,90156,Desert_strom_tips1016,Assets/Main/Sprites/UI/BattleField/lrb_shamofengbao_btn_zhiliao.png,1,6000
10080,7,458169,458179,"0,3.66,0","0,-0.68,0",zyf_shuomingjianmian_icon8_huang,zyf_jianzhuxiangqing_icon8_huang,Assets/_Art_LastWar/Models/Environment/Build/Shamofengbao/prefab/A_build_zhandiyiyuan_huang.prefab,zyf_xiaoditu_yiyuan_,zyf_daditu_jianzhu_icon8_huang,535;565,0,0,0,60,30,0,0,90156,Desert_strom_tips1016,Assets/Main/Sprites/UI/BattleField/lrb_shamofengbao_btn_zhiliao.png,1,6000
10090,7,458170,458183,"0,7.23,0","0,-0.68,0",zyf_shuomingjianmian_icon6_huang,zyf_jianzhuxiangqing_icon6_huang,Assets/_Art_LastWar/Models/Environment/Build/Shamofengbao/prefab/A_build_junhuoku_huang.prefab,zyf_xiaoditu_yingxiongqianghua_,zyf_daditu_jianzhu_icon6_huang,500;545,0,600,0,60,10,0,0,90154,458200,Assets/Main/Sprites/UI/UIPveBattleBuff/UIexplore_icon_2.png,1500,6000
10100,7,458171,458184,"0,4.1,0","0,-0.68,0",zyf_shuomingjianmian_icon7_huang,zyf_jianzhuxiangqing_icon7_huang,Assets/_Art_LastWar/Models/Environment/Build/Shamofengbao/prefab/A_build_yongbinggongchang_huang.prefab,zyf_xiaoditu_guyongbin_,zyf_daditu_jianzhu_icon7_huang,500;455,0,600,0,60,10,0,0,90155,458201,Assets/Main/Sprites/ActivityIcons/zyf_sangshitiaozhan_icon.png,1500,6000
10110,1,458172,458185,"0,1.5,0","0,-0.68,0",zyf_shuomingjianmian_icon9_huang,zyf_jianzhuxiangqing_icon9_huang,Assets/_Art_LastWar/Models/Environment/Build/Shamofengbao/prefab/A_build_wuzi_huang.prefab,zyf_xiaoditu_ziyuanxiang_,zyf_daditu_jianzhu_icon9_huang,,0,0,0,0,0,0,0,,,,,
10120,1,458173,458186,"0,1.5,0","0,2,0",zyf_shuomingjianmian_icon5_huang,zyf_jianzhuxiangqing_icon5_huang,Assets/_Art_LastWar/Models/Environment/Build/Shamofengbao/prefab/A_build_youjing_huang.prefab,zyf_xiaoditu_youjing_,zyf_daditu_jianzhu_icon5_huang,,0,0,0,0,5,5,4800,,,,4001,
