id,module,name,banner,icon,tips,router_id
1,heroLevel,develop_name_1,Assets/Main/Sprites/UI/LWUILeadingQuestWay/lrb_yangchengyindao_banner04.png,Assets/Main/Sprites/UI/UILWMail/zyf_zhanbaorongyuqiang_icon.png,develop_advice_1,1
2,heroStar,develop_name_2,Assets/Main/Sprites/UI/LWUILeadingQuestWay/lrb_yangchengyindao_banner07.png,Assets/Main/Sprites/UI/UILWMail/zyf_zhanbaorongyuqiang_icon.png,develop_advice_2,2
3,heroSkill,develop_name_3,Assets/Main/Sprites/UI/LWUILeadingQuestWay/lrb_yangchengyindao_banner06.png,Assets/Main/Sprites/UI/UILWMail/zyf_zhanbaorongyuqiang_icon.png,develop_advice_3,3
4,heroEquip,develop_name_4,Assets/Main/Sprites/UI/LWUILeadingQuestWay/lrb_zhanlitishenghuodongyouhua_zhuangbei.png,Assets/Main/Sprites/UI/UILWMail/zyf_zhanbaorongyuqiang_icon.png,develop_advice_4,4
5,heroWeapon,develop_name_5,Assets/Main/Sprites/UI/LWUILeadingQuestWay/lrb_yangchengyindao_banner05.png,Assets/Main/Sprites/UI/UILWMail/zyf_zhanbaorongyuqiang_icon.png,develop_advice_5,5
6,decoration,develop_name_6,Assets/Main/Sprites/UI/LWUILeadingQuestWay/lrb_yangchengyindao_banner12.png,Assets/Main/Sprites/UI/UILWMail/zyf_zhanbao_zhuangshi_icon.png,develop_advice_6,6
7,honor,develop_name_7,Assets/Main/Sprites/UI/LWUILeadingQuestWay/lrb_yangchengyindao_banner11.png,Assets/Main/Sprites/UI/UILWMail/zyf_zhanbaorongyuqiang_icon.png,develop_advice_7,7
8,skillChips,develop_name_8,Assets/Main/Sprites/UI/LWUILeadingQuestWay/lrb_yangchengyindao_banner03.png,Assets/Main/Sprites/UI/UILWMail/zyf_zhanbao_wurenji_icon.png,develop_advice_8,8
9,droneEquip,develop_name_9,Assets/Main/Sprites/UI/LWUILeadingQuestWay/lrb_yangchengyindao_banner01.png,Assets/Main/Sprites/UI/UILWMail/zyf_zhanbao_wurenji_icon.png,develop_advice_9,9
10,droneLevel,develop_name_10,Assets/Main/Sprites/UI/LWUILeadingQuestWay/lrb_yangchengyindao_banner02.png,Assets/Main/Sprites/UI/UILWMail/zyf_zhanbao_wurenji_icon.png,develop_advice_10,10
11,soldier,develop_name_11,Assets/Main/Sprites/UI/LWUILeadingQuestWay/lrb_yangchengyindao_banner08.png,Assets/Main/Sprites/UI/UILWMail/zyf_zhanbao_shibing_icon.png,develop_advice_11,11
12,science,develop_name_12,Assets/Main/Sprites/UI/LWUILeadingQuestWay/lrb_zhanlitishenghuodongyouhua_keyan.png,Assets/Main/Sprites/UI/UILWMail/zyf_zhanbao_keji_icon.png,develop_advice_12,12
13,worker,develop_name_13,Assets/Main/Sprites/UI/LWUILeadingQuestWay/lrb_yangchengyindao_banner14.png,Assets/Main/Sprites/UI/UILWMail/zyf_zhanbao_zhuangshi_icon.png,develop_advice_13,13
14,building,develop_name_14,Assets/Main/Sprites/UI/LWUILeadingQuestWay/lrb_zhanlitishenghuodongyouhua_jianzao.png,Assets/Main/Sprites/UI/UILWMail/zyf_zhanbao_zhuangshi_icon.png,develop_advice_14,14
