id,dialog_1,season,activity_condition,dialog_2
1,season_popUI_desc006,;3;,,season_s3_replace_dialog001
2,803018,;3;,,season_s3_replace_dialog002
3,803047,;3;,,season_s3_replace_dialog003
4,803053,;3;,,season_s3_replace_dialog004
5,alliance_science_name011,;3;,,season_s3_replace_dialog005
6,alliance_science_desc002,;3;,,season_s3_replace_dialog006
7,alliance_science_desc011,;3;,,season_s3_replace_dialog007
8,season_tiles_popui_info004,;3;,,season_s3_replace_dialog008
9,season_tiles_popui_info006,;3;,,season_s3_replace_dialog009
10,season_tiles_popui_info007,;3;,,season_s3_replace_dialog010
11,season_tiles_popui_info008,;3;,,season_s3_replace_dialog011
12,season_tiles_popui_info009,;3;,,season_s3_replace_dialog012
13,season_week_card_006,;3;,,season_s3_replace_dialog013
14,season_sever_intrusion_009,;3;,,season_s3_replace_dialog014
15,season_sever_intrusion_011,;3;,,season_s3_replace_dialog015
16,season_tips117,;3;,,season_s3_replace_dialog016
17,season_trends_info002,;3;,,season_s3_replace_dialog017
18,season_building_desc741000,;3;,,season_s3_replace_dialog018
19,season_rules_ui_desc008,;3;,,season_s3_replace_dialog019
20,season_rules_ui_desc013,;3;,,season_s3_replace_dialog020
21,season_rules_ui_desc014,;3;,,season_s3_replace_dialog021
22,activity_desc_1000015,;3;,,season_s3_replace_dialog022
23,season_building_desc760000,;3;,,season_s3_replace_dialog023
24,season_week_card1_desc003,;3;,,season_s3_replace_dialog024
25,season_activity1000013_desc003,;3;,,season_s3_replace_dialog025
26,season_resource_desc110,;3;,,season_s3_replace_dialog026
27,season_infect_reason01,;3;,,season_s3_replace_dialog027
28,season_infect_reason03,;3;,,season_s3_replace_dialog028
29,season_quest_desc021,;3;,,season_s3_replace_dialog029
30,goods_name_640061,;3;,,season_s3_replace_dialog030
31,goods_desc_640061,;3;,,season_s3_replace_dialog031
32,season_rules_ui_desc037,;3;,,season_s3_replace_dialog032
33,season_rules_ui_desc040,;3;,,season_s3_replace_dialog033
34,season_rules_ui_desc42,;3;,,season_s3_replace_dialog034
35,season_rules_ui_desc46,;3;,,season_s3_replace_dialog035
36,season_person_building_desc770000,;3;,,season_s3_replace_dialog036
37,season_activity_1000035_des03,;3;,,season_s3_replace_dialog037
38,season_activity_1000037_des02,;3;,,season_s3_replace_dialog038
39,season_s2_activity_story_desc02,;3;,,season_s3_replace_dialog039
40,season_s2_ppt_week_1_tittle11,;3;,,season_s3_replace_dialog040
41,season_s2_ppt_week_1_desc11,;3;,,season_s3_replace_dialog041
42,season_s2_ppt_week_1_desc17,;3;,,season_s3_replace_dialog042
43,season_s2_tiles_popui_info008,;3;,,season_s3_replace_dialog043
44,season_s1_add_virus_info01,;3;,,season_s3_replace_dialog044
45,season_s2_faction_war_03,;3;,,season_s3_activity_1000063_desc10
46,season_s2_faction_war_04,;3;,,season_s3_activity_1000063_desc11
47,season_s2_camp_choose_04,;3;,,season_s3_activity_1000063_desc10
48,season_s2_camp_choose_05,;3;,,season_s3_activity_1000063_desc11
51,season_s2_rank_reward_21,;3;,,season_s3_activity_1000063_desc11
52,season_s2_rank_reward_22,;3;,,season_s3_activity_1000063_desc10
53,season_s2_ppt_week_3_tittle28,;3;,,season_s3_activity_1000063_desc11
54,season_s2_ppt_week_3_tittle29,;3;,,season_s3_activity_1000063_desc10
55,season_s2_win_popui001,;3;,,season_s3_win_popui001
56,season_s2_win_popui002,;3;,,season_s3_win_popui002
57,season_s2_win_popui005,;3;,,season_s3_win_popui003
58,season_s2_win_popui006,;3;,,season_s3_win_popui004
59,season_s2_win_popui007,;3;,,season_s3_win_popui005
60,season_s2_faction_war_01,;3;,,season_s3_trends_name19
61,season_s2_trends_name18,;3;,,season_s3_trends_name19
62,season_s2_ppt_week_4_tittle30,;3;,,season_s3_trends_name19
63,season_s2_rank_reward_23,;3;,,season_s3_rank_reward_23
64,season_s2_alliance_building_tips017,;3;,,season_s3_alliance_building_tips001
65,season_activity1000013_desc004,;3;,,season_s3_Mummy_tips019
66,season_activity1000013_desc005,;3;,,season_s3_Mummy_tips020
67,season_tips202,;3;,,season_s3_Mummy_tips019
68,season_alliance_event_score_101601,;3;,,season_s3_Mummy_tips021
69,season_tips205,;3;,,season_s3_Mummy_tips019
70,season_tips215,;3;,,season_s3_Mummy_tips019
71,ff_drop_way_title9,;3;,,season_s3_monster_name014
72,season_s2_rank_reward_18,;3;,,season_s3_rank_reward_18
73,season_s2_stronghold_tips01,;3;,,season_s3_stronghold_tips01
74,season_s2_city_description_08,;3;,,season_s3_city_description_01
75,season_s2_city_tips01,;3;,,season_s3_city_description_02
76,season_s2_city_description_09,;3;,,season_s3_city_description_03
77,season_trends_info002,;2;,,season_s2_resistance_info01
78,season_s2_scrolling_tips02,;3;,,season_s3_scrolling_tips01
79,season_s2_faction_war_19,;3;,,season_s3_faction_war_desc01
80,season_s2_faction_war_21,;3;,,season_s3_faction_war_desc02
81,season_s2_faction_war_55,;3;,,season_s3_faction_war_desc03
82,season_s2_faction_war_74,;3;,,season_s3_faction_war_desc04
83,season_alliance_government_skill_04,;3;,,season_s3_faction_war_desc05
84,season_alliance_government_skill_06,;3;,,season_s3_faction_war_desc06
85,season_s2_prosperity_tips01,;3;,,season_s3_faction_war_desc07
86,season_activity_1000041_des01,;3;,,season_s3_faction_war_desc08
87,season_s2_rank_reward_5,;3;,,season_s3_faction_war_desc09
88,season_s2_rank_reward_6,;3;,,season_s3_faction_war_desc10
89,season_s2_rank_reward_7,;3;,,season_s3_faction_war_desc11
90,season_s2_faction_war_98,;3;,,season_s3_faction_war_desc12
91,season_mail_title_80166,;3;,,season_s3_faction_war_desc13
92,season_mail_message_80166,;3;,,season_s3_faction_war_desc14
93,season_mail_message_80168,;3;,,season_s3_faction_war_desc15
94,season_mail_message_80169,;3;,,season_s3_faction_war_desc16
95,season_mail_message_80170,;3;,,season_s3_faction_war_desc17
96,season_s2_faction_war_tips_01,;3;,,season_s3_faction_war_desc18
97,season_s2_faction_war_tips_02,;3;,,season_s3_faction_war_desc19
98,season_s2_faction_war_tips_05,;3;,,season_s3_faction_war_desc20
99,season_s2_faction_war_tips_06,;3;,,season_s3_faction_war_desc21
100,season_alliance_government_skill_26,;3;,,season_s3_faction_war_desc22
101,season_s2_mail_message80180,;3;,,season_s3_faction_war_desc23
102,season_s2_mail_message80181,;3;,,season_s3_faction_war_desc24
103,season_s2_mail_message80182,;3;,,season_s3_faction_war_desc25
104,season_s2_mail_message80183,;3;,,season_s3_faction_war_desc26
105,season_s2_mail_message80184,;3;,,season_s3_faction_war_desc27
106,season_s2_mail_message80185,;3;,,season_s3_faction_war_desc28
107,season_alliance_government_skill_39,;3;,,season_s3_faction_war_desc32
108,season_alliance_government_skill_40,;3;,,season_s3_faction_war_desc33
109,season_s2_mail_message80192,;3;,,season_s3_faction_war_desc34
110,season_activity_1000041_des02,;3;,,season_s3_faction_war_desc35
111,season_activity_1000046_des02,;3;,,season_s3_faction_war_desc36
112,season_s2_mail_message80193,;3;,,season_s3_faction_war_desc37
113,season_s2_mail_message80194,;3;,,season_s3_faction_war_desc38
114,season_s2_battletips002,;3;,,season_s3_faction_war_desc39
115,season_s2_camp_war_info01,;3;,,season_s3_faction_war_desc40
116,season_s2_camp_war_info02,;3;,,season_s3_faction_war_desc41
117,season_activity_tips_12,;3;,,season_s3_faction_war_desc42
118,season_activity_tips_13,;3;,,season_s3_faction_war_desc43
119,season_alliance_government_skill_goddess_26,;3;,,season_s3_faction_war_desc44
120,season_s2_government_skill_tips17,;3;,,season_s3_faction_war_desc45
121,season_s2_alliance_building_tips007,;3;,,season_s3_faction_war_desc46
122,season_s2_alliance_building_tips008,;3;,,season_s3_faction_war_desc47
123,season_s2_faction_war_69,;3;,,season_s3_faction_war_desc48
124,season_s2_faction_war_94,;3;,,season_s3_faction_war_desc49
125,season_s2_faction_war_95,;3;,,season_s3_faction_war_desc50
126,season_s2_activity_1000040_tips01,;3;,,season_s3_faction_war_desc51
127,season_alliance_government_skill_25,;3;,,season_s3_faction_war_desc52
128,season_alliance_government_skill_35,;3;,,season_s3_faction_war_desc53
129,season_s2_government_skill_tips5,;3;,,season_s3_faction_war_desc54
130,season_s2_battletips001,;3;,,season_s3_faction_war_desc55
131,season_s2_mail_tittle80193,;3;,,season_s3_faction_war_desc56
132,season_s2_mail_tittle80194,;3;,,season_s3_faction_war_desc57
133,season_s2_mail_message80193,;3;,,season_s3_faction_war_desc58
134,season_s2_mail_message80194,;3;,,season_s3_faction_war_desc59
135,camp_battle_tip014,;3;,,season_s3_faction_war_desc60
136,season_s2_score102050,;3;,,season_s3_alliance_score040
137,season_s2_score102051,;3;,,season_s3_alliance_score041
138,season_s2_score102052,;3;,,season_s3_alliance_score042
139,season_s2_score102053,;3;,,season_s3_alliance_score043
140,season_s2_score102054,;3;,,season_s3_alliance_score044
141,season_s2_score102055,;3;,,season_s3_alliance_score045
142,season_s2_score102056,;3;,,season_s3_alliance_score046
143,season_s2_score102057,;3;,,season_s3_alliance_score047
144,season_s2_score102058,;3;,,season_s3_alliance_score048
145,season_s2_score102059,;3;,,season_s3_alliance_score049
146,season_s2_mail_tittle80206,;3;,,season_s3_mail_tittle80206
147,season_s2_faction_war_03,;4;,,season_s4_activity_1200004_desc01
148,season_s2_faction_war_04,;4;,,season_s4_activity_1200004_desc02
149,season_s2_camp_choose_04,;4;,,season_s4_activity_1200004_desc01
150,season_s2_camp_choose_05,;4;,,season_s4_activity_1200004_desc02
151,season_s2_rank_reward_21,;4;,,season_s4_activity_1200004_desc02
152,season_s2_rank_reward_22,;4;,,season_s4_activity_1200004_desc01
153,season_s2_ppt_week_3_tittle28,;4;,,season_s4_activity_1200004_desc02
154,season_s2_ppt_week_3_tittle29,;4;,,season_s4_activity_1200004_desc01
155,season_s2_win_popui001,;4;,,season_s4_win_popui001
156,season_s2_win_popui002,;4;,,season_s4_win_popui002
157,season_s2_win_popui005,;4;,,season_s4_win_popui003
158,season_s2_win_popui006,;4;,,season_s4_win_popui004
159,season_s2_win_popui007,;4;,,season_s4_win_popui005
160,season_s2_faction_war_01,;4;,,season_s4_trends_name01
161,season_s2_trends_name18,;4;,,season_s4_trends_name01
162,season_s2_ppt_week_4_tittle30,;4;,,season_s4_trends_name01
163,season_s2_rank_reward_23,;4;,,season_s4_rank_reward_01
164,season_s2_alliance_building_tips017,;4;,,season_s4_alliance_building_tips001
165,season_s2_rank_reward_18,;4;,,season_s4_rank_reward_02
166,season_s2_stronghold_tips01,;4;,,season_s4_stronghold_tips01
167,season_s2_city_description_08,;4;,,season_s4_city_description_01
168,season_s2_city_tips01,;4;,,season_s4_city_description_02
169,season_s2_city_description_09,;4;,,season_s4_city_description_03
170,season_trends_info002,;4;,,season_s4_resistance_info01
171,season_s2_scrolling_tips02,;4;,,season_s4_scrolling_tips01
172,season_s2_faction_war_19,;4;,,season_s4_faction_war_desc01
173,season_s2_faction_war_21,;4;,,season_s4_faction_war_desc02
174,season_s2_faction_war_55,;4;,,season_s4_faction_war_desc03
175,season_s2_faction_war_74,;4;,,season_s4_faction_war_desc04
176,season_alliance_government_skill_04,;4;,,season_s4_faction_war_desc05
177,season_alliance_government_skill_06,;4;,,season_s4_faction_war_desc06
178,season_s2_prosperity_tips01,;4;,,season_s4_faction_war_desc07
179,season_activity_1000041_des01,;4;,,season_s4_faction_war_desc08
180,season_s2_rank_reward_5,;4;,,season_s4_faction_war_desc09
181,season_s2_rank_reward_6,;4;,,season_s4_faction_war_desc10
182,season_s2_rank_reward_7,;4;,,season_s4_faction_war_desc11
183,season_s2_faction_war_98,;4;,,season_s4_faction_war_desc12
184,season_mail_title_80166,;4;,,season_s4_faction_war_desc13
185,season_mail_message_80166,;4;,,season_s4_faction_war_desc14
186,season_mail_message_80168,;4;,,season_s4_faction_war_desc15
187,season_mail_message_80169,;4;,,season_s4_faction_war_desc16
188,season_mail_message_80170,;4;,,season_s4_faction_war_desc17
189,season_s2_faction_war_tips_01,;4;,,season_s4_faction_war_desc18
190,season_s2_faction_war_tips_02,;4;,,season_s4_faction_war_desc19
191,season_s2_faction_war_tips_05,;4;,,season_s4_faction_war_desc20
192,season_s2_faction_war_tips_06,;4;,,season_s4_faction_war_desc21
193,season_alliance_government_skill_26,;4;,,season_s4_faction_war_desc22
194,season_s3_mail_message80247,;4;,,season_s4_faction_war_desc23
195,season_s3_mail_message80248,;4;,,season_s4_faction_war_desc24
196,season_s3_mail_message80249,;4;,,season_s4_faction_war_desc25
197,season_s3_mail_message80250,;4;,,season_s4_faction_war_desc26
198,season_s3_mail_message80251,;4;,,season_s4_faction_war_desc27
199,season_s3_mail_message80252,;4;,,season_s4_faction_war_desc28
200,season_alliance_government_skill_39,;4;,,season_s4_faction_war_desc32
201,season_alliance_government_skill_40,;4;,,season_s4_faction_war_desc33
202,season_s2_mail_message80192,;4;,,season_s4_faction_war_desc34
203,season_activity_1000041_des02,;4;,,season_s4_faction_war_desc35
204,season_activity_1000046_des02,;4;,,season_s4_faction_war_desc36
205,season_s2_mail_message80193,;4;,,season_s4_faction_war_desc37
206,season_s2_mail_message80194,;4;,,season_s4_faction_war_desc38
207,season_s2_battletips002,;4;,,season_s4_faction_war_desc39
208,season_s2_camp_war_info01,;4;,,season_s4_faction_war_desc40
209,season_s2_camp_war_info02,;4;,,season_s4_faction_war_desc41
210,season_activity_tips_12,;4;,,season_s4_faction_war_desc42
211,season_activity_tips_13,;4;,,season_s4_faction_war_desc43
212,season_alliance_government_skill_goddess_26,;4;,,season_s4_faction_war_desc44
213,season_s2_government_skill_tips17,;4;,,season_s4_faction_war_desc45
214,season_s2_alliance_building_tips007,;4;,,season_s4_faction_war_desc46
215,season_s2_alliance_building_tips008,;4;,,season_s4_faction_war_desc47
216,season_s2_faction_war_69,;4;,,season_s4_faction_war_desc48
217,season_s2_faction_war_94,;4;,,season_s4_faction_war_desc49
218,season_s2_faction_war_95,;4;,,season_s4_faction_war_desc50
219,season_s2_activity_1000040_tips01,;4;,,season_s4_faction_war_desc51
220,season_alliance_government_skill_25,;4;,,season_s4_faction_war_desc52
221,season_alliance_government_skill_35,;4;,,season_s4_faction_war_desc53
222,season_s2_government_skill_tips5,;4;,,season_s4_faction_war_desc54
223,season_s2_battletips001,;4;,,season_s4_faction_war_desc55
224,season_s2_mail_tittle80193,;4;,,season_s4_faction_war_desc56
225,season_s2_mail_tittle80194,;4;,,season_s4_faction_war_desc57
226,season_s2_mail_message80193,;4;,,season_s4_faction_war_desc58
227,season_s2_mail_message80194,;4;,,season_s4_faction_war_desc59
228,camp_battle_tip014,;4;,,season_s4_faction_war_desc60
239,season_s2_mail_tittle80206,;4;,,season_s4_mail_tittle80206
240,season_s3_Mummy_record01,;4;,,season_s4_Mummy_ui_info_03
241,season_s3_Mummy_record02,;4;,,season_s4_Mummy_ui_info_03
242,season_s3_Mummy_record03,;4;,,season_s4_Mummy_ui_info_03
243,season_s3_Mummy_ui_info02,;4;,,season_s4_Mummy_ui_info_01
244,season_s3_Mummy_ui_info01,;4;,,season_s4_Mummy_ui_info_08
245,season_s3_Mummy_tips011,;4;,,season_s4_Mummy_ui_info_09
246,season_s3_get_item_desc2000,;4;,,season_s4_Mummy_ui_info_10
247,season_s3_get_item_desc2001,;4;,,season_s4_Mummy_ui_info_11
248,season_s3_get_item_desc2002,;4;,,season_s4_Mummy_ui_info_12
249,season_s3_rank_reward_2,;4;,,season_s4_rank_reward_2
250,season_s3_rank_reward_3,;4;,,season_s4_rank_reward_3
251,season_s3_rank_reward_4,;4;,,season_s4_rank_reward_4
252,season_s3_rank_reward_5,;4;,,season_s4_rank_reward_5
253,season_s3_rank_reward_6,;4;,,season_s4_rank_reward_6
254,season_s3_rank_reward_7,;4;,,season_s4_rank_reward_7
255,season_s3_rank_reward_8,;4;,,season_s4_rank_reward_8
256,season_s3_rank_reward_18,;4;,,season_s4_rank_reward_18
257,season_s3_rank_reward_19,;4;,,season_s4_rank_reward_19
258,season_s3_rank_reward_20,;4;,,season_s4_rank_reward_20
259,season_s3_rank_reward_21,;4;,,season_s4_rank_reward_21
260,season_s3_rank_reward_22,;4;,,season_s4_rank_reward_22
261,season_s3_rank_reward_23,;4;,,season_s4_rank_reward_23
262,season_s3_rank_reward_25,;4;,,season_s4_rank_reward_25
263,season_s3_rank_reward_26,;4;,,season_s4_rank_reward_26
264,season_s3_alliance_building_tips03,;4;,,season_s4_faction_war_desc07
265,season_s3_alliance_building_tips02,;4;,,season_s4_alliance_building_tips01
266,season_s3_alliance_building_tips01,;4;,,season_s4_spices
267,season_s3_alliance_building_tips05,;4;,,season_s4_alliance_building_tips02
268,season_s3_trade_city018,;4;,,season_s4_trade_city018
269,season_s3_activity_1000072_desc48,;4;,,season_s4_activity_1000072_desc48
270,season_s3_activity_1000072_desc46,;4;,,season_s4_activity_1000072_desc46
271,season_s3_rules_desc51,;4;,,season_s4_rules_desc51
272,season_s3_rules_desc52,;4;,,season_s4_rules_desc52
273,season_tiles_popui_info008,;4;,,season_s4_tiles_popui_info
274,season_s3_activity_1000072_desc56,;4;,,season_s4_activity_1000072_desc56
275,season_s3_activity_1000063_desc01,;4;,,season_s4_activity_1200004_desc03
276,season_s3_activity_1000063_history_01,;4;,,season_s4_activity_1000063_history_01
277,season_s3_activity_1000063_history_02,;4;,,season_s4_activity_1000063_history_02
278,season_s3_activity_1000063_history_03,;4;,,season_s4_activity_1000063_history_03
279,season_s3_activity_1000063_history_04,;4;,,season_s4_activity_1000063_history_04
280,season_s3_activity_1000063_desc018,;4;,,season_s4_activity_1000063_desc018
281,season_s3_activity_1000063_desc019,;4;,,season_s4_activity_1000063_desc019
282,season_s3_activity_1000063_desc06,;4;,,season_s4_activity_1000063_desc06
283,season_s3_activity_1000063_desc07,;4;,,season_s4_activity_1000063_desc07
284,season_s2_government_skill_tips5,;4;,,alliance_government_10006_32
285,season_s2_government_skill_tips9,;4;,,alliance_government_10006_33
286,season_s2_government_skill_tips10,;4;,,alliance_government_10006_34
287,season_s2_government_skill_tips11,;4;,,alliance_government_10006_27
288,season_s2_government_skill_tips17,;4;,,alliance_government_10006_35
289,season_s2_government_skill_tips18,;4;,,alliance_government_10006_28
290,season_s2_government_skill_tips19,;4;,,alliance_government_10006_29
291,season_s2_government_skill_tips21,;4;,,alliance_government_10006_30
292,season_alliance_government_skill_02,;4;,,alliance_government_10006_01
293,season_alliance_government_skill_04,;4;,,alliance_government_10006_19
294,season_alliance_government_skill_05,;4;,,alliance_government_10006_03
295,season_alliance_government_skill_06,;4;,,alliance_government_10006_36
296,season_alliance_government_skill_09,;4;,,alliance_government_10006_06
297,season_alliance_government_skill_10,;4;,,alliance_government_10006_07
298,season_alliance_government_skill_11,;4;,,alliance_government_10006_08
299,season_alliance_government_skill_12,;4;,,alliance_government_10006_09
300,season_alliance_government_skill_15,;4;,,alliance_government_10006_10
301,season_alliance_government_skill_16,;4;,,alliance_government_10006_11
302,season_alliance_government_skill_17,;4;,,alliance_government_10006_20
303,season_alliance_government_skill_18,;4;,,alliance_government_10006_13
304,season_alliance_government_skill_19,;4;,,alliance_government_10006_14
305,season_alliance_government_skill_20,;4;,,alliance_government_10006_15
306,season_alliance_government_skill_21,;4;,,alliance_government_10006_16
307,season_alliance_government_skill_22,;4;,,alliance_government_10006_17
308,season_alliance_government_skill_24,;4;,,alliance_government_10006_18
309,season_alliance_government_skill_25,;4;,,alliance_government_10006_37
310,season_alliance_government_skill_26,;4;,,alliance_government_10006_38
311,season_alliance_government_skill_27,;4;,,alliance_government_10006_39
312,season_alliance_government_skill_29,;4;,,alliance_government_10006_21
313,season_alliance_government_skill_30,;4;,,alliance_government_10006_24
314,season_alliance_government_skill_31,;4;,,alliance_government_10006_44
315,season_alliance_government_skill_32,;4;,,alliance_government_10006_22
316,season_alliance_government_skill_33,;4;,,alliance_government_10006_23
317,season_alliance_government_skill_34,;4;,,alliance_government_10006_17
318,season_alliance_government_skill_35,;4;,,alliance_government_10006_40
319,season_alliance_government_skill_36,;4;,,alliance_government_10006_24
320,season_alliance_government_skill_37,;4;,,alliance_government_10006_41
321,season_alliance_government_skill_38,;4;,,alliance_government_10006_42
322,season_alliance_government_skill_39,;4;,,alliance_government_10006_31
323,season_alliance_government_skill_40,;4;,,alliance_government_10006_43
324,season_s3_mail_title80246,;4;,,season_s4_mail_tittle80246
325,season_s3_mail_desc80246,;4;,,season_s4_mail_desc80246
326,season_s3_mail_message80253,;4;,,season_s4_mail_message80253
327,season_s3_mail_message80252,;4;,,season_s4_faction_war_desc28
328,season_s3_faction_war_desc28,;4;,,season_s4_faction_war_desc28
329,challenge_zombie_alliance_rule_2,;4;,,challenge_zombie_alliance_rule_2_replace
330,challenge_zombie_alliance_rule_desc,;4;,,challenge_zombie_alliance_rule_desc_replace
331,challenge_zombie_warlord_tips,;4;,,challenge_zombie_warlord_tips_replace
332,challenge_zombie_warlord_energy_tips,;4;,,challenge_zombie_warlord_energy_tips_replace
333,challenge_zombie_warlord_ready_tips,;4;,,challenge_zombie_warlord_ready_tips_replace
334,challenge_zombie_transmitted_2_tips,;4;,,challenge_zombie_transmitted_2_tips_replace
335,challenge_zombie_boss_state_desc,;4;,,challenge_zombie_boss_state_desc_replace
336,challenge_zombie_boss_state_weaken,;4;,,challenge_zombie_boss_state_weaken_replace
337,alliance_monster_challenge_new_tips_9,;4;,,alliance_monster_challenge_new_tips_9_replace
338,challenge_zombie_warlord_succeed,;4;,,challenge_zombie_warlord_succeed_replace
339,season_s3_activity_1000063_desc08,;4;,,season_s4_activity_1000063_desc08
340,season_s2_camp_tip_001,;3;,,season_s3_camp_tip_001
341,season_s2_camp_tip_002,;3;,,season_s3_camp_tip_002
342,season_s2_camp_tip_003,;3;,,season_s3_camp_tip_003
343,season_s2_camp_tip_004,;3;,,season_s3_camp_tip_004
344,season_s2_camp_tip_001,;4;,,season_s4_camp_tip_001
345,season_s2_camp_tip_002,;4;,,season_s4_camp_tip_002
346,season_s2_camp_tip_003,;4;,,season_s4_camp_tip_003
347,season_s2_camp_tip_004,;4;,,season_s4_camp_tip_004
348,season_sever_declare_war_002,,1200033,season_s1_activity1000018_desc01
349,season_sever_declare_war_021,,1200033,season_s1_activity1000018_desc02
350,season_trends_info018,,1200033,season_s1_activity1000018_desc03
351,season_tips174,,1200033,season_s1_activity1000018_desc04
352,activity_desc_1000018,,1200033,season_s1_activity1000018_desc05
353,season_s1_city_desc01,,1200033,season_s1_activity1000018_desc06
354,season_tips173,,1200033,season_s1_activity1000018_desc07
355,season_trends_info002,;5;,,season_s5_resistance_info01
356,season_s2_tips_004,;5;,,season5_replace_s2_tips_004
357,season_s2_city_description_04,;5;,,season5_replace_s2_city_description_04
358,season_s2_city_description_06,;5;,,season5_replace_s2_city_description_06
359,season_s2_alliance_score005,;5;,,season5_replace_s2_alliance_score005
360,season_s2_alliance_score006,;5;,,season5_replace_s2_alliance_score006
361,season_alliance_event_desc_120022,;5;,,season5_replace_alliance_event_desc_120022
362,season_s2_stronghod_name,;5;,,season5_replace_s2_stronghod_name
363,season_s2_milestone_name14,;5;,,season5_replace_s2_milestone_name14
364,season_s2_milestone_desc09,;5;,,season5_replace_s2_milestone_desc09
365,season_s2_bp_desc07,;5;,,season5_replace_s2_bp_desc07
366,season_activity_1000035_des01,;5;,,season5_replace_activity_1000035_des01
367,season_activity_1000035_des02,;5;,,season5_replace_activity_1000035_des02
368,season_activity_1000035_des04,;5;,,season5_replace_activity_1000035_des04
369,season_activity_1000037_des02,;5;,,season5_replace_activity_1000037_des02
370,season_activity_1000035_des05,;5;,,season5_replace_activity_1000035_des05
371,season_s2_rank_activity1000035_01,;5;,,season5_replace_s2_rank_activity1000035_01
372,season_s2_rank_activity1000035_02,;5;,,season5_replace_s2_rank_activity1000035_02
373,season_s2_rank_activity1000035_03,;5;,,season5_replace_s2_rank_activity1000035_03
374,season_mail_title_80171,;5;,,season5_replace_mail_title_80171
375,season_mail_message_80171,;5;,,season5_replace_mail_message_80171
376,season_s2_quest_desc053,;5;,,season5_replace_s2_quest_desc053
377,season_s2_ppt_week_1_tittle20,;5;,,season5_replace_s2_ppt_week_1_tittle20
378,season_s2_ppt_week_1_tittle23,;5;,,season5_replace_s2_ppt_week_1_tittle23
379,season_s2_res_lack_tips_name1823,;5;,,season5_replace_s2_res_lack_tips_name1823
380,season_s3_replace_dialog038,;5;,,season5_replace_s3_replace_dialog038
381,season_s3_score103012,;5;,,season5_replace_s3_score103012
382,season_s3_score103013,;5;,,season5_replace_s3_score103013
383,season_s3_Mummy_tips013,;5;,,season_s5_Mummy_tips01
384,season_s1_citylist_02,;5;,,season5_replace_s2_city_description_06
385,season_s2_city_description_08,;5;,,season_s5_activity_1200063_desc02
386,season_sever_declare_war_002,;5;,,season_s1_activity1000018_desc01
387,season_sever_declare_war_021,;5;,,season_s1_activity1000018_desc02
388,season_trends_info018,;5;,,season_s1_activity1000018_desc03
389,season_tips174,;5;,,season_s1_activity1000018_desc04
390,season_s1_city_desc01,;5;,,season_s1_activity1000018_desc06
391,season_tips173,;5;,,season_s1_activity1000018_desc07
392,season_s2_city_tips01,;5;,,season_s5_city_tips01
393,season_UI_info_101,;5;,,season_UI_info_101_s5
394,season_rules_ui_desc54,;5;,,war_zone_outpost_88
395,season_rules_ui_desc55,;5;,,season_s5_rules_ui_desc1
