id,group_id,star_level,max_level,star_key,rank_pic,dominator_appearance,pic_path,timeline_path,rank_preview_level,train_show_perfab
10000,1000000,0,10,dominator_star_title_name_1,1,1000001,Assets/Main/Sprites/HeroIconsSmall/zxl_zhuzai_touxiang_00.png,Assets/Main/Prefabs/PrefabsIncrement/Character/Dominator/Ape/Equip/A_Zhuzai_monkey_LV00/A_Zhuzai_monkey_LV00_timeline.prefab,0,Assets/Main/Prefabs/PrefabsIncrement/Character/Dominator/Ape/Equip/A_Zhuzai_monkey_LV00/A_Zhuzai_monkey_LV00_xunlian.prefab
10001,1000000,1,10,dominator_star_title_name_2,2,1000002,Assets/Main/Sprites/HeroIconsSmall/zxl_zhuzai_touxiang_01.png,Assets/Main/Prefabs/PrefabsIncrement/Character/Dominator/Ape/Equip/A_Zhuzai_monkey_LV01/A_Zhuzai_monkey_LV01_timeline.prefab,10,Assets/Main/Prefabs/PrefabsIncrement/Character/Dominator/Ape/Equip/A_Zhuzai_monkey_LV01/A_Zhuzai_monkey_LV01_xunlian.prefab
10002,1000000,2,10,dominator_star_title_name_3,3,1000003,Assets/Main/Sprites/HeroIconsSmall/zxl_zhuzai_touxiang_02.png,Assets/Main/Prefabs/PrefabsIncrement/Character/Dominator/Ape/Equip/A_Zhuzai_monkey_LV02/A_Zhuzai_monkey_LV02_timeline.prefab,20,Assets/Main/Prefabs/PrefabsIncrement/Character/Dominator/Ape/Equip/A_Zhuzai_monkey_LV02/A_Zhuzai_monkey_LV02_xunlian.prefab
10003,1000000,3,10,dominator_star_title_name_4,4,1000004,Assets/Main/Sprites/HeroIconsSmall/zxl_zhuzai_touxiang_03.png,Assets/Main/Prefabs/PrefabsIncrement/Character/Dominator/Ape/Equip/A_Zhuzai_monkey_LV03/A_Zhuzai_monkey_LV03_timeline.prefab,30,Assets/Main/Prefabs/PrefabsIncrement/Character/Dominator/Ape/Equip/A_Zhuzai_monkey_LV03/A_Zhuzai_monkey_LV03_xunlian.prefab
10004,1000000,4,10,dominator_star_title_name_5,5,1000005,Assets/Main/Sprites/HeroIconsSmall/zxl_zhuzai_touxiang_04.png,Assets/Main/Prefabs/PrefabsIncrement/Character/Dominator/Ape/Equip/A_Zhuzai_monkey_LV04/A_Zhuzai_monkey_LV04_timeline.prefab,40,Assets/Main/Prefabs/PrefabsIncrement/Character/Dominator/Ape/Equip/A_Zhuzai_monkey_LV04/A_Zhuzai_monkey_LV04_xunlian.prefab
10005,1000000,5,10,dominator_star_title_name_6,6,1000006,Assets/Main/Sprites/HeroIconsSmall/zxl_zhuzai_touxiang_05.png,Assets/Main/Prefabs/PrefabsIncrement/Character/Dominator/Ape/Equip/A_Zhuzai_monkey_LV05/A_Zhuzai_monkey_LV05_timeline.prefab,50,Assets/Main/Prefabs/PrefabsIncrement/Character/Dominator/Ape/Equip/A_Zhuzai_monkey_LV05/A_Zhuzai_monkey_LV05_xunlian.prefab
10006,1000000,6,0,dominator_star_title_name_7,7,1000007,Assets/Main/Sprites/HeroIconsSmall/zxl_zhuzai_touxiang_06.png,Assets/Main/Prefabs/PrefabsIncrement/Character/Dominator/Ape/Equip/A_Zhuzai_monkey_LV06/A_Zhuzai_monkey_LV06_timeline.prefab,60,Assets/Main/Prefabs/PrefabsIncrement/Character/Dominator/Ape/Equip/A_Zhuzai_monkey_LV06/A_Zhuzai_monkey_LV06_xunlian.prefab
11000,1100000,0,10,dominator_star_title_name_1,1,1100001,Assets/Main/Sprites/HeroIconsSmall/wxy_zhuzai_zhanying_touxiang00.png,Assets/Main/CoditionLoadRes/Dominator/Hawk/Prefabs/A_Zhuzai_hawk_LV00/A_Zhuzai_hawk_LV00_timelne.prefab,0,Assets/Main/CoditionLoadRes/Dominator/Hawk/Prefabs/A_Zhuzai_hawk_LV00/A_Zhuzai_hawk_LV00_xunlian.prefab
11001,1100000,1,10,dominator_star_title_name_2,2,1100002,Assets/Main/Sprites/HeroIconsSmall/wxy_zhuzai_zhanying_touxiang01.png,Assets/Main/CoditionLoadRes/Dominator/Hawk/Prefabs/A_Zhuzai_hawk_LV01/A_Zhuzai_hawk_LV01_timelne.prefab,10,Assets/Main/CoditionLoadRes/Dominator/Hawk/Prefabs/A_Zhuzai_hawk_LV01/A_Zhuzai_hawk_LV01_xunlian.prefab
11002,1100000,2,10,dominator_star_title_name_3,3,1100003,Assets/Main/Sprites/HeroIconsSmall/wxy_zhuzai_zhanying_touxiang02.png,Assets/Main/CoditionLoadRes/Dominator/Hawk/Prefabs/A_Zhuzai_hawk_LV02/A_Zhuzai_hawk_LV02_timelne.prefab,20,Assets/Main/CoditionLoadRes/Dominator/Hawk/Prefabs/A_Zhuzai_hawk_LV02/A_Zhuzai_hawk_LV02_xunlian.prefab
11003,1100000,3,10,dominator_star_title_name_4,4,1100004,Assets/Main/Sprites/HeroIconsSmall/wxy_zhuzai_zhanying_touxiang03.png,Assets/Main/CoditionLoadRes/Dominator/Hawk/Prefabs/A_Zhuzai_hawk_LV03/A_Zhuzai_hawk_LV03_timelne.prefab,30,Assets/Main/CoditionLoadRes/Dominator/Hawk/Prefabs/A_Zhuzai_hawk_LV03/A_Zhuzai_hawk_LV03_xunlian.prefab
11004,1100000,4,10,dominator_star_title_name_5,5,1100005,Assets/Main/Sprites/HeroIconsSmall/wxy_zhuzai_zhanying_touxiang04.png,Assets/Main/CoditionLoadRes/Dominator/Hawk/Prefabs/A_Zhuzai_hawk_LV04/A_Zhuzai_hawk_LV04_timelne.prefab,40,Assets/Main/CoditionLoadRes/Dominator/Hawk/Prefabs/A_Zhuzai_hawk_LV04/A_Zhuzai_hawk_LV04_xunlian.prefab
11005,1100000,5,10,dominator_star_title_name_6,6,1100006,Assets/Main/Sprites/HeroIconsSmall/wxy_zhuzai_zhanying_touxiang05.png,Assets/Main/CoditionLoadRes/Dominator/Hawk/Prefabs/A_Zhuzai_hawk_LV05/A_Zhuzai_hawk_LV05_timelne.prefab,50,Assets/Main/CoditionLoadRes/Dominator/Hawk/Prefabs/A_Zhuzai_hawk_LV05/A_Zhuzai_hawk_LV05_xunlian.prefab
11006,1100000,6,0,dominator_star_title_name_7,7,1100007,Assets/Main/Sprites/HeroIconsSmall/wxy_zhuzai_zhanying_touxiang06.png,Assets/Main/CoditionLoadRes/Dominator/Hawk/Prefabs/A_Zhuzai_hawk_LV06/A_Zhuzai_hawk_LV06_timelne.prefab,60,Assets/Main/CoditionLoadRes/Dominator/Hawk/Prefabs/A_Zhuzai_hawk_LV06/A_Zhuzai_hawk_LV06_xunlian.prefab
