id,pack_id,pack_condition,name,icon,desc,desc_crossing,mail,diamond,download_condition,banner
2,1002,,package_name01,Assets/Main/Sprites/UI/UISeason/Sprites/Mjc_saiji2_zhujiemian_cion_new.png,package_desc01,package_desc_crossing01,80297,100,,Assets/Main/TextureEx/ResDown/S1/ljq_s1_ziyuanbaoxiazai_tu01_banner.png;Assets/Main/TextureEx/ResDown/S1/ljq_s1_ziyuanbaoxiazai_tu02_banner.png;Assets/Main/TextureEx/ResDown/S1/ljq_s1_ziyuanbaoxiazai_tu03_banner.png
3,1003,,package_name02,Assets/Main/Sprites/UI/UIMain/LWMainUI/cfm_rukoutubiao.png,package_desc02,package_desc_crossing02,80298,100,,Assets/Main/TextureEx/ResDown/S2/ljq_s2_ziyuanbaoxiazai_tu01_banner.png;Assets/Main/TextureEx/ResDown/S2/ljq_s2_ziyuanbaoxiazai_tu02_banner.png;Assets/Main/TextureEx/ResDown/S2/ljq_s2_ziyuanbaoxiazai_tu03_banner.png
4,1004,,package_name03,Assets/Main/Sprites/UI/UIMain/LWMainUI/zyf_zhuangbeitehuilibao_icon17.png,package_desc03,package_desc_crossing03,80238,100,,
5,1005,,package_name04,Assets/Main/Sprites/UI/UIMain/LWMainUI/ljq_s4_rukoutubiao.png,package_desc04,package_desc_crossing04,80289,100,,
6,1006,,package_name_s5,Assets/Main/Sprites/UI/UIMain/LWMainUI/ljq_s5_rukoutubiao.png,package_desc_s5,package_desc_crossing_s5,80360,100,,Assets/Main/TextureEx/ResDown/S5/ljq_s5_ziyuanbaoxiazai_tu01_banner.png;Assets/Main/TextureEx/ResDown/S5/ljq_s5_ziyuanbaoxiazai_tu02_banner.png;Assets/Main/TextureEx/ResDown/S5/ljq_s5_ziyuanbaoxiazai_tu03_banner.png
101,2001,,package_name04,Assets/Main/Sprites/UI/UIMain/LWMainUI/ljq_s4_rukoutubiao.png,package_desc04,package_desc_crossing04,80289,100,1;4;1,
102,2002,,,,,,0,0,1;4;15,
103,2003,,,,,,0,0,1;2;1,
104,2004,,,,,,0,0,1;1;1,
105,2005,,,,,,0,0,1;3;1,
106,2006,,,,,,0,0,1;4;36,
107,2007,,,,,,0,0,1;5;15,
108,2008,,,,,,0,0,1;1;36,
109,2009,,,,,,0,0,1;2;36,
110,2010,,,,,,0,0,1;1;15,
111,2011,,,,,,0,0,1;2;15,
112,2012,,,,,,0,0,1;3;36,
113,2013,,,,,,0,0,1;5;1,
114,2014,,,,,,0,0,1;3;15,
200,3000,,,,,,0,0,1;0;6,
201,3001,,,,,,0,0,1;0;26,
202,3002,,,,,,0,0,1;0;22,
203,3003,,,,,,0,0,1;0;40,
204,3004,,,,,,0,0,1;0;96,
205,3005,,,,,,0,0,1;0;12,
206,3006,,,,,,0,0,1;0;12,
207,3007,,,,,,0,0,1;0;6,
208,3008,,,,,,0,0,1;0;68,
209,3009,,,,,,0,0,1;0;61,
210,3010,,,,,,0,0,1;0;82,
211,3011,,,,,,0,0,1;1;6,
212,3012,,,,,,0,0,1;2;13,
213,3013,,,,,,0,0,1;3;13,
214,3014,,,,,,0,0,1;4;13,
215,3015,,,,,,0,0,1;5;1,
301,11000,,,,,,0,0,1;0;6,
302,11001,,,,,,0,0,1;0;7,
303,11002,,,,,,0,0,1;0;25,
304,11003,,,,,,0,0,1;0;80,
305,11004,,,,,,0,0,1;0;140,
306,11005,,,,,,0,0,1;0;7,
307,11006,,,,,,0,0,1;0;7,
308,11007,,,,,,0,0,1;0;6,
1011,10101,,,,,,0,0,1;2;87,
1021,4001,,,,,,0,0,1;0;15,
1022,4002,,,,,,0,0,1;1;50,
1023,4003,,,,,,0,0,1;0;12,
2000,20252,,,,,,0,0,1;1;5,
2001,20253,,,,,,0,0,1;0;15|2;2025-7-7-0-0-0;2025-7-14-23-59-59|3;3-1660,
2002,20254,,,,,,0,0,1;0;12|2;2025-10-25-0-0-0;2025-11-3-23-59-59|3;3-1885,
2003,35001,,,,,,0,0,1;0;12,
3001,30001,,,,,,0,0,1;0;26,
3002,30002,,,,,,0,0,1;0;33,
3003,30003,,,,,,0,0,1;0;40,
3004,30004,,,,,,0,0,1;0;19,
3005,30005,,,,,,0,0,1;1;54,
3006,30006,,,,,,0,0,1;0;25,
3007,30007,,,,,,0,0,1;0;6,
3008,30008,,,,,,0,0,1;1;58,
3009,30009,,,,,,0,0,1;1;54,
3010,30010,,,,,,0,0,1;0;81,
3011,30011,,,,,,0,0,1;0;6,
3012,30012,,,,,,0,0,1;0;12,
3013,30013,,,,,,0,0,1;0;53,
3014,30014,,,,,,0,0,1;0;12,
3015,30015,,,,,,0,0,1;0;8,
4001,12000,,,,,,0,0,1;4;1,
5001,33002,,,,,,0,0,1;5;1,
6001,6001,,,,,,0,0,1;1;50,
6002,6003,,,,,,0,0,1;4;57,
6005,6005,,,,,,0,0,1;3;57,
6006,6006,,,,,,0,0,1;3;57,
10000,5000,,package_name09,Assets/Main/Sprites/ActivityIcons/zyf_shamofengbao_huodong_icon.png,package_desc9,package_desc_crossing09,0,0,1;0;12,
10001,5100,,package_name05,Assets/Main/Sprites/ActivityIcons/zyf_shamofengbao_huodong_icon.png,package_desc5,package_desc_crossing05,0,0,1;0;12,
10002,5200,,package_name06,Assets/Main/Sprites/ActivityIcons/lrb_dongrizhanchang_yeqian.png,package_desc6,package_desc_crossing06,0,0,1;0;40,
10003,5300,,package_name07,Assets/Main/Sprites/UI/UILWMainClock/wxy_huodong_yunshiyugao_rukou.png,package_desc7,package_desc_crossing07,0,0,1;0;35,
10004,5400,,package_name08,Assets/Main/Sprites/ActivityIcons/mjc_yibianjinqu_huodong_icon.png,package_desc8,package_desc_crossing08,0,0,1;1;49,
10005,6002,,package_name09,Assets/Main/Sprites/UI/UISeason/Sprites/zyf_guanjunduijue_rukou.png,package_desc9,package_desc_crossing09,0,0,1;1;50,
10006,6004,,package_name11,Assets/Main/Sprites/ActivityIcons/mjc_yibianjinqu_huodong_icon.png,package_desc11,,0,0,1;2;49,
10007,5500,,package_name12,Assets/Main/Sprites/UI/UISeason/Sprites/zyf_guanjunduijue_rukou.png,package_desc12,package_desc_crossing11,0,0,1;4;57,
20001,7001,,,,,,0,0,1;0;6,
20002,7002,,,,,,0,0,1;0;20,
20003,7003,,,,,,0,0,1;0;40,
20004,20241,,,,,,0,0,1;3;57,
20005,7004,,,,,,0,0,1;0;6,
20100,20100,,,,,,0,0,1;4;59,
20101,20101,,,,,,0,0,1;4;59,
30001,20231,,,,,,0,0,1;0;15,
34000,34000,,,,,,0,0,1;0;6,
34100,34100,,,,,,0,0,1;0;6,
