id,type,group,level,icon,name,desc,info,status_name,default_temperature,active_temperature,overload_temperature,default_status_name,active_status_name,overload_status_name,default_status_icon,active_status_icon,overload_status_icon
100,0,100,0,Assets/Main/Sprites/UI/UISeason/UISeason2/FX_wendubuff_icon01.png,season_s2_temperature_name100,season_s2_temperature_desc100,,season_s2_temperature_status_name01||,0,,0,season_s2_temperature_status_name01,,,Assets/Main/Sprites/UI/UISeason/UISeason2/icon/FX_S2saiji_baofengxue.png,,
101,0,100,1,Assets/Main/Sprites/UI/UISeason/UISeason2/FX_wendubuff_icon01.png,season_s2_temperature_name100,season_s2_temperature_desc100,,season_s2_temperature_status_name01||,-10,,0,season_s2_temperature_status_name01,,,Assets/Main/Sprites/UI/UISeason/UISeason2/icon/FX_S2saiji_baofengxue.png,,
102,0,100,2,Assets/Main/Sprites/UI/UISeason/UISeason2/FX_wendubuff_icon01.png,season_s2_temperature_name100,season_s2_temperature_desc100,,season_s2_temperature_status_name01||,-15,,0,season_s2_temperature_status_name01,,,Assets/Main/Sprites/UI/UISeason/UISeason2/icon/FX_S2saiji_baofengxue.png,,
103,0,100,3,Assets/Main/Sprites/UI/UISeason/UISeason2/FX_wendubuff_icon01.png,season_s2_temperature_name100,season_s2_temperature_desc100,,season_s2_temperature_status_name01||,-20,,0,season_s2_temperature_status_name01,,,Assets/Main/Sprites/UI/UISeason/UISeason2/icon/FX_S2saiji_baofengxue.png,,
104,0,100,4,Assets/Main/Sprites/UI/UISeason/UISeason2/FX_wendubuff_icon01.png,season_s2_temperature_name100,season_s2_temperature_desc100,,season_s2_temperature_status_name01||,-25,,0,season_s2_temperature_status_name01,,,Assets/Main/Sprites/UI/UISeason/UISeason2/icon/FX_S2saiji_baofengxue.png,,
105,0,100,5,Assets/Main/Sprites/UI/UISeason/UISeason2/FX_wendubuff_icon01.png,season_s2_temperature_name100,season_s2_temperature_desc100,,season_s2_temperature_status_name01||,-30,,0,season_s2_temperature_status_name01,,,Assets/Main/Sprites/UI/UISeason/UISeason2/icon/FX_S2saiji_baofengxue.png,,
106,0,100,6,Assets/Main/Sprites/UI/UISeason/UISeason2/FX_wendubuff_icon01.png,season_s2_temperature_name100,season_s2_temperature_desc100,,season_s2_temperature_status_name01||,-40,,0,season_s2_temperature_status_name01,,,Assets/Main/Sprites/UI/UISeason/UISeason2/icon/FX_S2saiji_baofengxue.png,,
107,0,100,7,Assets/Main/Sprites/UI/UISeason/UISeason2/FX_wendubuff_icon01.png,season_s2_temperature_name100,season_s2_temperature_desc100,,season_s2_temperature_status_name01||,-45,,0,season_s2_temperature_status_name01,,,Assets/Main/Sprites/UI/UISeason/UISeason2/icon/FX_S2saiji_baofengxue.png,,
108,0,100,8,Assets/Main/Sprites/UI/UISeason/UISeason2/FX_wendubuff_icon01.png,season_s2_temperature_name100,season_s2_temperature_desc100,,season_s2_temperature_status_name01||,-50,,0,season_s2_temperature_status_name01,,,Assets/Main/Sprites/UI/UISeason/UISeason2/icon/FX_S2saiji_baofengxue.png,,
109,0,100,9,Assets/Main/Sprites/UI/UISeason/UISeason2/FX_wendubuff_icon01.png,season_s2_temperature_name100,season_s2_temperature_desc100,,season_s2_temperature_status_name01||,-55,,0,season_s2_temperature_status_name01,,,Assets/Main/Sprites/UI/UISeason/UISeason2/icon/FX_S2saiji_baofengxue.png,,
110,0,100,10,Assets/Main/Sprites/UI/UISeason/UISeason2/FX_wendubuff_icon01.png,season_s2_temperature_name100,season_s2_temperature_desc100,,season_s2_temperature_status_name01||,-60,,0,season_s2_temperature_status_name01,,,Assets/Main/Sprites/UI/UISeason/UISeason2/icon/FX_S2saiji_baofengxue.png,,
200,1,200,0,Assets/Main/Sprites/UI/UISeason/UISeason2/FX_wendubuff_icon03.png,season_s2_temperature_name200,season_s2_temperature_desc200,,|season_s2_temperature_status_name02|,0,0,0,,season_s2_temperature_status_name02,,,Assets/Main/Sprites/UI/UISeason/UISeason2/icon/FX_S2saiji_huolu_icon.png,
201,1,200,1,Assets/Main/Sprites/UI/UISeason/UISeason2/FX_wendubuff_icon03.png,season_s2_temperature_name201,season_s2_temperature_desc201,,|season_s2_temperature_status_name02|,-15,5,0,,season_s2_temperature_status_name02,,,Assets/Main/Sprites/UI/UISeason/UISeason2/icon/FX_S2saiji_huolu_icon.png,
202,1,200,2,Assets/Main/Sprites/UI/UISeason/UISeason2/FX_wendubuff_icon03.png,season_s2_temperature_name202,season_s2_temperature_desc202,,|season_s2_temperature_status_name02|,-30,20,0,,season_s2_temperature_status_name02,,,Assets/Main/Sprites/UI/UISeason/UISeason2/icon/FX_S2saiji_huolu_icon.png,
203,1,200,3,Assets/Main/Sprites/UI/UISeason/UISeason2/FX_wendubuff_icon03.png,season_s2_temperature_name203,season_s2_temperature_desc203,,|season_s2_temperature_status_name02|,-40,30,0,,season_s2_temperature_status_name02,,,Assets/Main/Sprites/UI/UISeason/UISeason2/icon/FX_S2saiji_huolu_icon.png,
204,1,200,4,Assets/Main/Sprites/UI/UISeason/UISeason2/FX_wendubuff_icon03.png,season_s2_temperature_name204,season_s2_temperature_desc204,,|season_s2_temperature_status_name02|,-50,40,0,,season_s2_temperature_status_name02,,,Assets/Main/Sprites/UI/UISeason/UISeason2/icon/FX_S2saiji_huolu_icon.png,
205,1,200,5,Assets/Main/Sprites/UI/UISeason/UISeason2/FX_wendubuff_icon03.png,season_s2_temperature_name205,season_s2_temperature_desc205,,|season_s2_temperature_status_name02|,-60,50,0,,season_s2_temperature_status_name02,,,Assets/Main/Sprites/UI/UISeason/UISeason2/icon/FX_S2saiji_huolu_icon.png,
206,1,200,6,Assets/Main/Sprites/UI/UISeason/UISeason2/FX_wendubuff_icon03.png,season_s2_temperature_name206,season_s2_temperature_desc206,,|season_s2_temperature_status_name02|,-70,60,0,,season_s2_temperature_status_name02,,,Assets/Main/Sprites/UI/UISeason/UISeason2/icon/FX_S2saiji_huolu_icon.png,
207,1,200,7,Assets/Main/Sprites/UI/UISeason/UISeason2/FX_wendubuff_icon03.png,season_s2_temperature_name207,season_s2_temperature_desc207,,|season_s2_temperature_status_name02|,-80,0,0,,season_s2_temperature_status_name02,,,Assets/Main/Sprites/UI/UISeason/UISeason2/icon/FX_S2saiji_huolu_icon.png,
300,2,300,0,Assets/Main/Sprites/UI/UISeason/UISeason2/FX_wendubuff_icon02.png,season_s2_temperature_name200,season_s2_temperature_desc200,,,0,,0,,,,,,
301,2,300,1,Assets/Main/Sprites/UI/UISeason/UISeason2/FX_wendubuff_icon02.png,season_s2_temperature_name201,season_s2_temperature_desc201,,,-15,,0,,,,,,
302,2,300,2,Assets/Main/Sprites/UI/UISeason/UISeason2/FX_wendubuff_icon02.png,season_s2_temperature_name202,season_s2_temperature_desc202,,,-30,,0,,,,,,
303,2,300,3,Assets/Main/Sprites/UI/UISeason/UISeason2/FX_wendubuff_icon02.png,season_s2_temperature_name203,season_s2_temperature_desc203,,,-40,,0,,,,,,
304,2,300,4,Assets/Main/Sprites/UI/UISeason/UISeason2/FX_wendubuff_icon02.png,season_s2_temperature_name204,season_s2_temperature_desc204,,,-50,,0,,,,,,
305,2,300,5,Assets/Main/Sprites/UI/UISeason/UISeason2/FX_wendubuff_icon02.png,season_s2_temperature_name205,season_s2_temperature_desc205,,,-60,,0,,,,,,
306,2,300,6,Assets/Main/Sprites/UI/UISeason/UISeason2/FX_wendubuff_icon02.png,season_s2_temperature_name206,season_s2_temperature_desc206,,,-70,,0,,,,,,
307,2,300,7,Assets/Main/Sprites/UI/UISeason/UISeason2/FX_wendubuff_icon02.png,season_s2_temperature_name207,season_s2_temperature_desc207,,,-80,,0,,,,,,
308,2,300,8,Assets/Main/Sprites/UI/UISeason/UISeason2/FX_wendubuff_icon02.png,season_s2_temperature_name207,season_s2_temperature_desc207,,,-90,,0,,,,,,
309,2,300,9,Assets/Main/Sprites/UI/UISeason/UISeason2/FX_wendubuff_icon02.png,season_s2_temperature_name207,season_s2_temperature_desc207,,,-100,,0,,,,,,
310,2,300,10,Assets/Main/Sprites/UI/UISeason/UISeason2/FX_wendubuff_icon02.png,season_s2_temperature_name207,season_s2_temperature_desc207,,,-110,,0,,,,,,
400,3,400,0,Assets/Main/Sprites/UI/UISeason/UISeason2/FX_wendubuff_icon06.png,season_s2_temperature_name400,season_s2_temperature_desc400,,season_s2_temperature_status_name03|season_s2_temperature_status_name04|season_s2_temperature_status_name05,0,0,0,season_s2_temperature_status_name03,season_s2_temperature_status_name04,season_s2_temperature_status_name05,Assets/Main/Sprites/UI/UISeason/UISeason2/icon/FX_S2saiji_huolu_icon_close.png,Assets/Main/Sprites/UI/UISeason/UISeason2/icon/FX_S2saiji_huolu_icon.png,Assets/Main/Sprites/UI/UISeason/UISeason2/icon/FX_S2saiji_huolu_icon_guozai.png
401,3,400,1,Assets/Main/Sprites/UI/UISeason/UISeason2/FX_wendubuff_icon06.png,season_s2_temperature_name400,season_s2_temperature_desc400,,season_s2_temperature_status_name03|season_s2_temperature_status_name04|season_s2_temperature_status_name05,0,5.5,2.5,season_s2_temperature_status_name03,season_s2_temperature_status_name04,season_s2_temperature_status_name05,Assets/Main/Sprites/UI/UISeason/UISeason2/icon/FX_S2saiji_huolu_icon_close.png,Assets/Main/Sprites/UI/UISeason/UISeason2/icon/FX_S2saiji_huolu_icon.png,Assets/Main/Sprites/UI/UISeason/UISeason2/icon/FX_S2saiji_huolu_icon_guozai.png
402,3,400,2,Assets/Main/Sprites/UI/UISeason/UISeason2/FX_wendubuff_icon06.png,season_s2_temperature_name400,season_s2_temperature_desc400,,season_s2_temperature_status_name03|season_s2_temperature_status_name04|season_s2_temperature_status_name05,0,6,3,season_s2_temperature_status_name03,season_s2_temperature_status_name04,season_s2_temperature_status_name05,Assets/Main/Sprites/UI/UISeason/UISeason2/icon/FX_S2saiji_huolu_icon_close.png,Assets/Main/Sprites/UI/UISeason/UISeason2/icon/FX_S2saiji_huolu_icon.png,Assets/Main/Sprites/UI/UISeason/UISeason2/icon/FX_S2saiji_huolu_icon_guozai.png
403,3,400,3,Assets/Main/Sprites/UI/UISeason/UISeason2/FX_wendubuff_icon06.png,season_s2_temperature_name400,season_s2_temperature_desc400,,season_s2_temperature_status_name03|season_s2_temperature_status_name04|season_s2_temperature_status_name05,0,6.5,3,season_s2_temperature_status_name03,season_s2_temperature_status_name04,season_s2_temperature_status_name05,Assets/Main/Sprites/UI/UISeason/UISeason2/icon/FX_S2saiji_huolu_icon_close.png,Assets/Main/Sprites/UI/UISeason/UISeason2/icon/FX_S2saiji_huolu_icon.png,Assets/Main/Sprites/UI/UISeason/UISeason2/icon/FX_S2saiji_huolu_icon_guozai.png
404,3,400,4,Assets/Main/Sprites/UI/UISeason/UISeason2/FX_wendubuff_icon06.png,season_s2_temperature_name400,season_s2_temperature_desc400,,season_s2_temperature_status_name03|season_s2_temperature_status_name04|season_s2_temperature_status_name05,0,7,3.5,season_s2_temperature_status_name03,season_s2_temperature_status_name04,season_s2_temperature_status_name05,Assets/Main/Sprites/UI/UISeason/UISeason2/icon/FX_S2saiji_huolu_icon_close.png,Assets/Main/Sprites/UI/UISeason/UISeason2/icon/FX_S2saiji_huolu_icon.png,Assets/Main/Sprites/UI/UISeason/UISeason2/icon/FX_S2saiji_huolu_icon_guozai.png
405,3,400,5,Assets/Main/Sprites/UI/UISeason/UISeason2/FX_wendubuff_icon06.png,season_s2_temperature_name400,season_s2_temperature_desc400,,season_s2_temperature_status_name03|season_s2_temperature_status_name04|season_s2_temperature_status_name05,0,7.5,3.5,season_s2_temperature_status_name03,season_s2_temperature_status_name04,season_s2_temperature_status_name05,Assets/Main/Sprites/UI/UISeason/UISeason2/icon/FX_S2saiji_huolu_icon_close.png,Assets/Main/Sprites/UI/UISeason/UISeason2/icon/FX_S2saiji_huolu_icon.png,Assets/Main/Sprites/UI/UISeason/UISeason2/icon/FX_S2saiji_huolu_icon_guozai.png
406,3,400,6,Assets/Main/Sprites/UI/UISeason/UISeason2/FX_wendubuff_icon06.png,season_s2_temperature_name400,season_s2_temperature_desc400,,season_s2_temperature_status_name03|season_s2_temperature_status_name04|season_s2_temperature_status_name05,0,8,4,season_s2_temperature_status_name03,season_s2_temperature_status_name04,season_s2_temperature_status_name05,Assets/Main/Sprites/UI/UISeason/UISeason2/icon/FX_S2saiji_huolu_icon_close.png,Assets/Main/Sprites/UI/UISeason/UISeason2/icon/FX_S2saiji_huolu_icon.png,Assets/Main/Sprites/UI/UISeason/UISeason2/icon/FX_S2saiji_huolu_icon_guozai.png
407,3,400,7,Assets/Main/Sprites/UI/UISeason/UISeason2/FX_wendubuff_icon06.png,season_s2_temperature_name400,season_s2_temperature_desc400,,season_s2_temperature_status_name03|season_s2_temperature_status_name04|season_s2_temperature_status_name05,0,8.5,4,season_s2_temperature_status_name03,season_s2_temperature_status_name04,season_s2_temperature_status_name05,Assets/Main/Sprites/UI/UISeason/UISeason2/icon/FX_S2saiji_huolu_icon_close.png,Assets/Main/Sprites/UI/UISeason/UISeason2/icon/FX_S2saiji_huolu_icon.png,Assets/Main/Sprites/UI/UISeason/UISeason2/icon/FX_S2saiji_huolu_icon_guozai.png
408,3,400,8,Assets/Main/Sprites/UI/UISeason/UISeason2/FX_wendubuff_icon06.png,season_s2_temperature_name400,season_s2_temperature_desc400,,season_s2_temperature_status_name03|season_s2_temperature_status_name04|season_s2_temperature_status_name05,0,9,4.5,season_s2_temperature_status_name03,season_s2_temperature_status_name04,season_s2_temperature_status_name05,Assets/Main/Sprites/UI/UISeason/UISeason2/icon/FX_S2saiji_huolu_icon_close.png,Assets/Main/Sprites/UI/UISeason/UISeason2/icon/FX_S2saiji_huolu_icon.png,Assets/Main/Sprites/UI/UISeason/UISeason2/icon/FX_S2saiji_huolu_icon_guozai.png
409,3,400,9,Assets/Main/Sprites/UI/UISeason/UISeason2/FX_wendubuff_icon06.png,season_s2_temperature_name400,season_s2_temperature_desc400,,season_s2_temperature_status_name03|season_s2_temperature_status_name04|season_s2_temperature_status_name05,0,9.5,4.5,season_s2_temperature_status_name03,season_s2_temperature_status_name04,season_s2_temperature_status_name05,Assets/Main/Sprites/UI/UISeason/UISeason2/icon/FX_S2saiji_huolu_icon_close.png,Assets/Main/Sprites/UI/UISeason/UISeason2/icon/FX_S2saiji_huolu_icon.png,Assets/Main/Sprites/UI/UISeason/UISeason2/icon/FX_S2saiji_huolu_icon_guozai.png
410,3,400,10,Assets/Main/Sprites/UI/UISeason/UISeason2/FX_wendubuff_icon06.png,season_s2_temperature_name400,season_s2_temperature_desc400,,season_s2_temperature_status_name03|season_s2_temperature_status_name04|season_s2_temperature_status_name05,0,10,5,season_s2_temperature_status_name03,season_s2_temperature_status_name04,season_s2_temperature_status_name05,Assets/Main/Sprites/UI/UISeason/UISeason2/icon/FX_S2saiji_huolu_icon_close.png,Assets/Main/Sprites/UI/UISeason/UISeason2/icon/FX_S2saiji_huolu_icon.png,Assets/Main/Sprites/UI/UISeason/UISeason2/icon/FX_S2saiji_huolu_icon_guozai.png
411,3,400,11,Assets/Main/Sprites/UI/UISeason/UISeason2/FX_wendubuff_icon06.png,season_s2_temperature_name400,season_s2_temperature_desc400,,season_s2_temperature_status_name03|season_s2_temperature_status_name04|season_s2_temperature_status_name05,0,10.5,5,season_s2_temperature_status_name03,season_s2_temperature_status_name04,season_s2_temperature_status_name05,Assets/Main/Sprites/UI/UISeason/UISeason2/icon/FX_S2saiji_huolu_icon_close.png,Assets/Main/Sprites/UI/UISeason/UISeason2/icon/FX_S2saiji_huolu_icon.png,Assets/Main/Sprites/UI/UISeason/UISeason2/icon/FX_S2saiji_huolu_icon_guozai.png
412,3,400,12,Assets/Main/Sprites/UI/UISeason/UISeason2/FX_wendubuff_icon06.png,season_s2_temperature_name400,season_s2_temperature_desc400,,season_s2_temperature_status_name03|season_s2_temperature_status_name04|season_s2_temperature_status_name05,0,11,5.5,season_s2_temperature_status_name03,season_s2_temperature_status_name04,season_s2_temperature_status_name05,Assets/Main/Sprites/UI/UISeason/UISeason2/icon/FX_S2saiji_huolu_icon_close.png,Assets/Main/Sprites/UI/UISeason/UISeason2/icon/FX_S2saiji_huolu_icon.png,Assets/Main/Sprites/UI/UISeason/UISeason2/icon/FX_S2saiji_huolu_icon_guozai.png
413,3,400,13,Assets/Main/Sprites/UI/UISeason/UISeason2/FX_wendubuff_icon06.png,season_s2_temperature_name400,season_s2_temperature_desc400,,season_s2_temperature_status_name03|season_s2_temperature_status_name04|season_s2_temperature_status_name05,0,11.5,5.5,season_s2_temperature_status_name03,season_s2_temperature_status_name04,season_s2_temperature_status_name05,Assets/Main/Sprites/UI/UISeason/UISeason2/icon/FX_S2saiji_huolu_icon_close.png,Assets/Main/Sprites/UI/UISeason/UISeason2/icon/FX_S2saiji_huolu_icon.png,Assets/Main/Sprites/UI/UISeason/UISeason2/icon/FX_S2saiji_huolu_icon_guozai.png
414,3,400,14,Assets/Main/Sprites/UI/UISeason/UISeason2/FX_wendubuff_icon06.png,season_s2_temperature_name400,season_s2_temperature_desc400,,season_s2_temperature_status_name03|season_s2_temperature_status_name04|season_s2_temperature_status_name05,0,12,6,season_s2_temperature_status_name03,season_s2_temperature_status_name04,season_s2_temperature_status_name05,Assets/Main/Sprites/UI/UISeason/UISeason2/icon/FX_S2saiji_huolu_icon_close.png,Assets/Main/Sprites/UI/UISeason/UISeason2/icon/FX_S2saiji_huolu_icon.png,Assets/Main/Sprites/UI/UISeason/UISeason2/icon/FX_S2saiji_huolu_icon_guozai.png
415,3,400,15,Assets/Main/Sprites/UI/UISeason/UISeason2/FX_wendubuff_icon06.png,season_s2_temperature_name400,season_s2_temperature_desc400,,season_s2_temperature_status_name03|season_s2_temperature_status_name04|season_s2_temperature_status_name05,0,12.5,6,season_s2_temperature_status_name03,season_s2_temperature_status_name04,season_s2_temperature_status_name05,Assets/Main/Sprites/UI/UISeason/UISeason2/icon/FX_S2saiji_huolu_icon_close.png,Assets/Main/Sprites/UI/UISeason/UISeason2/icon/FX_S2saiji_huolu_icon.png,Assets/Main/Sprites/UI/UISeason/UISeason2/icon/FX_S2saiji_huolu_icon_guozai.png
416,3,400,16,Assets/Main/Sprites/UI/UISeason/UISeason2/FX_wendubuff_icon06.png,season_s2_temperature_name400,season_s2_temperature_desc400,,season_s2_temperature_status_name03|season_s2_temperature_status_name04|season_s2_temperature_status_name05,0,13,6.5,season_s2_temperature_status_name03,season_s2_temperature_status_name04,season_s2_temperature_status_name05,Assets/Main/Sprites/UI/UISeason/UISeason2/icon/FX_S2saiji_huolu_icon_close.png,Assets/Main/Sprites/UI/UISeason/UISeason2/icon/FX_S2saiji_huolu_icon.png,Assets/Main/Sprites/UI/UISeason/UISeason2/icon/FX_S2saiji_huolu_icon_guozai.png
417,3,400,17,Assets/Main/Sprites/UI/UISeason/UISeason2/FX_wendubuff_icon06.png,season_s2_temperature_name400,season_s2_temperature_desc400,,season_s2_temperature_status_name03|season_s2_temperature_status_name04|season_s2_temperature_status_name05,0,13.5,6.5,season_s2_temperature_status_name03,season_s2_temperature_status_name04,season_s2_temperature_status_name05,Assets/Main/Sprites/UI/UISeason/UISeason2/icon/FX_S2saiji_huolu_icon_close.png,Assets/Main/Sprites/UI/UISeason/UISeason2/icon/FX_S2saiji_huolu_icon.png,Assets/Main/Sprites/UI/UISeason/UISeason2/icon/FX_S2saiji_huolu_icon_guozai.png
418,3,400,18,Assets/Main/Sprites/UI/UISeason/UISeason2/FX_wendubuff_icon06.png,season_s2_temperature_name400,season_s2_temperature_desc400,,season_s2_temperature_status_name03|season_s2_temperature_status_name04|season_s2_temperature_status_name05,0,14,7,season_s2_temperature_status_name03,season_s2_temperature_status_name04,season_s2_temperature_status_name05,Assets/Main/Sprites/UI/UISeason/UISeason2/icon/FX_S2saiji_huolu_icon_close.png,Assets/Main/Sprites/UI/UISeason/UISeason2/icon/FX_S2saiji_huolu_icon.png,Assets/Main/Sprites/UI/UISeason/UISeason2/icon/FX_S2saiji_huolu_icon_guozai.png
419,3,400,19,Assets/Main/Sprites/UI/UISeason/UISeason2/FX_wendubuff_icon06.png,season_s2_temperature_name400,season_s2_temperature_desc400,,season_s2_temperature_status_name03|season_s2_temperature_status_name04|season_s2_temperature_status_name05,0,14.5,7,season_s2_temperature_status_name03,season_s2_temperature_status_name04,season_s2_temperature_status_name05,Assets/Main/Sprites/UI/UISeason/UISeason2/icon/FX_S2saiji_huolu_icon_close.png,Assets/Main/Sprites/UI/UISeason/UISeason2/icon/FX_S2saiji_huolu_icon.png,Assets/Main/Sprites/UI/UISeason/UISeason2/icon/FX_S2saiji_huolu_icon_guozai.png
420,3,400,20,Assets/Main/Sprites/UI/UISeason/UISeason2/FX_wendubuff_icon06.png,season_s2_temperature_name400,season_s2_temperature_desc400,,season_s2_temperature_status_name03|season_s2_temperature_status_name04|season_s2_temperature_status_name05,0,15,7.5,season_s2_temperature_status_name03,season_s2_temperature_status_name04,season_s2_temperature_status_name05,Assets/Main/Sprites/UI/UISeason/UISeason2/icon/FX_S2saiji_huolu_icon_close.png,Assets/Main/Sprites/UI/UISeason/UISeason2/icon/FX_S2saiji_huolu_icon.png,Assets/Main/Sprites/UI/UISeason/UISeason2/icon/FX_S2saiji_huolu_icon_guozai.png
421,3,400,21,Assets/Main/Sprites/UI/UISeason/UISeason2/FX_wendubuff_icon06.png,season_s2_temperature_name400,season_s2_temperature_desc400,,season_s2_temperature_status_name03|season_s2_temperature_status_name04|season_s2_temperature_status_name05,0,15.5,7.5,season_s2_temperature_status_name03,season_s2_temperature_status_name04,season_s2_temperature_status_name05,Assets/Main/Sprites/UI/UISeason/UISeason2/icon/FX_S2saiji_huolu_icon_close.png,Assets/Main/Sprites/UI/UISeason/UISeason2/icon/FX_S2saiji_huolu_icon.png,Assets/Main/Sprites/UI/UISeason/UISeason2/icon/FX_S2saiji_huolu_icon_guozai.png
422,3,400,22,Assets/Main/Sprites/UI/UISeason/UISeason2/FX_wendubuff_icon06.png,season_s2_temperature_name400,season_s2_temperature_desc400,,season_s2_temperature_status_name03|season_s2_temperature_status_name04|season_s2_temperature_status_name05,0,16,8,season_s2_temperature_status_name03,season_s2_temperature_status_name04,season_s2_temperature_status_name05,Assets/Main/Sprites/UI/UISeason/UISeason2/icon/FX_S2saiji_huolu_icon_close.png,Assets/Main/Sprites/UI/UISeason/UISeason2/icon/FX_S2saiji_huolu_icon.png,Assets/Main/Sprites/UI/UISeason/UISeason2/icon/FX_S2saiji_huolu_icon_guozai.png
423,3,400,23,Assets/Main/Sprites/UI/UISeason/UISeason2/FX_wendubuff_icon06.png,season_s2_temperature_name400,season_s2_temperature_desc400,,season_s2_temperature_status_name03|season_s2_temperature_status_name04|season_s2_temperature_status_name05,0,16.5,8,season_s2_temperature_status_name03,season_s2_temperature_status_name04,season_s2_temperature_status_name05,Assets/Main/Sprites/UI/UISeason/UISeason2/icon/FX_S2saiji_huolu_icon_close.png,Assets/Main/Sprites/UI/UISeason/UISeason2/icon/FX_S2saiji_huolu_icon.png,Assets/Main/Sprites/UI/UISeason/UISeason2/icon/FX_S2saiji_huolu_icon_guozai.png
424,3,400,24,Assets/Main/Sprites/UI/UISeason/UISeason2/FX_wendubuff_icon06.png,season_s2_temperature_name400,season_s2_temperature_desc400,,season_s2_temperature_status_name03|season_s2_temperature_status_name04|season_s2_temperature_status_name05,0,17,8.5,season_s2_temperature_status_name03,season_s2_temperature_status_name04,season_s2_temperature_status_name05,Assets/Main/Sprites/UI/UISeason/UISeason2/icon/FX_S2saiji_huolu_icon_close.png,Assets/Main/Sprites/UI/UISeason/UISeason2/icon/FX_S2saiji_huolu_icon.png,Assets/Main/Sprites/UI/UISeason/UISeason2/icon/FX_S2saiji_huolu_icon_guozai.png
425,3,400,25,Assets/Main/Sprites/UI/UISeason/UISeason2/FX_wendubuff_icon06.png,season_s2_temperature_name400,season_s2_temperature_desc400,,season_s2_temperature_status_name03|season_s2_temperature_status_name04|season_s2_temperature_status_name05,0,17.5,8.5,season_s2_temperature_status_name03,season_s2_temperature_status_name04,season_s2_temperature_status_name05,Assets/Main/Sprites/UI/UISeason/UISeason2/icon/FX_S2saiji_huolu_icon_close.png,Assets/Main/Sprites/UI/UISeason/UISeason2/icon/FX_S2saiji_huolu_icon.png,Assets/Main/Sprites/UI/UISeason/UISeason2/icon/FX_S2saiji_huolu_icon_guozai.png
426,3,400,26,Assets/Main/Sprites/UI/UISeason/UISeason2/FX_wendubuff_icon06.png,season_s2_temperature_name400,season_s2_temperature_desc400,,season_s2_temperature_status_name03|season_s2_temperature_status_name04|season_s2_temperature_status_name05,0,18,9,season_s2_temperature_status_name03,season_s2_temperature_status_name04,season_s2_temperature_status_name05,Assets/Main/Sprites/UI/UISeason/UISeason2/icon/FX_S2saiji_huolu_icon_close.png,Assets/Main/Sprites/UI/UISeason/UISeason2/icon/FX_S2saiji_huolu_icon.png,Assets/Main/Sprites/UI/UISeason/UISeason2/icon/FX_S2saiji_huolu_icon_guozai.png
427,3,400,27,Assets/Main/Sprites/UI/UISeason/UISeason2/FX_wendubuff_icon06.png,season_s2_temperature_name400,season_s2_temperature_desc400,,season_s2_temperature_status_name03|season_s2_temperature_status_name04|season_s2_temperature_status_name05,0,18.5,9,season_s2_temperature_status_name03,season_s2_temperature_status_name04,season_s2_temperature_status_name05,Assets/Main/Sprites/UI/UISeason/UISeason2/icon/FX_S2saiji_huolu_icon_close.png,Assets/Main/Sprites/UI/UISeason/UISeason2/icon/FX_S2saiji_huolu_icon.png,Assets/Main/Sprites/UI/UISeason/UISeason2/icon/FX_S2saiji_huolu_icon_guozai.png
428,3,400,28,Assets/Main/Sprites/UI/UISeason/UISeason2/FX_wendubuff_icon06.png,season_s2_temperature_name400,season_s2_temperature_desc400,,season_s2_temperature_status_name03|season_s2_temperature_status_name04|season_s2_temperature_status_name05,0,19,9.5,season_s2_temperature_status_name03,season_s2_temperature_status_name04,season_s2_temperature_status_name05,Assets/Main/Sprites/UI/UISeason/UISeason2/icon/FX_S2saiji_huolu_icon_close.png,Assets/Main/Sprites/UI/UISeason/UISeason2/icon/FX_S2saiji_huolu_icon.png,Assets/Main/Sprites/UI/UISeason/UISeason2/icon/FX_S2saiji_huolu_icon_guozai.png
429,3,400,29,Assets/Main/Sprites/UI/UISeason/UISeason2/FX_wendubuff_icon06.png,season_s2_temperature_name400,season_s2_temperature_desc400,,season_s2_temperature_status_name03|season_s2_temperature_status_name04|season_s2_temperature_status_name05,0,19.5,9.5,season_s2_temperature_status_name03,season_s2_temperature_status_name04,season_s2_temperature_status_name05,Assets/Main/Sprites/UI/UISeason/UISeason2/icon/FX_S2saiji_huolu_icon_close.png,Assets/Main/Sprites/UI/UISeason/UISeason2/icon/FX_S2saiji_huolu_icon.png,Assets/Main/Sprites/UI/UISeason/UISeason2/icon/FX_S2saiji_huolu_icon_guozai.png
430,3,400,30,Assets/Main/Sprites/UI/UISeason/UISeason2/FX_wendubuff_icon06.png,season_s2_temperature_name400,season_s2_temperature_desc400,,season_s2_temperature_status_name03|season_s2_temperature_status_name04|season_s2_temperature_status_name05,0,20,10,season_s2_temperature_status_name03,season_s2_temperature_status_name04,season_s2_temperature_status_name05,Assets/Main/Sprites/UI/UISeason/UISeason2/icon/FX_S2saiji_huolu_icon_close.png,Assets/Main/Sprites/UI/UISeason/UISeason2/icon/FX_S2saiji_huolu_icon.png,Assets/Main/Sprites/UI/UISeason/UISeason2/icon/FX_S2saiji_huolu_icon_guozai.png
500,4,500,0,Assets/Main/Sprites/UI/UISeason/UISeason2/FX_wendubuff_icon05.png,season_s2_temperature_name500,season_s2_temperature_desc500,,season_s2_temperature_status_name03|season_s2_temperature_status_name04|season_s2_temperature_status_name05,0,0,0,season_s2_temperature_status_name03,season_s2_temperature_status_name04,season_s2_temperature_status_name05,Assets/Main/Sprites/UI/UISeason/UISeason2/icon/FX_S2saiji_huolu_icon_close.png,Assets/Main/Sprites/UI/UISeason/UISeason2/icon/FX_S2saiji_huolu_icon.png,Assets/Main/Sprites/UI/UISeason/UISeason2/icon/FX_S2saiji_huolu_icon_guozai.png
501,4,500,1,Assets/Main/Sprites/UI/UISeason/UISeason2/FX_wendubuff_icon05.png,season_s2_temperature_name500,season_s2_temperature_desc500,,season_s2_temperature_status_name03|season_s2_temperature_status_name04|season_s2_temperature_status_name05,0,3,3,season_s2_temperature_status_name03,season_s2_temperature_status_name04,season_s2_temperature_status_name05,Assets/Main/Sprites/UI/UISeason/UISeason2/icon/FX_S2saiji_huolu_icon_close.png,Assets/Main/Sprites/UI/UISeason/UISeason2/icon/FX_S2saiji_huolu_icon.png,Assets/Main/Sprites/UI/UISeason/UISeason2/icon/FX_S2saiji_huolu_icon_guozai.png
502,4,500,2,Assets/Main/Sprites/UI/UISeason/UISeason2/FX_wendubuff_icon05.png,season_s2_temperature_name500,season_s2_temperature_desc500,,season_s2_temperature_status_name03|season_s2_temperature_status_name04|season_s2_temperature_status_name05,0,3.5,3.5,season_s2_temperature_status_name03,season_s2_temperature_status_name04,season_s2_temperature_status_name05,Assets/Main/Sprites/UI/UISeason/UISeason2/icon/FX_S2saiji_huolu_icon_close.png,Assets/Main/Sprites/UI/UISeason/UISeason2/icon/FX_S2saiji_huolu_icon.png,Assets/Main/Sprites/UI/UISeason/UISeason2/icon/FX_S2saiji_huolu_icon_guozai.png
503,4,500,3,Assets/Main/Sprites/UI/UISeason/UISeason2/FX_wendubuff_icon05.png,season_s2_temperature_name500,season_s2_temperature_desc500,,season_s2_temperature_status_name03|season_s2_temperature_status_name04|season_s2_temperature_status_name05,0,4,4,season_s2_temperature_status_name03,season_s2_temperature_status_name04,season_s2_temperature_status_name05,Assets/Main/Sprites/UI/UISeason/UISeason2/icon/FX_S2saiji_huolu_icon_close.png,Assets/Main/Sprites/UI/UISeason/UISeason2/icon/FX_S2saiji_huolu_icon.png,Assets/Main/Sprites/UI/UISeason/UISeason2/icon/FX_S2saiji_huolu_icon_guozai.png
504,4,500,4,Assets/Main/Sprites/UI/UISeason/UISeason2/FX_wendubuff_icon05.png,season_s2_temperature_name500,season_s2_temperature_desc500,,season_s2_temperature_status_name03|season_s2_temperature_status_name04|season_s2_temperature_status_name05,0,4.5,4.5,season_s2_temperature_status_name03,season_s2_temperature_status_name04,season_s2_temperature_status_name05,Assets/Main/Sprites/UI/UISeason/UISeason2/icon/FX_S2saiji_huolu_icon_close.png,Assets/Main/Sprites/UI/UISeason/UISeason2/icon/FX_S2saiji_huolu_icon.png,Assets/Main/Sprites/UI/UISeason/UISeason2/icon/FX_S2saiji_huolu_icon_guozai.png
505,4,500,5,Assets/Main/Sprites/UI/UISeason/UISeason2/FX_wendubuff_icon05.png,season_s2_temperature_name500,season_s2_temperature_desc500,,season_s2_temperature_status_name03|season_s2_temperature_status_name04|season_s2_temperature_status_name05,0,5,5,season_s2_temperature_status_name03,season_s2_temperature_status_name04,season_s2_temperature_status_name05,Assets/Main/Sprites/UI/UISeason/UISeason2/icon/FX_S2saiji_huolu_icon_close.png,Assets/Main/Sprites/UI/UISeason/UISeason2/icon/FX_S2saiji_huolu_icon.png,Assets/Main/Sprites/UI/UISeason/UISeason2/icon/FX_S2saiji_huolu_icon_guozai.png
506,4,500,6,Assets/Main/Sprites/UI/UISeason/UISeason2/FX_wendubuff_icon05.png,season_s2_temperature_name500,season_s2_temperature_desc500,,season_s2_temperature_status_name03|season_s2_temperature_status_name04|season_s2_temperature_status_name05,0,5.5,5.5,season_s2_temperature_status_name03,season_s2_temperature_status_name04,season_s2_temperature_status_name05,Assets/Main/Sprites/UI/UISeason/UISeason2/icon/FX_S2saiji_huolu_icon_close.png,Assets/Main/Sprites/UI/UISeason/UISeason2/icon/FX_S2saiji_huolu_icon.png,Assets/Main/Sprites/UI/UISeason/UISeason2/icon/FX_S2saiji_huolu_icon_guozai.png
507,4,500,7,Assets/Main/Sprites/UI/UISeason/UISeason2/FX_wendubuff_icon05.png,season_s2_temperature_name500,season_s2_temperature_desc500,,season_s2_temperature_status_name03|season_s2_temperature_status_name04|season_s2_temperature_status_name05,0,6,6,season_s2_temperature_status_name03,season_s2_temperature_status_name04,season_s2_temperature_status_name05,Assets/Main/Sprites/UI/UISeason/UISeason2/icon/FX_S2saiji_huolu_icon_close.png,Assets/Main/Sprites/UI/UISeason/UISeason2/icon/FX_S2saiji_huolu_icon.png,Assets/Main/Sprites/UI/UISeason/UISeason2/icon/FX_S2saiji_huolu_icon_guozai.png
508,4,500,8,Assets/Main/Sprites/UI/UISeason/UISeason2/FX_wendubuff_icon05.png,season_s2_temperature_name500,season_s2_temperature_desc500,,season_s2_temperature_status_name03|season_s2_temperature_status_name04|season_s2_temperature_status_name05,0,6.5,6.5,season_s2_temperature_status_name03,season_s2_temperature_status_name04,season_s2_temperature_status_name05,Assets/Main/Sprites/UI/UISeason/UISeason2/icon/FX_S2saiji_huolu_icon_close.png,Assets/Main/Sprites/UI/UISeason/UISeason2/icon/FX_S2saiji_huolu_icon.png,Assets/Main/Sprites/UI/UISeason/UISeason2/icon/FX_S2saiji_huolu_icon_guozai.png
509,4,500,9,Assets/Main/Sprites/UI/UISeason/UISeason2/FX_wendubuff_icon05.png,season_s2_temperature_name500,season_s2_temperature_desc500,,season_s2_temperature_status_name03|season_s2_temperature_status_name04|season_s2_temperature_status_name05,0,7,7,season_s2_temperature_status_name03,season_s2_temperature_status_name04,season_s2_temperature_status_name05,Assets/Main/Sprites/UI/UISeason/UISeason2/icon/FX_S2saiji_huolu_icon_close.png,Assets/Main/Sprites/UI/UISeason/UISeason2/icon/FX_S2saiji_huolu_icon.png,Assets/Main/Sprites/UI/UISeason/UISeason2/icon/FX_S2saiji_huolu_icon_guozai.png
510,4,500,10,Assets/Main/Sprites/UI/UISeason/UISeason2/FX_wendubuff_icon05.png,season_s2_temperature_name500,season_s2_temperature_desc500,,season_s2_temperature_status_name03|season_s2_temperature_status_name04|season_s2_temperature_status_name05,0,7.5,7.5,season_s2_temperature_status_name03,season_s2_temperature_status_name04,season_s2_temperature_status_name05,Assets/Main/Sprites/UI/UISeason/UISeason2/icon/FX_S2saiji_huolu_icon_close.png,Assets/Main/Sprites/UI/UISeason/UISeason2/icon/FX_S2saiji_huolu_icon.png,Assets/Main/Sprites/UI/UISeason/UISeason2/icon/FX_S2saiji_huolu_icon_guozai.png
511,4,500,11,Assets/Main/Sprites/UI/UISeason/UISeason2/FX_wendubuff_icon05.png,season_s2_temperature_name500,season_s2_temperature_desc500,,season_s2_temperature_status_name03|season_s2_temperature_status_name04|season_s2_temperature_status_name05,0,8,8,season_s2_temperature_status_name03,season_s2_temperature_status_name04,season_s2_temperature_status_name05,Assets/Main/Sprites/UI/UISeason/UISeason2/icon/FX_S2saiji_huolu_icon_close.png,Assets/Main/Sprites/UI/UISeason/UISeason2/icon/FX_S2saiji_huolu_icon.png,Assets/Main/Sprites/UI/UISeason/UISeason2/icon/FX_S2saiji_huolu_icon_guozai.png
512,4,500,12,Assets/Main/Sprites/UI/UISeason/UISeason2/FX_wendubuff_icon05.png,season_s2_temperature_name500,season_s2_temperature_desc500,,season_s2_temperature_status_name03|season_s2_temperature_status_name04|season_s2_temperature_status_name05,0,8.5,8.5,season_s2_temperature_status_name03,season_s2_temperature_status_name04,season_s2_temperature_status_name05,Assets/Main/Sprites/UI/UISeason/UISeason2/icon/FX_S2saiji_huolu_icon_close.png,Assets/Main/Sprites/UI/UISeason/UISeason2/icon/FX_S2saiji_huolu_icon.png,Assets/Main/Sprites/UI/UISeason/UISeason2/icon/FX_S2saiji_huolu_icon_guozai.png
513,4,500,13,Assets/Main/Sprites/UI/UISeason/UISeason2/FX_wendubuff_icon05.png,season_s2_temperature_name500,season_s2_temperature_desc500,,season_s2_temperature_status_name03|season_s2_temperature_status_name04|season_s2_temperature_status_name05,0,9,9,season_s2_temperature_status_name03,season_s2_temperature_status_name04,season_s2_temperature_status_name05,Assets/Main/Sprites/UI/UISeason/UISeason2/icon/FX_S2saiji_huolu_icon_close.png,Assets/Main/Sprites/UI/UISeason/UISeason2/icon/FX_S2saiji_huolu_icon.png,Assets/Main/Sprites/UI/UISeason/UISeason2/icon/FX_S2saiji_huolu_icon_guozai.png
514,4,500,14,Assets/Main/Sprites/UI/UISeason/UISeason2/FX_wendubuff_icon05.png,season_s2_temperature_name500,season_s2_temperature_desc500,,season_s2_temperature_status_name03|season_s2_temperature_status_name04|season_s2_temperature_status_name05,0,9.5,9.5,season_s2_temperature_status_name03,season_s2_temperature_status_name04,season_s2_temperature_status_name05,Assets/Main/Sprites/UI/UISeason/UISeason2/icon/FX_S2saiji_huolu_icon_close.png,Assets/Main/Sprites/UI/UISeason/UISeason2/icon/FX_S2saiji_huolu_icon.png,Assets/Main/Sprites/UI/UISeason/UISeason2/icon/FX_S2saiji_huolu_icon_guozai.png
515,4,500,15,Assets/Main/Sprites/UI/UISeason/UISeason2/FX_wendubuff_icon05.png,season_s2_temperature_name500,season_s2_temperature_desc500,,season_s2_temperature_status_name03|season_s2_temperature_status_name04|season_s2_temperature_status_name05,0,10,10,season_s2_temperature_status_name03,season_s2_temperature_status_name04,season_s2_temperature_status_name05,Assets/Main/Sprites/UI/UISeason/UISeason2/icon/FX_S2saiji_huolu_icon_close.png,Assets/Main/Sprites/UI/UISeason/UISeason2/icon/FX_S2saiji_huolu_icon.png,Assets/Main/Sprites/UI/UISeason/UISeason2/icon/FX_S2saiji_huolu_icon_guozai.png
516,4,500,16,Assets/Main/Sprites/UI/UISeason/UISeason2/FX_wendubuff_icon05.png,season_s2_temperature_name500,season_s2_temperature_desc500,,season_s2_temperature_status_name03|season_s2_temperature_status_name04|season_s2_temperature_status_name05,0,10.5,10.5,season_s2_temperature_status_name03,season_s2_temperature_status_name04,season_s2_temperature_status_name05,Assets/Main/Sprites/UI/UISeason/UISeason2/icon/FX_S2saiji_huolu_icon_close.png,Assets/Main/Sprites/UI/UISeason/UISeason2/icon/FX_S2saiji_huolu_icon.png,Assets/Main/Sprites/UI/UISeason/UISeason2/icon/FX_S2saiji_huolu_icon_guozai.png
517,4,500,17,Assets/Main/Sprites/UI/UISeason/UISeason2/FX_wendubuff_icon05.png,season_s2_temperature_name500,season_s2_temperature_desc500,,season_s2_temperature_status_name03|season_s2_temperature_status_name04|season_s2_temperature_status_name05,0,11,11,season_s2_temperature_status_name03,season_s2_temperature_status_name04,season_s2_temperature_status_name05,Assets/Main/Sprites/UI/UISeason/UISeason2/icon/FX_S2saiji_huolu_icon_close.png,Assets/Main/Sprites/UI/UISeason/UISeason2/icon/FX_S2saiji_huolu_icon.png,Assets/Main/Sprites/UI/UISeason/UISeason2/icon/FX_S2saiji_huolu_icon_guozai.png
518,4,500,18,Assets/Main/Sprites/UI/UISeason/UISeason2/FX_wendubuff_icon05.png,season_s2_temperature_name500,season_s2_temperature_desc500,,season_s2_temperature_status_name03|season_s2_temperature_status_name04|season_s2_temperature_status_name05,0,11.5,11.5,season_s2_temperature_status_name03,season_s2_temperature_status_name04,season_s2_temperature_status_name05,Assets/Main/Sprites/UI/UISeason/UISeason2/icon/FX_S2saiji_huolu_icon_close.png,Assets/Main/Sprites/UI/UISeason/UISeason2/icon/FX_S2saiji_huolu_icon.png,Assets/Main/Sprites/UI/UISeason/UISeason2/icon/FX_S2saiji_huolu_icon_guozai.png
519,4,500,19,Assets/Main/Sprites/UI/UISeason/UISeason2/FX_wendubuff_icon05.png,season_s2_temperature_name500,season_s2_temperature_desc500,,season_s2_temperature_status_name03|season_s2_temperature_status_name04|season_s2_temperature_status_name05,0,12,12,season_s2_temperature_status_name03,season_s2_temperature_status_name04,season_s2_temperature_status_name05,Assets/Main/Sprites/UI/UISeason/UISeason2/icon/FX_S2saiji_huolu_icon_close.png,Assets/Main/Sprites/UI/UISeason/UISeason2/icon/FX_S2saiji_huolu_icon.png,Assets/Main/Sprites/UI/UISeason/UISeason2/icon/FX_S2saiji_huolu_icon_guozai.png
520,4,500,20,Assets/Main/Sprites/UI/UISeason/UISeason2/FX_wendubuff_icon05.png,season_s2_temperature_name500,season_s2_temperature_desc500,,season_s2_temperature_status_name03|season_s2_temperature_status_name04|season_s2_temperature_status_name05,0,12.5,12.5,season_s2_temperature_status_name03,season_s2_temperature_status_name04,season_s2_temperature_status_name05,Assets/Main/Sprites/UI/UISeason/UISeason2/icon/FX_S2saiji_huolu_icon_close.png,Assets/Main/Sprites/UI/UISeason/UISeason2/icon/FX_S2saiji_huolu_icon.png,Assets/Main/Sprites/UI/UISeason/UISeason2/icon/FX_S2saiji_huolu_icon_guozai.png
600,5,600,0,Assets/Main/Sprites/UI/UISeason/UISeason2/FX_wendubuff_icon07.png,season_s2_temperature_name600,season_s2_temperature_desc600,,season_s2_temperature_status_name06||,0,,0,season_s2_temperature_status_name06,,,Assets/Main/Sprites/UI/UISeason/UISeason2/icon/FX_S2saiji_ranshaodan.png,,
601,5,600,1,Assets/Main/Sprites/UI/UISeason/UISeason2/FX_wendubuff_icon07.png,season_s2_temperature_name600,season_s2_temperature_desc600,,season_s2_temperature_status_name06||,10,,0,season_s2_temperature_status_name06,,,Assets/Main/Sprites/UI/UISeason/UISeason2/icon/FX_S2saiji_ranshaodan.png,,
602,5,600,2,Assets/Main/Sprites/UI/UISeason/UISeason2/FX_wendubuff_icon07.png,season_s2_temperature_name600,season_s2_temperature_desc600,,season_s2_temperature_status_name06||,25,,0,season_s2_temperature_status_name06,,,Assets/Main/Sprites/UI/UISeason/UISeason2/icon/FX_S2saiji_ranshaodan.png,,
603,5,600,3,Assets/Main/Sprites/UI/UISeason/UISeason2/FX_wendubuff_icon07.png,season_s2_temperature_name600,season_s2_temperature_desc600,,season_s2_temperature_status_name06||,45,,0,season_s2_temperature_status_name06,,,Assets/Main/Sprites/UI/UISeason/UISeason2/icon/FX_S2saiji_ranshaodan.png,,
604,5,600,4,Assets/Main/Sprites/UI/UISeason/UISeason2/FX_wendubuff_icon07.png,season_s2_temperature_name600,season_s2_temperature_desc600,,season_s2_temperature_status_name06||,10,,0,season_s2_temperature_status_name06,,,Assets/Main/Sprites/UI/UISeason/UISeason2/icon/FX_S2saiji_ranshaodan.png,,
605,5,600,5,Assets/Main/Sprites/UI/UISeason/UISeason2/FX_wendubuff_icon07.png,season_s2_temperature_name600,season_s2_temperature_desc600,,season_s2_temperature_status_name06||,10,,0,season_s2_temperature_status_name06,,,Assets/Main/Sprites/UI/UISeason/UISeason2/icon/FX_S2saiji_ranshaodan.png,,
606,5,600,6,Assets/Main/Sprites/UI/UISeason/UISeason2/FX_wendubuff_icon07.png,season_s2_temperature_name600,season_s2_temperature_desc600,,season_s2_temperature_status_name06||,10,,0,season_s2_temperature_status_name06,,,Assets/Main/Sprites/UI/UISeason/UISeason2/icon/FX_S2saiji_ranshaodan.png,,
607,5,600,7,Assets/Main/Sprites/UI/UISeason/UISeason2/FX_wendubuff_icon07.png,season_s2_temperature_name600,season_s2_temperature_desc600,,season_s2_temperature_status_name06||,10,,0,season_s2_temperature_status_name06,,,Assets/Main/Sprites/UI/UISeason/UISeason2/icon/FX_S2saiji_ranshaodan.png,,
608,5,600,8,Assets/Main/Sprites/UI/UISeason/UISeason2/FX_wendubuff_icon07.png,season_s2_temperature_name600,season_s2_temperature_desc600,,season_s2_temperature_status_name06||,10,,0,season_s2_temperature_status_name06,,,Assets/Main/Sprites/UI/UISeason/UISeason2/icon/FX_S2saiji_ranshaodan.png,,
609,5,600,9,Assets/Main/Sprites/UI/UISeason/UISeason2/FX_wendubuff_icon07.png,season_s2_temperature_name600,season_s2_temperature_desc600,,season_s2_temperature_status_name06||,10,,0,season_s2_temperature_status_name06,,,Assets/Main/Sprites/UI/UISeason/UISeason2/icon/FX_S2saiji_ranshaodan.png,,
610,5,600,10,Assets/Main/Sprites/UI/UISeason/UISeason2/FX_wendubuff_icon07.png,season_s2_temperature_name600,season_s2_temperature_desc600,,season_s2_temperature_status_name06||,10,,0,season_s2_temperature_status_name06,,,Assets/Main/Sprites/UI/UISeason/UISeason2/icon/FX_S2saiji_ranshaodan.png,,
700,5,700,0,Assets/Main/Sprites/UI/UISeason/UISeason2/FX_wendubuff_icon08.png,season_s2_temperature_name700,season_s2_temperature_desc700,,season_s2_temperature_status_name06||,0,,0,season_s2_temperature_status_name07,,,Assets/Main/Sprites/UI/UISeason/UISeason2/icon/FX_S2saiji_hanbingdan.png,,
701,5,700,1,Assets/Main/Sprites/UI/UISeason/UISeason2/FX_wendubuff_icon08.png,season_s2_temperature_name700,season_s2_temperature_desc700,,season_s2_temperature_status_name06||,-5,,0,season_s2_temperature_status_name07,,,Assets/Main/Sprites/UI/UISeason/UISeason2/icon/FX_S2saiji_hanbingdan.png,,
702,5,700,2,Assets/Main/Sprites/UI/UISeason/UISeason2/FX_wendubuff_icon08.png,season_s2_temperature_name700,season_s2_temperature_desc700,,season_s2_temperature_status_name06||,-10,,0,season_s2_temperature_status_name07,,,Assets/Main/Sprites/UI/UISeason/UISeason2/icon/FX_S2saiji_hanbingdan.png,,
703,5,700,3,Assets/Main/Sprites/UI/UISeason/UISeason2/FX_wendubuff_icon08.png,season_s2_temperature_name700,season_s2_temperature_desc700,,season_s2_temperature_status_name06||,-20,,0,season_s2_temperature_status_name07,,,Assets/Main/Sprites/UI/UISeason/UISeason2/icon/FX_S2saiji_hanbingdan.png,,
704,5,700,4,Assets/Main/Sprites/UI/UISeason/UISeason2/FX_wendubuff_icon08.png,season_s2_temperature_name700,season_s2_temperature_desc700,,season_s2_temperature_status_name06||,-15,,0,season_s2_temperature_status_name07,,,Assets/Main/Sprites/UI/UISeason/UISeason2/icon/FX_S2saiji_hanbingdan.png,,
705,5,700,5,Assets/Main/Sprites/UI/UISeason/UISeason2/FX_wendubuff_icon08.png,season_s2_temperature_name700,season_s2_temperature_desc700,,season_s2_temperature_status_name06||,-15,,0,season_s2_temperature_status_name07,,,Assets/Main/Sprites/UI/UISeason/UISeason2/icon/FX_S2saiji_hanbingdan.png,,
706,5,700,6,Assets/Main/Sprites/UI/UISeason/UISeason2/FX_wendubuff_icon08.png,season_s2_temperature_name700,season_s2_temperature_desc700,,season_s2_temperature_status_name06||,-15,,0,season_s2_temperature_status_name07,,,Assets/Main/Sprites/UI/UISeason/UISeason2/icon/FX_S2saiji_hanbingdan.png,,
707,5,700,7,Assets/Main/Sprites/UI/UISeason/UISeason2/FX_wendubuff_icon08.png,season_s2_temperature_name700,season_s2_temperature_desc700,,season_s2_temperature_status_name06||,-15,,0,season_s2_temperature_status_name07,,,Assets/Main/Sprites/UI/UISeason/UISeason2/icon/FX_S2saiji_hanbingdan.png,,
708,5,700,8,Assets/Main/Sprites/UI/UISeason/UISeason2/FX_wendubuff_icon08.png,season_s2_temperature_name700,season_s2_temperature_desc700,,season_s2_temperature_status_name06||,-15,,0,season_s2_temperature_status_name07,,,Assets/Main/Sprites/UI/UISeason/UISeason2/icon/FX_S2saiji_hanbingdan.png,,
709,5,700,9,Assets/Main/Sprites/UI/UISeason/UISeason2/FX_wendubuff_icon08.png,season_s2_temperature_name700,season_s2_temperature_desc700,,season_s2_temperature_status_name06||,-15,,0,season_s2_temperature_status_name07,,,Assets/Main/Sprites/UI/UISeason/UISeason2/icon/FX_S2saiji_hanbingdan.png,,
710,5,700,10,Assets/Main/Sprites/UI/UISeason/UISeason2/FX_wendubuff_icon08.png,season_s2_temperature_name700,season_s2_temperature_desc700,,season_s2_temperature_status_name06||,-15,,0,season_s2_temperature_status_name07,,,Assets/Main/Sprites/UI/UISeason/UISeason2/icon/FX_S2saiji_hanbingdan.png,,
800,0,800,7,Assets/Main/Sprites/UI/UISeason/UISeason2/FX_wendubuff_icon04.png,season_s2_temperature_name800,season_s2_temperature_desc800,,season_s2_temperature_status_name07||,11,,0,season_s2_temperature_status_name08,,,Assets/Main/Sprites/UI/UISeason/UISeason2/icon/FX_S2saiji_hefanying_icon_fire.png,,
900,6,900,0,Assets/Main/Sprites/BuildIconOutCity/UI_building_103515000.png,season_s2_temperature_name900,season_s2_temperature_desc900,,season_s2_temperature_status_name04||,3,,0,season_s2_temperature_status_name04,,,Assets/Main/Sprites/BuildIconOutCity/UI_building_103515000.png,,
901,6,900,1,Assets/Main/Sprites/BuildIconOutCity/UI_building_103515000.png,season_s2_temperature_name900,season_s2_temperature_desc900,,season_s2_temperature_status_name04||,3,,0,season_s2_temperature_status_name04,,,Assets/Main/Sprites/BuildIconOutCity/UI_building_103515000.png,,
902,6,900,2,Assets/Main/Sprites/BuildIconOutCity/UI_building_103515000.png,season_s2_temperature_name900,season_s2_temperature_desc900,,season_s2_temperature_status_name04||,4,,0,season_s2_temperature_status_name04,,,Assets/Main/Sprites/BuildIconOutCity/UI_building_103515000.png,,
903,6,900,3,Assets/Main/Sprites/BuildIconOutCity/UI_building_103515000.png,season_s2_temperature_name900,season_s2_temperature_desc900,,season_s2_temperature_status_name04||,5,,0,season_s2_temperature_status_name04,,,Assets/Main/Sprites/BuildIconOutCity/UI_building_103515000.png,,
904,6,900,4,Assets/Main/Sprites/BuildIconOutCity/UI_building_103515000.png,season_s2_temperature_name900,season_s2_temperature_desc900,,season_s2_temperature_status_name04||,5,,0,season_s2_temperature_status_name04,,,Assets/Main/Sprites/BuildIconOutCity/UI_building_103515000.png,,
905,6,900,5,Assets/Main/Sprites/BuildIconOutCity/UI_building_103515000.png,season_s2_temperature_name900,season_s2_temperature_desc900,,season_s2_temperature_status_name04||,5,,0,season_s2_temperature_status_name04,,,Assets/Main/Sprites/BuildIconOutCity/UI_building_103515000.png,,
906,6,900,6,Assets/Main/Sprites/BuildIconOutCity/UI_building_103515000.png,season_s2_temperature_name900,season_s2_temperature_desc900,,season_s2_temperature_status_name04||,5,,0,season_s2_temperature_status_name04,,,Assets/Main/Sprites/BuildIconOutCity/UI_building_103515000.png,,
907,6,900,7,Assets/Main/Sprites/BuildIconOutCity/UI_building_103515000.png,season_s2_temperature_name900,season_s2_temperature_desc900,,season_s2_temperature_status_name04||,5,,0,season_s2_temperature_status_name04,,,Assets/Main/Sprites/BuildIconOutCity/UI_building_103515000.png,,
