id,name,desc,condition,condition_para,reward,reward_show
1,new_city_activity_battle_stars1001,new_city_activity_battle_stars1101,1,1000,109001401,200211;7;20
2,new_city_activity_battle_stars1002,new_city_activity_battle_stars1102,2,3,109001402,200211;7;20
3,new_city_activity_battle_stars1003,new_city_activity_battle_stars1103,3,1000,109001403,200211;7;20
4,new_city_activity_battle_stars1004,new_city_activity_battle_stars1104,4,2,109001404,200211;7;20
5,new_city_activity_battle_stars1005,new_city_activity_battle_stars1105,5,4,109001405,200211;7;20
6,new_city_activity_battle_stars1006,new_city_activity_battle_stars1106,6,5,109001401,200211;7;20
7,new_city_activity_battle_stars1006,new_city_activity_battle_stars1106,6,5,109001402,200211;7;25
8,new_city_activity_battle_stars1006,new_city_activity_battle_stars1106,6,5,109001403,200211;7;30
9,new_city_activity_battle_stars1006,new_city_activity_battle_stars1106,6,5,109001404,200211;7;35
10,new_city_activity_battle_stars1006,new_city_activity_battle_stars1106,6,5,109001405,200211;7;40
11,new_city_activity_battle_stars1006,new_city_activity_battle_stars1106,6,5,109001406,200211;7;50
