id,key,ui_name,ui_para,tips,switch
1,100275,UIHeroListPanel,,390994,0
2,393081|129046,UILWAlMain,,900531,0
3,100025,UILWScienceMain,,390994,0
4,100598,UIDetectEvent,,390994,0
5,2000135,LWBuyDiamond,WeekCard,120080,1
6,100522,UILWResourceInfo,14,390994,0
7,100021|900530,UILWResourceInfo,1,390994,0
8,100014,UILWResourceInfo,2,390994,0
9,280039,UISettingAccount,,390994,1
10,430701,UIEquipMainPanel,,390994,1
11,110021,UIHeroRecruit,,390994,0
12,900528|900532|900533,UIAllianceMemberDetail,,900531,1
13,2000148,LWBuyDiamond,MonthCard,120080,1
14,2000093,LWBuyDiamond,DiamondShop,120080,1
15,153426|900538,UIHeroListPanel,40006,390994,1
16,153427|900541,UIHeroListPanel,40007,390994,1
17,153428|900543,UIHeroListPanel,40008,390994,1
18,153429|900544,UIHeroListPanel,40009,390994,1
19,153430|900537,UIHeroListPanel,40010,390994,1
20,153431|900559,UIHeroListPanel,40011,390994,1
21,153432|900539,UIHeroListPanel,40012,390994,1
22,153433|900540,UIHeroListPanel,40013,390994,1
23,900564|153434,UIHeroListPanel,40014,390994,1
24,153435|900547,UIHeroListPanel,40015,390994,1
25,153436|900542,UIHeroListPanel,40016,390994,1
26,153437|900536,UIHeroListPanel,40017,390994,1
27,153438|900545,UIHeroListPanel,40018,390994,1
28,153439|900546,UIHeroListPanel,40019,390994,1
29,153440|900548,UIHeroListPanel,50006,390994,1
30,153441|900549,UIHeroListPanel,50007,390994,1
31,153442|900552,UIHeroListPanel,50008,390994,1
32,153443|900557,UIHeroListPanel,50009,390994,1
33,153450|900551,UIHeroListPanel,50010,390994,1
34,153445|900550,UIHeroListPanel,50011,390994,1
35,153446|900554,UIHeroListPanel,50012,390994,1
36,153447|900553,UIHeroListPanel,50013,390994,1
37,153448|900556,UIHeroListPanel,50014,390994,1
38,153449|900555,UIHeroListPanel,50015,390994,1
39,900565|153444,UIHeroListPanel,50016,390994,1
40,900566|153451,UIHeroListPanel,50017,390994,1
41,153452|900558,UIHeroListPanel,50018,390994,1
