id,name,cross,pay,clear_rules,add_exp,show,show_condition,show_condition_server,day_limit,ep_gift,convert_item,activity_id,activity_item,activity_send_id,activity_send_item,icon_small,icon_mid,icon_big,ea,effect_id,sound_id,group_id,group_icon,model,group_model,group_sound,group_effect,num_send_country,group_pic
990001,暖阳花,1,0,1,1,1,,0,-1,0,980001,,,,,zyf_liwu_xiaohonghua_small,zyf_liwu_xiaohonghua_mid,zyf_liwu_xiaohonghua_big,0,,,1|10|20|50|100,zyf_songliwu_hua1|zyf_songliwu_hua2|zyf_songliwu_hua3|zyf_songliwu_hua4|zyf_songliwu_hua5,,|A_build_liwuxiaohua_01_zs|A_build_liwuxiaohua_02_zs|A_build_liwuxiaohua_03_zs|A_build_liwuxiaohua_04_zs,|100001|100002|100003|100004,|liwuxiaohua_01_timeline|liwuxiaohua_02_timeline|liwuxiaohua_03_timeline|liwuxiaohua_04_timeline,100,zyf_liwu_xiaohonghua_big|wxy_liwu_xiaohua_big|wxy_liwu_sanhua_big|wxy_liwu_zhonghua_big|wxy_liwu_dahua_big
990002,巧克力,0,1,1,1,1,,0,1000,0,980002,99137,991001;1,99136|99137,991008;10|991001;2,zyf_liwu_qiaokeli_small,zyf_liwu_qiaokeli_mid,zyf_liwu_qiaokeli_big,0,,,,,,,,,,
990003,火箭,1,1,3,500,1,,0,300,1,980003,,,,,zyf_liwu_huojian_small,zyf_liwu_huojian_mid,zyf_liwu_huojian_big,0,qingrenjiehuojian_timeline,100000,,,A_build_qingrenjiehuojian_zs,,,,,
990004,玫瑰花,1,1,1,50,0,,0,1000,0,980004,,,,,zyf_liwu_meigui_small,zyf_liwu_meigui_mid,zyf_liwu_meigui_big,1,,,,,,,,,,
990005,蓝色头盔,1,1,1,50,0,,0,1000,0,980005,,,,,zyf_liwu_xiaolanmao_small,zyf_liwu_xiaolanmao_mid,zyf_liwu_xiaolanmao_big,1,,,,,,,,,,
990006,生日蛋糕,1,1,1,100,0,,0,1000,0,980006,,,,,zyf_liwu_dangao_small,zyf_liwu_dangao_mid,zyf_liwu_dangao_big,1,,,,,,,,,,
990007,贝宝玩偶,1,1,1,200,0,,0,1000,0,980007,,,,,zyf_liwu_beibaowanou_small,zyf_liwu_beibaowanou_middle,zyf_liwu_beibaowanou_big,1,,,,,,,,,,
990008,挖掘机,1,1,1,200,0,,0,1000,0,980008,,,,,zyf_liwu_wajueji_small,zyf_liwu_wajueji_mid,zyf_liwu_wajueji_big,1,,,,,,,,,,
990009,跑车,1,1,3,500,1,,0,300,1,980009,,,,,wxy_liwu_paoche_small,wxy_liwu_paoche_middle,wxy_liwu_paoche_big,0,paocheliwu_timeline,100005,,,A_build_liwupaoche_01_zs,,,,,
990010,红茶,1,0,1,1,1,4|1|1,1445,1000,0,980010,,,,,zyf_liwu_chabei_small,zyf_liwu_chabei_mid,zyf_liwu_chabei_big,0,,,,,,,,,,
990011,皇冠,1,1,3,500,1,,0,300,1,980011,,,,,zyf_liwu_wangguan_small,zyf_liwu_wangguan_mid,zyf_liwu_wangguan_big,0,liwuwangguan_timeline,100006,,,A_build_wanggua_zs,,,,,
990012,怀表,1,0,1,1,1,5|1|1|1|56,1445,1000,0,980012,,,,,zyf_liwu_huaibiao_small,zyf_liwu_huaibiao_mid,zyf_liwu_huaibiao_big,0,,,,,,,,,,
990013,牛仔帽,1,0,1,1,1,4|5|1,0,1000,0,980013,,,,,zyf_liwu_S5maozi_small,zyf_liwu_S5maozi_mid,zyf_liwu_S5maozi_big,0,,,,,,,,,,
990014,左轮手枪,1,0,1,1,1,4|5|1,0,1000,0,980014,,,,,zyf_liwu_S5shouqiang_small,zyf_liwu_S5shouqiang_mid,zyf_liwu_S5shouqiang_big,0,,,,,,,,,,
992010,金音符,1,1,1,1,1,,0,1000,0,982010,,,,,zyf_liwu_yinfu_small,zyf_liwu_yinfu_mid,zyf_liwu_yinfu_big,0,,,,,,,,,,
