id,name,pic,desc
1,150086,haero_tag_maintenance,150142
2,110015,hero_tag_build,150143
3,130061,hero_tag_training,150144
4,150089,hero_tag_motor,150146
5,150090,hero_tag_siege,150148
6,310130,hero_tag_treatment,150151
7,150092,hero_tag_science,150145
8,150093,hero_tag_monster,150147
9,150094,hero_tag_garrison,150149
10,150095,hero_tag_damage,150152
11,150096,hero_tag_auxiliary,150153
12,130066,hero_tag_defense,150154
13,128012,hero_tag_motor,150150
14,161017,hero_tag_outside,161019
15,161018,hero_tag_economy,161034
16,150091,hero_tag_siege,150097
17,100639,hero_tag_soldier,161025
18,100640,hero_tag_tank,161026
19,100641,hero_tag_aircraft,161027
20,161028,hero_tag_motor,161029
21,161031,hero_tag_leader,161032
22,161033,hero_tag_coin,161020
