id,daily_max,desc
1,3,thumbs_up_tip001
2,20,thumbs_up_tip002
3,3,thumbs_up_tip003
4,1,thumbs_up_tip004
5,20,thumbs_up_tip005
6,15,thumbs_up_tip006
7,10,thumbs_up_tip007
8,15,multiply_door_tips_030
9,10,champion_duel_tips1179
10,100,activity_sports_uitips_022
11,20,thumbs_up_tip008
12,10,outfire_tips_like_4
13,10,outfire_tips_like_4
14,1,season_ares_missile_thumbs_up_msg
15,20,zone_war_ui_desc09
16,20,
17,50,thumbs_up_tip009
18,1,alliance_train_036
19,3,activity_breakthrough_tips_35
20,100,like_reason_moment
21,10,season_s3_callback_tips_13
22,10,yuntieBattle_tips_1027
23,1,season_ares_missile_thumbs_up_msg_goddess
24,1,alliance_train_vip031
25,1,alliance_train_vip032
26,10,thumbs_up_allianceStar_mail
27,99,champion_duel_tips1179
28,60,activity_99144_10
29,10,thumbs_up_tip010
30,10,season4_desc25
31,20,season_alliance_photo_tips_32
32,5,season_s4_activity_1200010_desc48
33,15,activity_concert_53
34,5,activity_concert_66
35,10,activity_sports_uitips_022
36,100,alliance_clap_hands_tips_1
37,54,s1_QueenChallenge_like_3
38,5,season_s1_activity1200030_desc14
39,20,zone_war_ui_desc09
40,5,zone_war_ui_desc09
41,10,Desert_strom_tips1088
42,5,alliance_duel_tips11009
43,100,player_birthday_1
44,50,player_birthday_1
45,100,alliance_Congratulations_tips
46,100,halloween_treasure_tips_like_1
47,100,2025halloween_prompt_text7
48,100,2025halloween_prompt_text8
49,100,zombieRush_tips_32
