id,description,level_range,delay_time,rate
1000,121473;welcome_tips_001;welcome_tips_002;welcome_tips_003;welcome_tips_004;welcome_tips_005;welcome_tips_006;welcome_tips_007;welcome_tips_008;welcome_tips_009,1;8,5,100
1001,121473;welcome_tips_003;welcome_tips_004;welcome_tips_005;welcome_tips_006;welcome_tips_007;welcome_tips_008;welcome_tips_009;welcome_tips_010;welcome_tips_011;welcome_tips_012;welcome_tips_013;welcome_tips_014;welcome_tips_015;welcome_tips_016;welcome_tips_017;welcome_tips_018;welcome_tips_019,9;15,5,100
1002,welcome_tips_006;welcome_tips_007;welcome_tips_008;welcome_tips_010;welcome_tips_011;welcome_tips_012;welcome_tips_013;welcome_tips_014;welcome_tips_015;welcome_tips_016;welcome_tips_017;welcome_tips_018;welcome_tips_019;welcome_tips_020;welcome_tips_021;welcome_tips_022;welcome_tips_023;welcome_tips_024;welcome_tips_025;welcome_tips_026,16;20,5,100
1003,welcome_tips_006;welcome_tips_007;welcome_tips_008;welcome_tips_012;welcome_tips_013;welcome_tips_014;welcome_tips_015;welcome_tips_017;welcome_tips_021;welcome_tips_023;welcome_tips_024;welcome_tips_025;welcome_tips_026;welcome_tips_027;welcome_tips_028,21;26,5,100
1004,welcome_tips_030;welcome_tips_029;welcome_tips_028;welcome_tips_027;welcome_tips_013;welcome_tips_007;welcome_tips_008;welcome_tips_006,27;30,5,100
