id,desc,icon,name
1,391067,Assets/Main/Sprites/UI/UILWAlliance/zyf_tongmeng_fumengzhu_xiao.png,391063
2,391068,Assets/Main/Sprites/UI/UILWAlliance/zyf_tongmeng_shengnv_xiao.png,391064
3,391069,Assets/Main/Sprites/UI/UILWAlliance/zyf_tongmeng_zhanshen_xiao.png,391065
4,391070,Assets/Main/Sprites/UI/UILWAlliance/zyf_tongmeng_dashi_xiao.png,391066
5,393029,Assets/Main/Sprites/UI/UILWAlliance/cfm_lianmeng_tubiao_r1.png,393024
6,393030,Assets/Main/Sprites/UI/UILWAlliance/cfm_lianmeng_tubiao_r2.png,393025
7,393031,Assets/Main/Sprites/UI/UILWAlliance/cfm_lianmeng_tubiao_r3.png,393026
8,393032,Assets/Main/Sprites/UI/UILWAlliance/cfm_lianmeng_tubiao_r4.png,393027
9,393033,Assets/Main/Sprites/UI/UILWAlliance/cfm_lianmeng_tubiao_r5.png,393028
