id,type,name,text,push_id,icon,perfab,mail_icon
1,3,100150,alliance_tag_opt_text_1,4100600,UIAlliance_mark_03,Assets/Main/Prefabs/UI/AllianceWorldMark/AllianceWorldMark_3.prefab,UIAlliance_map_mark_03
2,4,alliance_tag_opt_name_3,alliance_tag_opt_text_3,4100600,UIAlliance_mark_04,Assets/Main/Prefabs/UI/AllianceWorldMark/AllianceWorldMark_4.prefab,UIAlliance_map_mark_04
3,5,391107,,4100600,UIAlliance_mark_05,Assets/Main/Prefabs/UI/AllianceWorldMark/AllianceWorldMark_5.prefab,UIAlliance_map_mark_05
4,6,391108,,4100600,UIAlliance_mark_06,Assets/Main/Prefabs/UI/AllianceWorldMark/AllianceWorldMark_6.prefab,UIAlliance_map_mark_06
5,7,391109,,4100600,UIAlliance_mark_07,Assets/Main/Prefabs/UI/AllianceWorldMark/AllianceWorldMark_7.prefab,UIAlliance_map_mark_07
6,8,130066,alliance_tag_opt_text_2,4100600,UIAlliance_mark_08,Assets/Main/Prefabs/UI/AllianceWorldMark/AllianceWorldMark_8.prefab,UIAlliance_map_mark_08
7,9,alliance_tag_opt_name_4,alliance_tag_opt_text_4,4100600,UIAlliance_mark_09,Assets/Main/Prefabs/UI/AllianceWorldMark/AllianceWorldMark_9.prefab,UIAlliance_map_mark_09
8,10,391110,,4100600,UIAlliance_mark_10,Assets/Main/Prefabs/UI/AllianceWorldMark/AllianceWorldMark_10.prefab,UIAlliance_map_mark_10
9,11,391111,,4100600,UIAlliance_mark_11,Assets/Main/Prefabs/UI/AllianceWorldMark/AllianceWorldMark_11.prefab,UIAlliance_map_mark_11
10,12,391112,,4100600,UIAlliance_mark_12,Assets/Main/Prefabs/UI/AllianceWorldMark/AllianceWorldMark_12.prefab,UIAlliance_map_mark_12
11,100,143589,,,,,zyf_lianmengjijiedian_biaoji
12,0,,,,,Assets/Main/Prefabs/UI/AllianceWorldMark/WorldBookMark_Special.prefab,
13,1,,,,,Assets/Main/Prefabs/UI/AllianceWorldMark/WorldBookMark_Friend.prefab,
14,2,,,,,Assets/Main/Prefabs/UI/AllianceWorldMark/WorldBookMark_Enemy.prefab,
15,13,390175,,4100600,UIAlliance_mark_13,Assets/Main/Prefabs/UI/AllianceWorldMark/AllianceWorldMark_13.prefab,UIAlliance_map_mark_13
16,14,390175,,4100600,UIAlliance_mark_14,Assets/Main/Prefabs/UI/AllianceWorldMark/AllianceWorldMark_14.prefab,UIAlliance_map_mark_14
17,15,390175,,4100600,UIAlliance_mark_15,Assets/Main/Prefabs/UI/AllianceWorldMark/AllianceWorldMark_15.prefab,UIAlliance_map_mark_15
18,16,390175,,4100600,UIAlliance_mark_16,Assets/Main/Prefabs/UI/AllianceWorldMark/AllianceWorldMark_16.prefab,UIAlliance_map_mark_16
19,17,390175,,4100600,UIAlliance_mark_17,Assets/Main/Prefabs/UI/AllianceWorldMark/AllianceWorldMark_17.prefab,UIAlliance_map_mark_17
