id,type,para,mutual_group,asset,effect
1,1,1,,Assets/_Art_LastWar/Models/Weapon/prefabs/ak.prefab,Assets/_Art/Effect/prefab/scene/xinshou/VFX_nzw_shouqu_tishi.prefab
2,1,2,,Assets/_Art_LastWar/Models/Weapon/prefabs/shouqiang.prefab,Assets/_Art/Effect/prefab/scene/xinshou/VFX_nzw_shouqu_tishi.prefab
3,1,3,,Assets/_Art_LastWar/Models/Weapon/prefabs/feibiao.prefab,Assets/_Art/Effect/prefab/scene/xinshou/VFX_nzw_shouqu_tishi.prefab
4,1,4,,Assets/_Art/Models/Environment/Animal/Cattle/prefab/A_animal_box.prefab,Assets/_Art/Effect/prefab/scene/xinshou/VFX_nzw_shouqu_tishi.prefab
10,3,,,Assets/_Art/Models/Soldier/JiQiangBing/prefab/A_soldier_jqb01_01.prefab,Assets/_Art/Effect/prefab/scene/xinshou/VFX_nzw_shouqu_tishi.prefab
11,3,,,Assets/_Art/Models/Vehicle/YunBingChe/prefab/A_vehicle_ybc.prefab,Assets/_Art/Effect/prefab/scene/xinshou/VFX_nzw_shouqu_tishi.prefab
12,4,,,Assets/_Art/Models/Vehicle/QiuChe/prefab/A_vehicle_qc.prefab,Assets/_Art/Effect/prefab/scene/xinshou/VFX_xinshou_dibiao.prefab
