id,page,type,order,pic,desc,tittle
1,0,1,1,,champion_duel_phase_name1001,
2,0,1,2,,champion_duel_phase_name1002,
3,0,1,3,,champion_duel_phase_name1003,
4,0,1,4,,champion_duel_phase_name1004,
5,0,1,5,,champion_duel_phase_name1005,
6,0,1,6,,champion_duel_phase_name1006,
7,0,1,7,,champion_duel_phase_name1007,
8,0,1,8,,champion_duel_phase_name1008,
9,1,2,1,Assets/Main/Sprites/UI/LWPlayerInfo/Sprite/zyf_gerenxinxi_addfriend_icon.png,champion_duel_rules_detail1001,champion_duel_rules_tittle1001
10,1,2,2,Assets/Main/Sprites/UI/UIChatNew3/zyf_yaoqingchenggong_jihe.png,champion_duel_rules_detail1002,champion_duel_rules_tittle1002
11,1,2,3,Assets/Main/Sprites/UI/LWCommon/Sprite/zyf_xunzhang_icon.png,champion_duel_rules_detail1005,champion_duel_rules_tittle1003
12,1,2,4,Assets/Main/Sprites/ItemIcons/lrb_chunjiedafuweng_paodan.png,champion_duel_rules_detail1022,champion_duel_rules_tittle1019
13,1,3,5,Assets/Main/Sprites/UI/UIChampionDuel/Texture/lrb_guanjunduijue_saicheng_zhanbaoshuomingtu.png,champion_duel_rules_detail1003,champion_duel_rules_tittle1004
14,3,2,2,Assets/Main/Sprites/UI/UIChampionDuel/Sprites/Mjc_guanjunduijue_zhongzi_icon.png,champion_duel_rules_detail1006,champion_duel_rules_tittle1005
15,3,2,3,Assets/Main/Sprites/ItemIcons/lrb_zhanqvduijue_tubiao_fuwuqi08.png,champion_duel_rules_detail1007,champion_duel_rules_tittle1006
16,3,2,4,Assets/Main/Sprites/UI/UILWMail/lrb_jingjichang_vs.png,champion_duel_rules_detail1008,champion_duel_rules_tittle1007
17,3,2,5,Assets/Main/Sprites/UI/UISeason/Sprites/lrb_saijipaihang_icon.png,champion_duel_rules_detail1009,champion_duel_rules_tittle1008
18,3,2,6,Assets/Main/Sprites/ItemIcons/icon_baoxiang_xingcunzhe2.png,champion_duel_rules_detail1010,champion_duel_rules_tittle1009
19,3,2,7,Assets/Main/Sprites/UI/UIArena/icon_rank.png,champion_duel_rules_detail1021,champion_duel_rules_tittle1018
20,3,2,8,Assets/Main/Sprites/ItemIcons/lrb_chunjiedafuweng_paodan.png,champion_duel_rules_detail1023,champion_duel_rules_tittle1020
21,3,3,9,Assets/Main/Sprites/UI/UIChampionDuel/Texture/lrb_guanjunduijue_saicheng_zhanbaoshuomingtu.png,champion_duel_rules_detail1019,champion_duel_rules_tittle1016
22,5,2,1,Assets/Main/Sprites/UI/UIGovernment/Sprites/lrb_zhanqvguanzhi_guanzhi2.png,champion_duel_rules_detail1011,champion_duel_rules_tittle1010
23,5,2,2,Assets/Main/Sprites/UI/LWCommon/Sprite/zyf_youjian_shengli_icon.png,champion_duel_rules_detail1012,champion_duel_rules_tittle1011
24,5,2,3,Assets/Main/Sprites/UI/UIJigsawPuzzle/UIactivities_pt_ranking.png,champion_duel_rules_detail1013,champion_duel_rules_tittle1012
25,5,2,4,Assets/Main/Sprites/ItemIcons/icon_baoxiang_xingcunzhe2.png,champion_duel_rules_detail1014,champion_duel_rules_tittle1009
26,5,2,5,Assets/Main/Sprites/UI/UIBuildBubble/zyf_heishishangcheng_huobi_qipao.png,champion_duel_rules_detail1020,champion_duel_rules_tittle1017
27,5,2,6,Assets/Main/Sprites/UI/UIArena/icon_rank.png,champion_duel_rules_detail1021,champion_duel_rules_tittle1018
28,5,3,7,Assets/Main/Sprites/UI/UIChampionDuel/Texture/lrb_guanjunduijue_saicheng_zhanbaoshuomingtu.png,champion_duel_rules_detail1019,champion_duel_rules_tittle1016
29,7,2,1,Assets/Main/Sprites/UI/UILWMail/lt_youjian_zhenwang.png,champion_duel_rules_detail1015,champion_duel_rules_tittle1013
30,7,2,2,Assets/Main/Sprites/ItemIcons/lrb_saiji_tianxiadashi_kuafuxuanzhan_icon.png,champion_duel_rules_detail1016,champion_duel_rules_tittle1014
31,7,2,3,Assets/Main/Sprites/UI/UISeason/ServerBattleV8/lrb_saiji_zhanqvduijuepaihang_win.png,champion_duel_rules_detail1017,champion_duel_rules_tittle1015
32,7,2,4,Assets/Main/Sprites/ItemIcons/icon_baoxiang_xingcunzhe2.png,champion_duel_rules_detail1018,champion_duel_rules_tittle1009
33,7,2,5,Assets/Main/Sprites/UI/UIBuildBubble/zyf_heishishangcheng_huobi_qipao.png,champion_duel_rules_detail1020,champion_duel_rules_tittle1017
34,7,3,6,Assets/Main/Sprites/UI/UIChampionDuel/Texture/lrb_guanjunduijue_saicheng_zhanbaoshuomingtu.png,champion_duel_rules_detail1019,champion_duel_rules_tittle1016
