id,prefab,max_hp,max_pt,bubble_height,sleep_time,motion_parts,motion_type,motion_param1,motion_param2,motion_param3,dead_vfx,hit_vfx,head_icon,dead_effect
101,Assets/Main/Prefabs/LWCountBattle/Traps/TrapFence.prefab,0,0,3,,,,,,,,,,
102,Assets/Main/Prefabs/LWCountBattle/Traps/TrapSpike.prefab,0,0,3,,,,,,,,Assets/Main/Prefabs/LWCountBattle/HitVfx/Eff_Metal_hit_cm.prefab,,
103,Assets/Main/Prefabs/LWCountBattle/Traps/TrapWall1.prefab,0,0,3,,,,,,,,Assets/Main/Prefabs/LWCountBattle/HitVfx/Eff_stone_hit_cm.prefab,,
104,Assets/Main/Prefabs/LWCountBattle/Traps/TrapWall2.prefab,0,0,3,,,,,,,,Assets/Main/Prefabs/LWCountBattle/HitVfx/Eff_stone_hit_cm.prefab,,
105,Assets/Main/Prefabs/LWCountBattle/Traps/TrapSaw.prefab,0,0,3,,root,Rotate,"0,360,0",,,,Assets/Main/Prefabs/LWCountBattle/HitVfx/Eff_Metal_hit_cm.prefab,,
106,Assets/Main/Prefabs/LWCountBattle/Traps/TrapSaw03.prefab,0,0,3,,O_env_beizengmen_luzhang_03/langyabang,Rotate,"360,0,0",,,,Assets/Main/Prefabs/LWCountBattle/HitVfx/Eff_Metal_hit_cm.prefab,,
201,Assets/Main/Prefabs/LWCountBattle/Traps/TrapSaw.prefab,0,0,3,,root|root,Rotate|Patrol,"0,360,0|8","|8,0,0",0,,Assets/Main/Prefabs/LWCountBattle/HitVfx/Eff_Metal_hit_cm.prefab,,
202,Assets/Main/Prefabs/LWCountBattle/Traps/TrapSaw.prefab,0,0,3,,root|root,Rotate|Patrol,"0,360,0|4","|8,0,0",0,,Assets/Main/Prefabs/LWCountBattle/HitVfx/Eff_Metal_hit_cm.prefab,,
203,Assets/Main/Prefabs/LWCountBattle/Traps/TrapSaw.prefab,0,0,3,,root|root,Rotate|Patrol,"0,360,0|8","|-8,0,0",0,,Assets/Main/Prefabs/LWCountBattle/HitVfx/Eff_Metal_hit_cm.prefab,,
204,Assets/Main/Prefabs/LWCountBattle/Traps/TrapSaw.prefab,0,0,3,,root|root,Rotate|Patrol,"0,360,0|4","|-8,0,0",0,,Assets/Main/Prefabs/LWCountBattle/HitVfx/Eff_Metal_hit_cm.prefab,,
211,Assets/Main/Prefabs/LWCountBattle/Traps/TrapFan.prefab,0,0,3,,O_env_beizengmen_luzhang_01/naodai,Rotate,"0,180,0",,,,Assets/Main/Prefabs/LWCountBattle/HitVfx/Eff_stone_hit_cm.prefab,,
212,Assets/Main/Prefabs/LWCountBattle/Traps/TrapFan.prefab,0,0,3,,O_env_beizengmen_luzhang_01/naodai,Rotate,"0,120,0",,,,Assets/Main/Prefabs/LWCountBattle/HitVfx/Eff_stone_hit_cm.prefab,,
213,Assets/Main/Prefabs/LWCountBattle/Traps/TrapFan.prefab,0,0,3,,O_env_beizengmen_luzhang_01/naodai,Rotate,"0,-180,0",,,,Assets/Main/Prefabs/LWCountBattle/HitVfx/Eff_stone_hit_cm.prefab,,
214,Assets/Main/Prefabs/LWCountBattle/Traps/TrapFan.prefab,0,0,3,,O_env_beizengmen_luzhang_01/naodai,Rotate,"0,-120,0",,,,Assets/Main/Prefabs/LWCountBattle/HitVfx/Eff_stone_hit_cm.prefab,,
221,Assets/Main/Prefabs/LWCountBattle/Traps/TrapFan_harf_right.prefab,0,0,3,,O_env_beizengmen_luzhang_01/naodai,Rotate,"0,180,0",,,,Assets/Main/Prefabs/LWCountBattle/HitVfx/Eff_stone_hit_cm.prefab,,
222,Assets/Main/Prefabs/LWCountBattle/Traps/TrapFan_harf_right.prefab,0,0,3,,O_env_beizengmen_luzhang_01/naodai,Rotate,"0,120,0",,,,Assets/Main/Prefabs/LWCountBattle/HitVfx/Eff_stone_hit_cm.prefab,,
223,Assets/Main/Prefabs/LWCountBattle/Traps/TrapFan_harf_left.prefab,0,0,3,,O_env_beizengmen_luzhang_01/naodai,Rotate,"0,-180,0",,,,Assets/Main/Prefabs/LWCountBattle/HitVfx/Eff_stone_hit_cm.prefab,,
224,Assets/Main/Prefabs/LWCountBattle/Traps/TrapFan_harf_left.prefab,0,0,3,,O_env_beizengmen_luzhang_01/naodai,Rotate,"0,-120,0",,,,Assets/Main/Prefabs/LWCountBattle/HitVfx/Eff_stone_hit_cm.prefab,,
231,Assets/Main/Prefabs/LWCountBattle/Traps/TrapSaw02.prefab,0,0,3,,O_env_beizengmen_luzhang_05/chilun|O_env_beizengmen_luzhang_05/chilun,Rotate|Patrol,"0,0,720|8","|7,0,0",0,,Assets/Main/Prefabs/LWCountBattle/HitVfx/Eff_Metal_hit_cm.prefab,,
232,Assets/Main/Prefabs/LWCountBattle/Traps/TrapSaw02.prefab,0,0,3,,O_env_beizengmen_luzhang_05/chilun|O_env_beizengmen_luzhang_05/chilun,Rotate|Patrol,"0,0,720|4","|7,0,0",0,,Assets/Main/Prefabs/LWCountBattle/HitVfx/Eff_Metal_hit_cm.prefab,,
233,Assets/Main/Prefabs/LWCountBattle/Traps/TrapSpike02.prefab,0,0,3,,O_env_beizengmen_luzhang_04/dici|O_env_beizengmen_luzhang_04/colloder,Patrol|Patrol,2000|2000,"0,3,0|-20,0,0",2|2,,Assets/Main/Prefabs/LWCountBattle/HitVfx/Eff_Metal_hit_cm.prefab,,
234,Assets/Main/Prefabs/LWCountBattle/Traps/TrapSpike02.prefab,0,0,3,,O_env_beizengmen_luzhang_04/dici|O_env_beizengmen_luzhang_04/colloder,Patrol|Patrol,2000|2000,"0,3,0|-20,0,0",3|3,,Assets/Main/Prefabs/LWCountBattle/HitVfx/Eff_Metal_hit_cm.prefab,,
235,Assets/Main/Prefabs/LWCountBattle/Traps/TrapSpike02.prefab,0,0,3,2,O_env_beizengmen_luzhang_04/dici|O_env_beizengmen_luzhang_04/colloder,Patrol|Patrol,2000|2000,"0,3,0|-20,0,0",2|2,,Assets/Main/Prefabs/LWCountBattle/HitVfx/Eff_Metal_hit_cm.prefab,,
236,Assets/Main/Prefabs/LWCountBattle/Traps/TrapSpike02.prefab,0,0,3,3,O_env_beizengmen_luzhang_04/dici|O_env_beizengmen_luzhang_04/colloder,Patrol|Patrol,2000|2000,"0,3,0|-20,0,0",3|3,,Assets/Main/Prefabs/LWCountBattle/HitVfx/Eff_Metal_hit_cm.prefab,,
237,Assets/Main/Prefabs/LWCountBattle/Traps/TrapSaw.prefab,0,0,3,,root|root,Rotate|Patrol,"0,360,0|3","|8,0,0",0,,Assets/Main/Prefabs/LWCountBattle/HitVfx/Eff_Metal_hit_cm.prefab,,
238,Assets/Main/Prefabs/LWCountBattle/Traps/TrapSaw.prefab,0,0,3,,root|root,Rotate|Patrol,"0,360,0|3","|-8,0,0",0,,Assets/Main/Prefabs/LWCountBattle/HitVfx/Eff_Metal_hit_cm.prefab,,
239,Assets/Main/Prefabs/LWCountBattle/Traps/TrapSpike02.prefab,0,0,3,,O_env_beizengmen_luzhang_04/dici|O_env_beizengmen_luzhang_04/colloder,Patrol|Patrol,2000|2000,"0,3,0|20,0,0",3|3,,Assets/Main/Prefabs/LWCountBattle/HitVfx/Eff_Metal_hit_cm.prefab,,
301,Assets/Main/Prefabs/LWCountBattle/Traps/TrapWall1.prefab,10,10,3,,,,,,,,Assets/Main/Prefabs/LWCountBattle/HitVfx/Eff_stone_hit_cm.prefab,,
302,Assets/Main/Prefabs/LWCountBattle/Traps/TrapWall1.prefab,20,20,3,,,,,,,,Assets/Main/Prefabs/LWCountBattle/HitVfx/Eff_stone_hit_cm.prefab,,
303,Assets/Main/Prefabs/LWCountBattle/Traps/TrapWall1.prefab,40,40,3,,,,,,,,Assets/Main/Prefabs/LWCountBattle/HitVfx/Eff_stone_hit_cm.prefab,,
304,Assets/Main/Prefabs/LWCountBattle/Traps/TrapWall1.prefab,60,60,3,,,,,,,,Assets/Main/Prefabs/LWCountBattle/HitVfx/Eff_stone_hit_cm.prefab,,
305,Assets/Main/Prefabs/LWCountBattle/Traps/TrapWall1.prefab,80,80,3,,,,,,,,Assets/Main/Prefabs/LWCountBattle/HitVfx/Eff_stone_hit_cm.prefab,,
306,Assets/_Art_LastWar/Models/Environment/Prop/Guntong/prefab/Guntong.prefab,10,10,3,,root,March,"0,0,0",,,,Assets/Main/Prefabs/LWCountBattle/HitVfx/Eff_Metal_hit_cm.prefab,,
307,Assets/_Art_LastWar/Models/Environment/Prop/Guntong/prefab/Guntong.prefab,20,20,3,,root,March,"0,0,0",,,,Assets/Main/Prefabs/LWCountBattle/HitVfx/Eff_Metal_hit_cm.prefab,,
401,Assets/_Art_LastWar/Models/Environment/Prop/Guntong/prefab/Guntong.prefab,80,20,3,,root,March,"0,0,0",,,,Assets/Main/Prefabs/LWCountBattle/HitVfx/Eff_Metal_hit_cm.prefab,Assets/Main/Sprites/UI/LWCountTrapIcon/huojiantong_D.png,1;1000;RocketLauncher
402,Assets/_Art_LastWar/Models/Environment/Prop/Guntong/prefab/Guntong.prefab,80,20,3,,root,March,"0,0,0",,,,Assets/Main/Prefabs/LWCountBattle/HitVfx/Eff_Metal_hit_cm.prefab,Assets/Main/Sprites/UI/LWCountTrapIcon/jianglidaoju_AK_D.png,1;1000;AK
403,Assets/_Art_LastWar/Models/Environment/Prop/Guntong/prefab/Guntong.prefab,80,20,3,,root,March,"0,0,0",,,,Assets/Main/Prefabs/LWCountBattle/HitVfx/Eff_Metal_hit_cm.prefab,Assets/Main/Sprites/UI/LWCountTrapIcon/jujiqiang_D.png,1;1000;SniperRifle
404,Assets/_Art_LastWar/Models/Environment/Prop/Guntong/prefab/Guntong.prefab,80,20,3,,root,March,"0,0,0",,,,Assets/Main/Prefabs/LWCountBattle/HitVfx/Eff_Metal_hit_cm.prefab,Assets/Main/Sprites/UI/Buff_trigger/cfm_guanggao_guanqia_tubiao_shijian_da_lan_11.png,2;1004;1
405,Assets/_Art_LastWar/Models/Environment/Prop/Guntong/prefab/Guntong.prefab,120,30,3,,root,March,"0,0,0",,,,Assets/Main/Prefabs/LWCountBattle/HitVfx/Eff_Metal_hit_cm.prefab,Assets/Main/Sprites/UI/LWCountTrapIcon/huojiantong_D.png,1;1000;RocketLauncher
406,Assets/_Art_LastWar/Models/Environment/Prop/Guntong/prefab/Guntong.prefab,120,30,3,,root,March,"0,0,0",,,,Assets/Main/Prefabs/LWCountBattle/HitVfx/Eff_Metal_hit_cm.prefab,Assets/Main/Sprites/UI/LWCountTrapIcon/jianglidaoju_AK_D.png,1;1000;AK
407,Assets/_Art_LastWar/Models/Environment/Prop/Guntong/prefab/Guntong.prefab,120,30,3,,root,March,"0,0,0",,,,Assets/Main/Prefabs/LWCountBattle/HitVfx/Eff_Metal_hit_cm.prefab,Assets/Main/Sprites/UI/LWCountTrapIcon/jujiqiang_D.png,1;1000;SniperRifle
408,Assets/_Art_LastWar/Models/Environment/Prop/Guntong/prefab/Guntong.prefab,120,30,3,,root,March,"0,0,0",,,,Assets/Main/Prefabs/LWCountBattle/HitVfx/Eff_Metal_hit_cm.prefab,Assets/Main/Sprites/UI/Buff_trigger/cfm_guanggao_guanqia_tubiao_shijian_da_lan_11.png,2;1004;1
1001,Assets/Main/Prefabs/LWCountBattle/Traps/TrapZombie.prefab,4,1,1.5,2,root,Chase,3,360,run1,Assets/Main/Prefabs/LWCountBattle/DeadVfx/Eff_xinshou_xuezi_cm.prefab,Assets/Main/Prefabs/LWCountBattle/HitVfx/Eff_monster_hit_cm.prefab,,
1002,Assets/Main/Prefabs/LWCountBattle/Traps/TrapZombie.prefab,4,1,1.5,2,root,Chase,5,360,run2,Assets/Main/Prefabs/LWCountBattle/DeadVfx/Eff_xinshou_xuezi_cm.prefab,Assets/Main/Prefabs/LWCountBattle/HitVfx/Eff_monster_hit_cm.prefab,,
1003,Assets/Main/Prefabs/LWCountBattle/Traps/TrapDog02.prefab,40,10,2,2,root,Chase,8,180,run,Assets/Main/Prefabs/LWCountBattle/DeadVfx/Eff_xinshou_xuezi_cm.prefab,Assets/Main/Prefabs/LWCountBattle/HitVfx/Eff_monster_hit_cm.prefab,,
1004,Assets/Main/Prefabs/LWCountBattle/Traps/TrapZombie02.prefab,6,1,1.5,2,root,Chase,3,180,run1,Assets/Main/Prefabs/LWCountBattle/DeadVfx/Eff_xinshou_xuezi_cm.prefab,Assets/Main/Prefabs/LWCountBattle/HitVfx/Eff_monster_hit_cm.prefab,,
1005,Assets/Main/Prefabs/LWCountBattle/Traps/TrapZombie02.prefab,6,1,1.5,2,root,Chase,5,180,run2,Assets/Main/Prefabs/LWCountBattle/DeadVfx/Eff_xinshou_xuezi_cm.prefab,Assets/Main/Prefabs/LWCountBattle/HitVfx/Eff_monster_hit_cm.prefab,,
1006,Assets/Main/Prefabs/LWCountBattle/Traps/TrapBOSS01.prefab,200,50,3,2,root,Chase,6,180,run,Assets/Main/Prefabs/LWCountBattle/DeadVfx/Eff_xinshou_xuezi_cm.prefab,Assets/Main/Prefabs/LWCountBattle/HitVfx/Eff_monster_hit_cm.prefab,,
1007,Assets/Main/Prefabs/LWCountBattle/Traps/TRAP_dogBOSS_mono.prefab,400,100,3,2,root,Chase,6,180,run,Assets/Main/Prefabs/LWCountBattle/DeadVfx/Eff_xinshou_xuezi_cm.prefab,Assets/Main/Prefabs/LWCountBattle/HitVfx/Eff_monster_hit_cm.prefab,,
