id,tier_name,tier_chip_breakthrough,chip_breakthrough_show,tier_banner,tier_color,chip_set_unlock,tier_level,tier_info
1,battlesystem_tier_name1,50231;0,1,FX_wurenjixingpian_biaoti01.png,234|230|236|255,1,10,battlesystem_tier_info_title1;battlesystem_tier_info_desc1
2,battlesystem_tier_name2,50231;1,1,FX_wurenjixingpian_biaoti02.png,95|239|135|255,2,150,battlesystem_tier_info_title2;battlesystem_tier_info_desc2
3,battlesystem_tier_name3,50231;2,1,FX_wurenjixingpian_biaoti03.png,112|230|241|255,3,300,battlesystem_tier_info_title3;battlesystem_tier_info_desc3
4,battlesystem_tier_name4,50231;3,1,FX_wurenjixingpian_biaoti04.png,235|134|255|255,4,450,battlesystem_tier_info_title4;battlesystem_tier_info_desc4
5,battlesystem_tier_name5,50231;4,1,FX_wurenjixingpian_biaoti05.png,255|182|68|255,4,600,battlesystem_tier_info_title5;battlesystem_tier_info_desc5
6,battlesystem_tier_name6,50231;5,1,FX_wurenjixingpian_biaoti06.png,251|113|86|255,4,750,battlesystem_tier_info_title6;battlesystem_tier_info_desc6
7,battlesystem_tier_name7,50231;5,0,FX_wurenjixingpian_biaoti07.png,235|41|41|255,4,900,battlesystem_tier_info_title7;battlesystem_tier_info_desc7
