id,type,showgroup,type_gain,sex,para_gain,effect_wear,effect_gain,name,icon,image,model,model_world,model_new,model_world_new,appearance,quality,order,hot,position,custom_variable,isShow,show_condition,serverid,inner_server,skill_id,act_mod_open,act_config,act_random_config,season,effect_wear_hide,effect_gain_hide,callback_effect_gain_tips,special_image,act_idle_status_para,callback_skill_id,goto_buy,is_advanced,model_advanced,model_world_advanced,act_spec_status_para,status_id,rt_config
10001,1,0,1,0,,,,2000477,daben_icon2,daben_icon2,,,,,,3,1,,,,1,,3-8999,1-8999,,,,,,,,,,,,,,,,,,
10002,1,0,3,2,0,,,2000478,daben_icon1,daben_icon1,A_build_mao,A_build_mao_world,,,,3,2,,,,1,,3-8999,1-8999,,,,,,,,,,,,,,,,,,
10007,1,0,0,0,610002,75953;0.05,75953;0.01,2000479,daben_icon3,zyf_changbaopifu_pifu1,A_build_moguwu,A_build_moguwu_world,,,,5,3,,,,1,,3-8999,1-8999,,,,,,,,,,,,,,,,,,
10008,1,0,0,0,610010|610012|610011|610013,71000;0.05,71000;0.01,2000480,daben_icon4,zyf_changbaopifu_pifu2,A_build_chenbaopifu_loading,A_build_chenbaopifu_loading_world,,,,5,4,,,,1,,3-8999,1-8999,,,,,,,,,,,,,1,PlayerBaseSkin/build_feiji/A_build_feiji,PlayerBaseSkin/build_feiji/A_build_feiji_world,,,
10009,1,0,0,0,610014|610015|610016|610017,75150;0.05,75150;0.05,500239,daben_icon5,zyf_changbaopifu_pifu3,A_build_chenbaopifu_loading,A_build_chenbaopifu_loading_world,,,,5,5,,,,1,,3-8999,1-8999,,,,,,,,,,,,,1,PlayerBaseSkin/build_Gusi/A_build_Gusi_01,PlayerBaseSkin/build_Gusi/A_build_Gusi_01_world,,,
10010,1,0,0,0,610022|610023,75150;0.05,75150;0.05|75250;0.05,2000834,icon_building_halloween2023,BaseSkin_fes_halloween2023,A_build_chenbaopifu_loading,A_build_chenbaopifu_loading_world,,,,5,6,,,,1,,3-8999,1-8999,10003,,,,,,,1,,,,1,1,PlayerBaseSkin/base_halloween2023/A_build_base_halloween2023,PlayerBaseSkin/base_halloween2023/A_build_base_halloween2023_world,,,
10011,1,0,0,0,610031|610032,75150;0.05,75050;0.05|75150;0.05,decoration_name10011,icon_building_thanksgiving2023,BaseSkin_fes_thanksgiving2023,A_build_chenbaopifu_loading,A_build_chenbaopifu_loading_world,,,,5,6,,,,1,,3-8999,1-8999,,,,,,,,,,,,1,1,PlayerBaseSkin/base_thanksgiving2023/A_build_base_thanksgiving2023,PlayerBaseSkin/base_thanksgiving2023/A_build_base_thanksgiving2023_world,,,
10012,1,0,0,0,610121,75150;0.05,75150;0.05|75250;0.05,decoration_name10012,icon_item_610121,BaseSkin_fes_chirstmas2023,A_build_chenbaopifu_loading,A_build_chenbaopifu_loading_world,,,,5,6,,,,1,,3-8999,1-8999,,,,,,,94201;1|94202;3,1,,,,1,1,PlayerBaseSkin/chenbaopifu_shengdan2023/A_build_chenbaopifu_shengdan2023,PlayerBaseSkin/chenbaopifu_shengdan2023/A_build_chenbaopifu_shengdan2023_world,,,
10013,1,0,0,0,610141,75150;0.05,75050;0.05|75250;0.05,decoration_name10013,icon_item_610141,BaseSkin_activity_blueshop2024,A_build_chenbaopifu_loading,A_build_chenbaopifu_loading_world,,,,5,6,,,,1,,3-8999,1-8999,,,,,,,,,,,,,1,PlayerBaseSkin/chenbaopifu_luoxuanyaosai/A_build_chenbaopifu_luoxuanyaosai,PlayerBaseSkin/chenbaopifu_luoxuanyaosai/A_build_chenbaopifu_luoxuanyaosai_world,,,
10014,1,0,0,0,610130,75150;0.05,75050;0.05|75150;0.05,decoration_name10014,icon_item_610130,BaseSkin_fes_springfestival2024,A_build_chenbaopifu_loading,A_build_chenbaopifu_loading_world,,,,5,6,,,,1,,3-1660,1-8999,,,,,,,,,,,,,1,PlayerBaseSkin/chenbaopifu_springfestival2024/A_build_chenbaopifu_springfestival2024,PlayerBaseSkin/chenbaopifu_springfestival2024/A_build_chenbaopifu_springfestival2024_world,,,
10015,1,0,0,0,610143,75150;0.05,75050;0.05|75250;0.05,decoration_name10015,icon_item_610143,BaseSkin_fes_easter2024,A_build_chenbaopifu_loading,A_build_chenbaopifu_loading_world,,,,5,6,,,,1,3;2024-3-25-0-0-0,3-1660,1-8999,,,,,,,,,,,,,1,PlayerBaseSkin/chenbaopifu_easter2024/A_build_chenbaopifu_easter2024,PlayerBaseSkin/chenbaopifu_easter2024/A_build_chenbaopifu_easter2024_world,,,
10016,1,0,0,0,610151,75150;0.05,75150;0.05|75250;0.05,decoration_name10016,icon_item_610151,BaseSkin_fes_music2024,A_build_chenbaopifu_loading,A_build_chenbaopifu_loading_world,A_build_chenbaopifu_music2024_new,A_build_chenbaopifu_music2024_world_new,,5,6,,,,1,3;2024-6-10-0-0-0,3-1660,1-8999,10001,1,500510;500|500512;9500,60;300,,,,,,,10006,1,1,PlayerBaseSkin/chenbaopifu_music2024/A_build_chenbaopifu_music2024,PlayerBaseSkin/chenbaopifu_music2024/A_build_chenbaopifu_music2024_world,,,
10017,1,0,0,0,610162,75150;0.05,75050;0.05|75150;0.05,decoration_name10017,icon_item_610162,BaseSkin_fes_moon2024,A_build_chenbaopifu_loading,A_build_chenbaopifu_loading_world,,,,5,6,,,,1,3;2024-9-16-0-0-0,3-1660,1-8999,10002,,,,,,,,,,,1,1,PlayerBaseSkin/chenbaopifu_moon2024/A_build_chenbaopifu_moon2024,PlayerBaseSkin/chenbaopifu_moon2024/A_build_chenbaopifu_moon2024_world,,,
10018,1,0,0,0,610178,75150;0.05,75050;0.05|75250;0.05,decoration_name10018,icon_item_610178,BaseSkin_fes_chirstmas2024,A_build_chenbaopifu_loading,A_build_chenbaopifu_loading_world,,,,5,6,,,,1,3;2024-12-23-0-0-0,3-1660,1-8999,10004|10005,,,,,,,,,idle|1|0|275-315,,,1,PlayerBaseSkin/chenbaopifu_chirstmas2024/A_build_chenbaopifu_chirstmas2024,PlayerBaseSkin/chenbaopifu_chirstmas2024/A_build_chenbaopifu_chirstmas2024_world,,,"idle,1"
10019,1,0,0,0,610188,75150;0.05,75150;0.05|75250;0.05,decoration_name10019,icon_item_610188,BaseSkin_fes_easter2025,A_build_chenbaopifu_loading,A_build_chenbaopifu_loading_world,,,,5,6,,,,1,3;2025-4-21-0-0-0,3-1475,1-8999,,,,,,,,,,idle1|1|0|1-157;act1|1|0|1-199;idle2|1|0|1-60;idle1|1|0|1-157;act3|1|0|1-352;idle2|1|0|1-60;idle1|1|1-157;act2|1|0|1-323;idle2|1|0|1-60;idle1|1|0|1-157;act4|1|0|1-249;idle2|1|0|1-60;idle1|1|0|1-157;act5|1|0|1-249;idle2|1|0|1-60;idle1|1|0|1-157;act6|1|0|1-249;idle2|1|0|1-60;idle1|1|0|1-157;act7|1|0|1-297;idle2|1|0|1-60,,,1,PlayerBaseSkin/chenbaopifu_easter2025/A_build_chenbaopifu_easter2025,PlayerBaseSkin/chenbaopifu_easter2025/A_build_chenbaopifu_easter2025_world,"idle1,1;act1,1;idle2,2;idle1,1;act3,1;idle2,2;idle1,1;act2,1;idle2,2;idle1,1;act5,1;idle2,2;idle1,1;act6,1;idle2,2;idle1,1;act4,1;idle2,2;idle1,1;act7,1;idle2,2|idle1,1;act1,1;idle2,2;idle1,1;act2,1;idle2,2;idle1,1;act3,1;idle2,2;idle1,1;act4,1;idle2,2;idle1,1;act5,1;idle2,2;idle1,1;act6,1;idle2,2;idle1,1;act7,1;idle2,2|idle1,1;act2,1;idle2,2;idle1,1;act1,1;idle2,2;idle1,1;act3,1;idle2,2;idle1,1;act5,1;idle2,2;idle1,1;act6,1;idle2,2;idle1,1;act5,1;idle2,2;idle1,1;act7,1;idle2,2|idle1,1;act3,1;idle2,2;idle1,1;act1,1;idle2,2;idle1,1;act4,1;idle2,2;idle1,1;act5,1;idle2,2;idle1,1;act2,1;idle2,2;idle1,1;act6,1;idle2,2|idle1,1;act1,1;idle2,2;idle1,1;act7,1;idle2,2;idle1,1;act3,1;idle2,2;idle1,1;act6,1;idle2,2|idle1,1;act4,1;idle2,2;idle1,1;act5,1;idle2,2;idle1,1;act6,1;idle2,2;idle1,1;act7,1;idle2,2;idle1,1;act2,1;idle2,2;idle1,1;act3,1;idle2,2",500538,"idle1,1;act1,1;idle2,2;idle1,1;act3,1;idle2,2;idle1,1;act2,1;idle2,2;idle1,1;act4,1;idle2,2;idle1,1;act5,1;idle2,2;idle1,1;act6,1;idle2,2;idle1,1;act7,1;idle2,2"
10020,1,0,0,0,610192,75150;0.05,75050;0.05|75150;0.05,decoration_name10020,item_icon_610192,BaseSkin_fes_halloween2025,A_build_chenbaopifu_loading,A_build_chenbaopifu_loading_world,,,,5,6,,,,1,3;2025-10-27-0-0-0,3-1885,1-8999,,,,,,,,,,,,,1,PlayerBaseSkin/A_build_chenbaopifu_halloween2025/A_build_chenbaopifu_halloween2025,PlayerBaseSkin/A_build_chenbaopifu_halloween2025/A_build_chenbaopifu_halloween2025_world,,,
15001,1,0,0,0,645003|645004|645005,75150;0.05,75150;0.05|75250;0.05,decoration_name15001,icon_item_645003,BaseSkin_fes_pyramid_S1season,A_build_chenbaopifu_loading,A_build_chenbaopifu_loading_world,,,,5,6,,,,1,2;1,3-8999,1-8999,,,,,,,,,,,,,1,PlayerBaseSkin/chenbaopifu_pyramid_S1season/A_build_chenbaopifu_pyramid_S1season,PlayerBaseSkin/chenbaopifu_pyramid_S1season/A_build_chenbaopifu_pyramid_S1season_world,,,
15002,1,0,0,0,645006,75150;0.05,,decoration_name15002,icon_item_645003,BaseSkin_fes_pyramid_S1season,A_build_chenbaopifu_loading,A_build_chenbaopifu_loading_world,,,,5,6,,,,1,2;1,3-8999,1-8999,,,,,,,,,,,,,1,PlayerBaseSkin/chenbaopifu_pyramid_S1season/A_build_chenbaopifu_pyramid_S1season,PlayerBaseSkin/chenbaopifu_pyramid_S1season/A_build_chenbaopifu_pyramid_S1season_world,,,
15003,1,0,0,0,655003|655004|655005,75150;0.05,75150;0.05|75250;0.05,decoration_name15003,icon_item_655003,BaseSkin_fes_castle_new_S1season,A_build_chenbaopifu_loading,A_build_chenbaopifu_loading_world,,,,5,6,,,,1,2;1,3-8999,1-8999,,,,,,,,,,,,,1,PlayerBaseSkin/chenbaopifu_castle_S1season_new/A_build_chenbaopifu_castle_S1season_new,PlayerBaseSkin/chenbaopifu_castle_S1season_new/A_build_chenbaopifu_castle_S1season_world_new,,,
15004,1,0,0,0,655006,75150;0.05,75150;0.03|75250;0.03,decoration_name15004,icon_item_655003,BaseSkin_fes_castle_new_S1season,A_build_chenbaopifu_loading,A_build_chenbaopifu_loading_world,,,,5,6,,,,1,2;2,3-8999,1-8999,,,,,,,,,,,,,1,PlayerBaseSkin/chenbaopifu_castle_S1season_new/A_build_chenbaopifu_castle_S1season_new,PlayerBaseSkin/chenbaopifu_castle_S1season_new/A_build_chenbaopifu_castle_S1season_world_new,,,
15005,1,0,0,0,655015|655016|655017,75150;0.05,75150;0.05|75250;0.05,decoration_name15005,zyf_S2_pifu1,BaseSkin_fes_pyramid_S2season,A_build_chenbaopifu_loading,A_build_chenbaopifu_loading_world,,,,5,6,,,,1,2;2,3-8999,1-8999,,,,,,,,,,,,,1,PlayerBaseSkin/chenbaopifu_castle_S2season_new/A_build_chenbaopifu_castle_S2season_new,PlayerBaseSkin/chenbaopifu_castle_S2season_new/A_build_chenbaopifu_castle_S2season_world_new,,,
15006,1,0,0,0,655018,75150;0.05,75150;0.03|75250;0.03,item_name_655018,zyf_S2_pifu1,BaseSkin_fes_pyramid_S2season,A_build_chenbaopifu_loading,A_build_chenbaopifu_loading_world,,,,5,6,,,,1,2;3,3-8999,1-8999,,,,,,,,,,,,,1,PlayerBaseSkin/chenbaopifu_castle_S2season_new/A_build_chenbaopifu_castle_S2season_new,PlayerBaseSkin/chenbaopifu_castle_S2season_new/A_build_chenbaopifu_castle_S2season_world_new,,,
15007,1,0,0,0,655020|655021|655022,75150;0.05,75150;0.05|75250;0.05,decoration_name15007,A_build_S3saijipifu_icon,A_build_S3saijijidipifu_baseskin,A_build_chenbaopifu_loading,A_build_chenbaopifu_loading_world,,,,5,6,,,,1,2;3,3-8999,1-8999,,,,,,,,,,,,,1,PlayerBaseSkin/chenbaopifu_castle_S3season_new/A_build_chenbaopifu_castle_S3season_new,PlayerBaseSkin/chenbaopifu_castle_S3season_new/A_build_chenbaopifu_castle_S3season_world_new,,,
15008,1,0,0,0,655023,75150;0.05,75150;0.03|75250;0.03,item_name_655023,A_build_S3saijipifu_icon,A_build_S3saijijidipifu_baseskin,A_build_chenbaopifu_loading,A_build_chenbaopifu_loading_world,,,,5,6,,,,1,2;4,3-8999,1-8999,,,,,,,,,,,,,1,PlayerBaseSkin/chenbaopifu_castle_S3season_new/A_build_chenbaopifu_castle_S3season_new,PlayerBaseSkin/chenbaopifu_castle_S3season_new/A_build_chenbaopifu_castle_S3season_world_new,,,
15009,1,0,0,0,655024|655025|655026,75150;0.05,75050;0.05|75150;0.05,decoration_name15010,zyf_S4_chengbaopifu_icon_daoju,A_build_S4saijijidipifu_baseskin,A_build_chenbaopifu_loading,A_build_chenbaopifu_loading_world,,,,5,6,,,,1,2;4,3-8999,1-8999,,,,,,,,,,,,,1,PlayerBaseSkin/chenbaopifu_castle_S4season_new/A_build_chenbaopifu_castle_S4season_new,PlayerBaseSkin/chenbaopifu_castle_S4season_new/A_build_chenbaopifu_castle_S4season_world_new,,,
15010,1,0,0,0,655027,75150;0.05,75050;0.03|75150;0.03,item_name_655027,zyf_S4_chengbaopifu_icon_daoju,A_build_S4saijijidipifu_baseskin,A_build_chenbaopifu_loading,A_build_chenbaopifu_loading_world,,,,5,6,,,,1,2;5,3-8999,1-8999,,,,,,,,,,,,,1,PlayerBaseSkin/chenbaopifu_castle_S4season_new/A_build_chenbaopifu_castle_S4season_new,PlayerBaseSkin/chenbaopifu_castle_S4season_new/A_build_chenbaopifu_castle_S4season_world_new,,,
15011,1,0,0,0,992006,75150;0.05,,item_name_992006,lyt_2025yinyuejie_chengbaopifu,lyt_BaseSkin_fes_music2025,A_build_chenbaopifu_loading,A_build_chenbaopifu_loading_world,,,,5,6,,,,1,3;2025-7-7-0-0-0,8999,1-8999,10011,,,60;300,,,,,,,,,1,PlayerBaseSkin/yinyuejie_2025/A_build_yinyuejie_2025,PlayerBaseSkin/yinyuejie_2025/A_build_yinyuejie_2025_world,,,
15012,1,0,0,0,655034|655035|655036,75150;0.05,75050;0.05|75250;0.05,decoration_name15012,zyf_S5_saijipifu,A_build_S4saijijidipifu_baseskin,A_build_chenbaopifu_loading,A_build_chenbaopifu_loading_world,,,,5,6,,,,0,2;5,3-8999,1-8999,,,,,,,,,,,,,1,PlayerBaseSkin/chenbaopifu_castle_S4season_new/A_build_chenbaopifu_castle_S4season_new,PlayerBaseSkin/chenbaopifu_castle_S4season_new/A_build_chenbaopifu_castle_S4season_world_new,,,
15013,1,0,0,0,655037,75150;0.05,75050;0.05|75250;0.05,item_name_655037,zyf_S5_saijipifu,A_build_S4saijijidipifu_baseskin,A_build_chenbaopifu_loading,A_build_chenbaopifu_loading_world,,,,5,6,,,,0,2;6,3-8999,1-8999,,,,,,,,,,,,,1,PlayerBaseSkin/chenbaopifu_castle_S4season_new/A_build_chenbaopifu_castle_S4season_new,PlayerBaseSkin/chenbaopifu_castle_S4season_new/A_build_chenbaopifu_castle_S4season_world_new,,,
16000,1,0,0,0,610000,75150;0.05,76150;0.075|75150;0.05|75050;0.05,decoration_name16000,icon_base_skin_16002,BaseSkin_fes_vip18_libao,A_build_chenbaopifu_vip18_model_make,A_build_chenbaopifu_vip18_model_world_make,,,,5,6,,,,1,1;99999,3-8999,1-8999,,,,,,,,,,,,,,,,,,
16001,1,0,0,0,,75150;0.05,76150;0.075|75150;0.05|75050;0.05,decoration_name16001,icon_item_612001,BaseSkin_fes_vip18_xingxingzhe,A_build_chenbaopifu_vip18_model,A_build_chenbaopifu_vip18_model_world,,,,5,6,,,,1,1;99999,3-8999,1-8999,,,,,,,,,,,,,1,V18Prefab/vip18_xingxingzhe/A_build_chenbaopifu_vip18_xingxingzhe,V18Prefab/vip18_xingxingzhe/A_build_chenbaopifu_vip18_xingxingzhe_world,,,
16002,1,0,0,0,,,,decoration_name16002,icon_base_skin_16002,BaseSkin_fes_vip18_libao,A_build_chenbaopifu_vip18_model_show,A_build_chenbaopifu_vip18_model_world_show,,,,5,3,,,,1,1;57,3-8999,1-8999,,,,,,,,,,,,,,,,,,
16003,1,0,0,0,,,,decoration_name16003,icon_base_skin_16002,BaseSkin_fes_vip18_libao,A_build_chenbaopifu_vip18_model_make,A_build_chenbaopifu_vip18_model_world_make,,,,5,6,,,,1,1;99999,3-8999,1-8999,,,,,,,,,,,,,,,,,,
16004,1,0,0,0,,75150;0.05,76150;0.075|75150;0.05|75050;0.05,decoration_name16004,icon_item_baseskin_moda,BaseSkin_fes_vip18_moda,A_build_chenbaopifu_vip18_model,A_build_chenbaopifu_vip18_model_world,,,,5,6,,,,1,1;99999,3-8999,1-8999,,,,,,,,,,,,,1,V18Prefab/vip18_moda/A_build_chenbaopifu_vip18_moda,V18Prefab/vip18_moda/A_build_chenbaopifu_vip18_moda_world,,,
16005,1,0,0,0,,75150;0.05,76150;0.075|75150;0.05|75050;0.05,decoration_name16005,icon_item_baseskin_lbjustin,BaseSkin_fes_vip18_lbjustin,A_build_chenbaopifu_vip18_model,A_build_chenbaopifu_vip18_model_world,,,,5,6,,,,1,1;99999,3-8999,1-8999,,,,,,,,,,,,,1,V18Prefab/vip18_lbjustin/A_build_chenbaopifu_vip18_lbjustin,V18Prefab/vip18_lbjustin/A_build_chenbaopifu_vip18_lbjustin_world,,,
16006,1,0,0,0,,,,decoration_name16003,icon_base_skin_16002,BaseSkin_fes_vip18_libao,A_build_chenbaopifu_vip18_model,A_build_chenbaopifu_vip18_model_world,,,,5,6,,,,1,1;99999,3-8999,1-8999,,,,,,,,,,,,,,,,,,
16007,1,0,0,0,,75150;0.05,76150;0.075|75150;0.05|75050;0.05,decoration_name16007,icon_item_baseskin_goldenfighter,BaseSkin_fes_vip18_goldenfighter,A_build_chenbaopifu_vip18_model,A_build_chenbaopifu_vip18_model_world,,,,5,6,,,,1,1;99999,3-8999,1-8999,,,,,,,,,,,,,1,V18Prefab/vip18_goldenfighter/A_build_chenbaopifu_vip18_goldenfighter,V18Prefab/vip18_goldenfighter/A_build_chenbaopifu_vip18_goldenfighter_world,,,
16008,1,0,0,0,,75150;0.05,76150;0.075|75150;0.05|75050;0.05,decoration_name16008,icon_item_baseskin_zukoooo,BaseSkin_fes_vip18_zukoooo,A_build_chenbaopifu_vip18_model,A_build_chenbaopifu_vip18_model_world,,,,5,6,,,,1,1;99999,3-8999,1-8999,,,,,,,,,,,,,1,V18Prefab/vip18_zukoooo/A_build_chenbaopifu_vip18_zukoooo,V18Prefab/vip18_zukoooo/A_build_chenbaopifu_vip18_zukoooo_world,,,
16009,1,0,0,0,,75150;0.05,76150;0.075|75150;0.05|75050;0.05,decoration_name16009,icon_item_baseskin_dizang,BaseSkin_fes_vip18_dizang,A_build_chenbaopifu_vip18_model,A_build_chenbaopifu_vip18_model_world,,,,5,6,,,,1,1;99999,3-8999,1-8999,,,,,,,,,,,,,1,V18Prefab/vip18_dizang/A_build_chenbaopifu_vip18_dizang,V18Prefab/vip18_dizang/A_build_chenbaopifu_vip18_dizang_world,,,
16010,1,0,0,0,,75150;0.05,76150;0.075|75150;0.05|75050;0.05,decoration_name16010,icon_item_baseskin_rhino,BaseSkin_fes_vip18_rhino,A_build_chenbaopifu_vip18_model,A_build_chenbaopifu_vip18_model_world,,,,5,6,,,,1,1;99999,3-8999,1-8999,,,,,,,,,,,,,1,V18Prefab/vip18_rhino/A_build_chenbaopifu_vip18_rhino,V18Prefab/vip18_rhino/A_build_chenbaopifu_vip18_rhino_world,,,
16011,1,0,0,0,,75150;0.05,76150;0.075|75150;0.05|75050;0.05,decoration_name16011,icon_item_baseskin_qianpu,BaseSkin_fes_vip18_qianpu,A_build_chenbaopifu_vip18_model,A_build_chenbaopifu_vip18_model_world,,,,5,6,,,,1,1;99999,3-8999,1-8999,,,,,,,,,,,,,1,V18Prefab/vip18_qianpu/A_build_chenbaopifu_vip18_qianpu,V18Prefab/vip18_qianpu/A_build_chenbaopifu_vip18_qianpu_world,,,
16012,1,0,0,0,,75150;0.05,76150;0.075|75150;0.05|75050;0.05,decoration_name16012,icon_item_baseskin_crazydeerfly,BaseSkin_fes_vip18_crazydeerfly,A_build_chenbaopifu_vip18_model,A_build_chenbaopifu_vip18_model_world,,,,5,6,,,,1,1;99999,3-8999,1-8999,,,,,,,,,,,,,1,V18Prefab/vip18_crazydeerfly/A_build_chenbaopifu_vip18_crazydeerfly,V18Prefab/vip18_crazydeerfly/A_build_chenbaopifu_vip18_crazydeerfly_world,,,
16013,1,0,0,0,,75150;0.05,76150;0.075|75150;0.05|75050;0.05,decoration_name16013,icon_item_baseskin_MikeHawke,BaseSkin_fes_vip18_MikeHawke,A_build_chenbaopifu_vip18_model,A_build_chenbaopifu_vip18_model_world,,,,5,6,,,,1,1;99999,3-8999,1-8999,,,,,,,,,,show|1|0|1-2;idle|4|0|1-2,,,1,V18Prefab/vip18_MikeHawke/A_build_chenbaopifu_vip18_MikeHawke,V18Prefab/vip18_MikeHawke/A_build_chenbaopifu_vip18_MikeHawke_world,,,
16014,1,0,0,0,,75150;0.05,76150;0.075|75150;0.05|75050;0.05,decoration_name16014,icon_item_baseskin_PON,BaseSkin_fes_vip18_PON,A_build_chenbaopifu_vip18_model,A_build_chenbaopifu_vip18_model_world,,,,5,6,,,,1,1;99999,3-8999,1-8999,,,,,,,,,,,,,1,V18Prefab/vip18_PON/A_build_chenbaopifu_vip18_PON,V18Prefab/vip18_PON/A_build_chenbaopifu_vip18_PON_world,,,
16015,1,0,0,0,,75150;0.05,76150;0.075|75150;0.05|75050;0.05,decoration_name16015,icon_item_baseskin_ThePoorDegen,BaseSkin_fes_vip18_ThePoorDegen,A_build_chenbaopifu_vip18_model,A_build_chenbaopifu_vip18_model_world,,,,5,6,,,,1,1;99999,3-8999,1-8999,,,,,,,,,,,,,1,V18Prefab/vip18_ThePoorDegen/A_build_chenbaopifu_vip18_ThePoorDegen,V18Prefab/vip18_ThePoorDegen/A_build_chenbaopifu_vip18_ThePoorDegen_world,,,
16016,1,0,0,0,,75150;0.05,76150;0.075|75150;0.05|75050;0.05,decoration_name16016,icon_item_baseskin_JimmyWassim,BaseSkin_fes_vip18_JimmyWassim,A_build_chenbaopifu_vip18_model,A_build_chenbaopifu_vip18_model_world,,,,5,6,,,,1,1;99999,3-8999,1-8999,,,,,,,,,,,,,1,V18Prefab/vip18_JimmyWassim/A_build_chenbaopifu_vip18_JimmyWassim,V18Prefab/vip18_JimmyWassim/A_build_chenbaopifu_vip18_JimmyWassim_world,,,
16017,1,0,0,0,,75150;0.05,76150;0.075|75150;0.05|75050;0.05,decoration_name16017,icon_item_baseskin_GOW,BaseSkin_fes_vip18_GOW,A_build_chenbaopifu_vip18_model,A_build_chenbaopifu_vip18_model_world,,,,5,6,,,,1,1;99999,3-8999,1-8999,,,,,,,,,,,,,1,V18Prefab/vip18_GOW/A_build_chenbaopifu_vip18_GOW,V18Prefab/vip18_GOW/A_build_chenbaopifu_vip18_GOW_world,,,
16018,1,0,0,0,,75150;0.05,76150;0.075|75150;0.05|75050;0.05,decoration_name16018,icon_item_baseskin_drink_zero,BaseSkin_fes_vip18_drink_zero,A_build_chenbaopifu_vip18_model,A_build_chenbaopifu_vip18_model_world,,,,5,6,,,,1,1;99999,3-8999,1-8999,,,,,,,,,,,,,1,V18Prefab/vip18_drink_zero/A_build_chenbaopifu_vip18_drink_zero,V18Prefab/vip18_drink_zero/A_build_chenbaopifu_vip18_drink_zero_world,,,
16019,1,0,0,0,,75150;0.05,76150;0.075|75150;0.05|75050;0.05,decoration_name16019,icon_item_baseskin_ExtraDamage,BaseSkin_fes_vip18_ExtraDamage,A_build_chenbaopifu_vip18_model,A_build_chenbaopifu_vip18_model_world,,,,5,6,,,,1,1;99999,3-8999,1-8999,,,,,,,,,,,,,1,V18Prefab/vip18_ExtraDamage/A_build_chenbaopifu_vip18_ExtraDamage,V18Prefab/vip18_ExtraDamage/A_build_chenbaopifu_vip18_ExtraDamage_world,,,
16020,1,0,0,0,,75150;0.05,76150;0.075|75150;0.05|75050;0.05,decoration_name16020,icon_item_baseskin_BigMouth,BaseSkin_fes_vip18_BigMouth,A_build_chenbaopifu_vip18_model,A_build_chenbaopifu_vip18_model_world,,,,5,6,,,,1,1;99999,3-8999,1-8999,,,,,,,,,,,,,1,V18Prefab/vip18_BigMouth/A_build_chenbaopifu_vip18_BigMouth,V18Prefab/vip18_BigMouth/A_build_chenbaopifu_vip18_BigMouth_world,,,
16022,1,0,0,0,,75150;0.05,76150;0.075|75150;0.05|75050;0.05,decoration_name16022,icon_item_baseskin_Deadlights,BaseSkin_fes_vip18_Deadlights,A_build_chenbaopifu_vip18_model,A_build_chenbaopifu_vip18_model_world,,,,5,6,,,,1,1;99999,3-8999,1-8999,,,,,,,,,,,,,1,V18Prefab/vip18_Deadlights/A_build_chenbaopifu_vip18_Deadlights,V18Prefab/vip18_Deadlights/A_build_chenbaopifu_vip18_Deadlights_world,,,
16023,1,0,0,0,,75150;0.05,76150;0.075|75150;0.05|75050;0.05,decoration_name16023,icon_item_baseskin_TomBombd,BaseSkin_fes_vip18_TomBombd,A_build_chenbaopifu_vip18_model,A_build_chenbaopifu_vip18_model_world,,,,5,6,,,,1,1;99999,3-8999,1-8999,,,,,,,,,,,,,1,V18Prefab/vip18_TomBombd/A_build_chenbaopifu_vip18_TomBombd,V18Prefab/vip18_TomBombd/A_build_chenbaopifu_vip18_TomBombd_world,,,
16024,1,0,0,0,,75150;0.05,76150;0.075|75150;0.05|75050;0.05,decoration_name16024,icon_item_baseskin_Deauxboi,BaseSkin_fes_vip18_Deauxboi,A_build_chenbaopifu_vip18_model,A_build_chenbaopifu_vip18_model_world,,,,5,6,,,,1,1;99999,3-8999,1-8999,,,,,,,,,,,,,1,V18Prefab/vip18_Deauxboi/A_build_chenbaopifu_vip18_Deauxboi,V18Prefab/vip18_Deauxboi/A_build_chenbaopifu_vip18_Deauxboi_world,,,
16025,1,0,0,0,,75150;0.05,76150;0.075|75150;0.05|75050;0.05,decoration_name16025,icon_item_baseskin_MrFister,BaseSkin_fes_vip18_MrFister,A_build_chenbaopifu_vip18_model,A_build_chenbaopifu_vip18_model_world,,,,5,6,,,,1,1;99999,3-8999,1-8999,,,,,,,,,,,,,1,V18Prefab/vip18_MrFister/A_build_chenbaopifu_vip18_MrFister,V18Prefab/vip18_MrFister/A_build_chenbaopifu_vip18_MrFister_world,,,
16026,1,0,0,0,,75150;0.05,76150;0.075|75150;0.05|75050;0.05,decoration_name16026,icon_item_baseskin_abria,BaseSkin_fes_vip18_abria,A_build_chenbaopifu_vip18_model,A_build_chenbaopifu_vip18_model_world,,,,5,6,,,,1,1;99999,3-8999,1-8999,,,,,,,,,,,,,1,V18Prefab/vip18_abria/A_build_chenbaopifu_vip18_abria,V18Prefab/vip18_abria/A_build_chenbaopifu_vip18_abria_world,,,
16027,1,0,0,0,,75150;0.05,76150;0.075|75150;0.05|75050;0.05,decoration_name16027,icon_item_baseskin_Scarface1,BaseSkin_fes_vip18_Scarface1,A_build_chenbaopifu_vip18_model,A_build_chenbaopifu_vip18_model_world,,,,5,6,,,,1,1;99999,3-8999,1-8999,,,,,,,,,,,,,1,V18Prefab/vip18_Scarface1/A_build_chenbaopifu_vip18_Scarface1,V18Prefab/vip18_Scarface1/A_build_chenbaopifu_vip18_Scarface1_world,,,
16028,1,0,0,0,,75150;0.05,76150;0.075|75150;0.05|75050;0.05,decoration_name16028,icon_item_baseskin_Solitarystar,BaseSkin_fes_vip18_Solitarystar,A_build_chenbaopifu_vip18_model,A_build_chenbaopifu_vip18_model_world,,,,5,6,,,,1,1;99999,3-8999,1-8999,,,,,,,,,,,,,1,V18Prefab/vip18_Solitarystar/A_build_chenbaopifu_vip18_Solitarystar,V18Prefab/vip18_Solitarystar/A_build_chenbaopifu_vip18_Solitarystar_world,,,
16029,1,0,0,0,,75150;0.05,76150;0.075|75150;0.05|75050;0.05,decoration_name16029,icon_item_baseskin_Ziillaa,BaseSkin_fes_vip18_Ziillaa,A_build_chenbaopifu_vip18_model,A_build_chenbaopifu_vip18_model_world,,,,5,6,,,,1,1;99999,3-8999,1-8999,,,,,,,,,,,,,1,V18Prefab/vip18_Ziillaa/A_build_chenbaopifu_vip18_Ziillaa,V18Prefab/vip18_Ziillaa/A_build_chenbaopifu_vip18_Ziillaa_world,,,
16030,1,0,0,0,,75150;0.05,76150;0.075|75150;0.05|75050;0.05,decoration_name16030,icon_item_baseskin_Fayro,BaseSkin_fes_vip18_Fayro,A_build_chenbaopifu_vip18_model,A_build_chenbaopifu_vip18_model_world,,,,5,6,,,,1,1;99999,3-8999,1-8999,,,,,,,,,,,,,1,V18Prefab/vip18_Fayro/A_build_chenbaopifu_vip18_Fayro,V18Prefab/vip18_Fayro/A_build_chenbaopifu_vip18_Fayro_world,,,
16031,1,0,0,0,,75150;0.05,76150;0.075|75150;0.05|75050;0.05,decoration_name16031,icon_item_baseskin_oildragon,BaseSkin_fes_vip18_oildragon,A_build_chenbaopifu_vip18_model,A_build_chenbaopifu_vip18_model_world,,,,5,6,,,,1,1;99999,3-8999,1-8999,,,,,,,,,,,,,1,V18Prefab/vip18_oildragon/A_build_chenbaopifu_vip18_oildragon,V18Prefab/vip18_oildragon/A_build_chenbaopifu_vip18_oildragon_world,,,
16032,1,0,0,0,,75150;0.05,76150;0.075|75150;0.05|75050;0.05,decoration_name16032,icon_item_baseskin_JessBaby,BaseSkin_fes_vip18_JessBaby,A_build_chenbaopifu_vip18_model,A_build_chenbaopifu_vip18_model_world,,,,5,6,,,,1,1;99999,3-8999,1-8999,,,,,,,,,,,,,1,V18Prefab/vip18_JessBaby/A_build_chenbaopifu_vip18_JessBaby,V18Prefab/vip18_JessBaby/A_build_chenbaopifu_vip18_JessBaby_world,,,
16033,1,0,0,0,,75150;0.05,76150;0.075|75150;0.05|75050;0.05,decoration_name16033,icon_item_baseskin_Qingluan,BaseSkin_fes_vip18_Qingluan,A_build_chenbaopifu_vip18_model,A_build_chenbaopifu_vip18_model_world,,,,5,6,,,,1,1;99999,3-8999,1-8999,,,,,,,,,,,,,1,V18Prefab/vip18_Qingluan/A_build_chenbaopifu_vip18_Qingluan,V18Prefab/vip18_Qingluan/A_build_chenbaopifu_vip18_Qingluan_world,,,
16034,1,0,0,0,,75150;0.05,76150;0.075|75150;0.05|75050;0.05,decoration_name16034,icon_item_baseskin_Miciko2,BaseSkin_fes_vip18_Miciko2,A_build_chenbaopifu_vip18_model,A_build_chenbaopifu_vip18_model_world,,,,5,6,,,,1,1;99999,3-8999,1-8999,,,,,,,,,,,,,1,V18Prefab/vip18_Miciko2/A_build_chenbaopifu_vip18_Miciko2,V18Prefab/vip18_Miciko2/A_build_chenbaopifu_vip18_Miciko2_world,,,
16035,1,0,0,0,,75150;0.05,76150;0.075|75150;0.05|75050;0.05,decoration_name16035,icon_item_baseskin_QATAR1,BaseSkin_fes_vip18_QATAR1,A_build_chenbaopifu_vip18_model,A_build_chenbaopifu_vip18_model_world,,,,5,6,,,,1,1;99999,3-8999,1-8999,,,,,,,,,,,,,1,V18Prefab/vip18_QATAR1/A_build_chenbaopifu_vip18_QATAR1,V18Prefab/vip18_QATAR1/A_build_chenbaopifu_vip18_QATAR1_world,,,
16036,1,0,0,0,,75150;0.05,76150;0.075|75150;0.05|75050;0.05,decoration_name16036,icon_item_baseskin_solar,BaseSkin_fes_vip18_solar,A_build_chenbaopifu_vip18_model,A_build_chenbaopifu_vip18_model_world,,,,5,6,,,,1,1;99999,3-8999,1-8999,,,,,,,,,,,,,1,V18Prefab/vip18_solar/A_build_chenbaopifu_vip18_solar,V18Prefab/vip18_solar/A_build_chenbaopifu_vip18_solar_world,,,
16037,1,0,0,0,,75150;0.05,76150;0.075|75150;0.05|75050;0.05,decoration_name16037,icon_item_baseskin_YuJinK,BaseSkin_fes_vip18_YuJinK,A_build_chenbaopifu_vip18_model,A_build_chenbaopifu_vip18_model_world,,,,5,6,,,,1,1;99999,3-8999,1-8999,,,,,,,,,,,,,1,V18Prefab/vip18_YuJinK/A_build_chenbaopifu_vip18_YuJinK,V18Prefab/vip18_YuJinK/A_build_chenbaopifu_vip18_YuJinK_world,,,
16038,1,0,0,0,,75150;0.05,76150;0.075|75150;0.05|75050;0.05,decoration_name16038,icon_item_baseskin_TIGERX,BaseSkin_fes_vip18_TIGERX,A_build_chenbaopifu_vip18_model,A_build_chenbaopifu_vip18_model_world,,,,5,6,,,,1,1;99999,3-8999,1-8999,,,,,,,,,,,,,1,V18Prefab/vip18_TIGERX/A_build_chenbaopifu_vip18_TIGERX,V18Prefab/vip18_TIGERX/A_build_chenbaopifu_vip18_TIGERX_world,,,
16039,1,0,0,0,,75150;0.05,76150;0.075|75150;0.05|75050;0.05,decoration_name16039,icon_item_baseskin_DGK,BaseSkin_fes_vip18_DGK,A_build_chenbaopifu_vip18_model,A_build_chenbaopifu_vip18_model_world,,,,5,6,,,,1,1;99999,3-8999,1-8999,,,,,,,,,,,,,1,V18Prefab/vip18_DGK/A_build_chenbaopifu_vip18_DGK,V18Prefab/vip18_DGK/A_build_chenbaopifu_vip18_DGK_world,,,
16040,1,0,0,0,,75150;0.05,76150;0.075|75150;0.05|75050;0.05,decoration_name16040,icon_item_baseskin_SuperUU,BaseSkin_fes_vip18_SuperUU,A_build_chenbaopifu_vip18_model,A_build_chenbaopifu_vip18_model_world,,,,5,6,,,,1,1;99999,3-8999,1-8999,,,,,,,,,,,,,1,V18Prefab/vip18_SuperUU/A_build_chenbaopifu_vip18_SuperUU,V18Prefab/vip18_SuperUU/A_build_chenbaopifu_vip18_SuperUU_world,,,
16041,1,0,0,0,,75150;0.05,76150;0.075|75150;0.05|75050;0.05,decoration_name16041,icon_item_baseskin_FSNorth,BaseSkin_fes_vip18_FSNorth,A_build_chenbaopifu_vip18_model,A_build_chenbaopifu_vip18_model_world,,,,5,6,,,,1,1;99999,3-8999,1-8999,,,,,,,,,,,,,1,V18Prefab/vip18_FSNorth/A_build_chenbaopifu_vip18_FSNorth,V18Prefab/vip18_FSNorth/A_build_chenbaopifu_vip18_FSNorth_world,,,
16042,1,0,0,0,,75150;0.05,76150;0.075|75150;0.05|75050;0.05,decoration_name16042,icon_item_baseskin_carbear,BaseSkin_fes_vip18_carbear,A_build_chenbaopifu_vip18_model,A_build_chenbaopifu_vip18_model_world,,,,5,6,,,,1,1;99999,3-8999,1-8999,,,,,,,,,,,,,1,V18Prefab/vip18_carbear/A_build_chenbaopifu_vip18_carbear,V18Prefab/vip18_carbear/A_build_chenbaopifu_vip18_carbear_world,,,
16043,1,0,0,0,,75150;0.05,76150;0.075|75150;0.05|75050;0.05,decoration_name16043,icon_item_baseskin_TheNephist0,BaseSkin_fes_vip18_TheNephist0,A_build_chenbaopifu_vip18_model,A_build_chenbaopifu_vip18_model_world,,,,5,6,,,,1,1;99999,3-8999,1-8999,,,,,,,,,,,,,1,V18Prefab/vip18_TheNephist0/A_build_chenbaopifu_vip18_TheNephist0,V18Prefab/vip18_TheNephist0/A_build_chenbaopifu_vip18_TheNephist0_world,,,
16044,1,0,0,0,,75150;0.05,76150;0.075|75150;0.05|75050;0.05,decoration_name16044,icon_item_baseskin_Yeleven,BaseSkin_fes_vip18_Yeleven,A_build_chenbaopifu_vip18_model,A_build_chenbaopifu_vip18_model_world,,,,5,6,,,,1,1;99999,3-8999,1-8999,,,,,,,,,,,,,1,V18Prefab/vip18_Yeleven/A_build_chenbaopifu_vip18_Yeleven,V18Prefab/vip18_Yeleven/A_build_chenbaopifu_vip18_Yeleven_world,,,
16045,1,0,0,0,,75150;0.05,76150;0.075|75150;0.05|75050;0.05,decoration_name16045,icon_item_baseskin_PhoenixPnutRising,BaseSkin_fes_vip18_PhoenixPnutRising,A_build_chenbaopifu_vip18_model,A_build_chenbaopifu_vip18_model_world,,,,5,6,,,,1,1;99999,3-8999,1-8999,,,,,,,,,,,,,1,V18Prefab/vip18_PhoenixPnutRising/A_build_chenbaopifu_vip18_PhoenixPnutRising,V18Prefab/vip18_PhoenixPnutRising/A_build_chenbaopifu_vip18_PhoenixPnutRising_world,,,
16046,1,0,0,0,,75150;0.05,76150;0.075|75150;0.05|75050;0.05,decoration_name16046,icon_item_baseskin_Rahim,BaseSkin_fes_vip18_Rahim,A_build_chenbaopifu_vip18_model,A_build_chenbaopifu_vip18_model_world,,,,5,6,,,,1,1;99999,3-8999,1-8999,,,,,,,,,,,,,1,V18Prefab/vip18_Rahim/A_build_chenbaopifu_vip18_Rahim,V18Prefab/vip18_Rahim/A_build_chenbaopifu_vip18_Rahim_world,,,
16047,1,0,0,0,,75150;0.05,76150;0.075|75150;0.05|75050;0.05,decoration_name16047,icon_item_baseskin_doushou,BaseSkin_fes_vip18_doushou,A_build_chenbaopifu_vip18_model,A_build_chenbaopifu_vip18_model_world,,,,5,6,,,,1,1;99999,3-8999,1-8999,,,,,,,,,,,,,1,V18Prefab/vip18_doushou/A_build_chenbaopifu_vip18_doushou,V18Prefab/vip18_doushou/A_build_chenbaopifu_vip18_doushou_world,,,
16048,1,0,0,0,,75150;0.05,76150;0.075|75150;0.05|75050;0.05,decoration_name16048,icon_item_baseskin_sTicKmaN,BaseSkin_fes_vip18_sTicKmaN,A_build_chenbaopifu_vip18_model,A_build_chenbaopifu_vip18_model_world,,,,5,6,,,,1,1;99999,3-8999,1-8999,,,,,,,,,,,,,1,V18Prefab/vip18_sTicKmaN/A_build_chenbaopifu_vip18_sTicKmaN,V18Prefab/vip18_sTicKmaN/A_build_chenbaopifu_vip18_sTicKmaN_world,,,
16049,1,0,0,0,,75150;0.05,76150;0.075|75150;0.05|75050;0.05,decoration_name16049,icon_item_baseskin_GoldenFighter2,BaseSkin_fes_vip18_GoldenFighter2,A_build_chenbaopifu_vip18_model,A_build_chenbaopifu_vip18_model_world,,,,5,6,,,,1,1;99999,3-8999,1-8999,,,,,,,,,,,,,1,V18Prefab/vip18_GoldenFighter2/A_build_chenbaopifu_vip18_GoldenFighter2,V18Prefab/vip18_GoldenFighter2/A_build_chenbaopifu_vip18_GoldenFighter2_world,,,
16050,1,0,0,0,,75150;0.05,76150;0.075|75150;0.05|75050;0.05,decoration_name16050,icon_item_baseskin_Pabloescobar58,BaseSkin_fes_vip18_Pabloescobar58,A_build_chenbaopifu_vip18_model,A_build_chenbaopifu_vip18_model_world,,,,5,6,,,,1,1;99999,3-8999,1-8999,,,,,,,,,,,,,1,V18Prefab/vip18_Pabloescobar58/A_build_chenbaopifu_vip18_Pabloescobar58,V18Prefab/vip18_Pabloescobar58/A_build_chenbaopifu_vip18_Pabloescobar58_world,,,
16051,1,0,0,0,,75150;0.05,76150;0.075|75150;0.05|75050;0.05,decoration_name16051,icon_item_baseskin_Mattiee,BaseSkin_fes_vip18_Mattiee,A_build_chenbaopifu_vip18_model,A_build_chenbaopifu_vip18_model_world,,,,5,6,,,,1,1;99999,3-8999,1-8999,,,,,,,,,,,,,1,V18Prefab/vip18_Mattiee/A_build_chenbaopifu_vip18_Mattiee,V18Prefab/vip18_Mattiee/A_build_chenbaopifu_vip18_Mattiee_world,,,
16052,1,0,0,0,,75150;0.05,76150;0.075|75150;0.05|75050;0.05,decoration_name16052,icon_item_baseskin_Root,BaseSkin_fes_vip18_Root,A_build_chenbaopifu_vip18_model,A_build_chenbaopifu_vip18_model_world,,,,5,6,,,,1,1;99999,3-8999,1-8999,,,,,,,,,,,,,1,V18Prefab/vip18_Root/A_build_chenbaopifu_vip18_Root,V18Prefab/vip18_Root/A_build_chenbaopifu_vip18_Root_world,,,
16053,1,0,0,0,,75150;0.05,76150;0.075|75150;0.05|75050;0.05,decoration_name16053,icon_item_baseskin_Bevans6565,BaseSkin_fes_vip18_Bevans6565,A_build_chenbaopifu_vip18_model,A_build_chenbaopifu_vip18_model_world,,,,5,6,,,,1,1;99999,3-8999,1-8999,,,,,,,,,,,,,1,V18Prefab/vip18_Bevans6565/A_build_chenbaopifu_vip18_Bevans6565,V18Prefab/vip18_Bevans6565/A_build_chenbaopifu_vip18_Bevans6565_world,,,
16054,1,0,0,0,,75150;0.05,76150;0.075|75150;0.05|75050;0.05,decoration_name16054,icon_item_baseskin_PugKing,BaseSkin_fes_vip18_PugKing,A_build_chenbaopifu_vip18_model,A_build_chenbaopifu_vip18_model_world,,,,5,6,,,,1,1;99999,3-8999,1-8999,,,,,,,,,,,,,1,V18Prefab/vip18_PugKing/A_build_chenbaopifu_vip18_PugKing,V18Prefab/vip18_PugKing/A_build_chenbaopifu_vip18_PugKing_world,,,
16055,1,0,0,0,,75150;0.05,76150;0.075|75150;0.05|75050;0.05,decoration_name16055,icon_item_baseskin_Frizen,BaseSkin_fes_vip18_Frizen,A_build_chenbaopifu_vip18_model,A_build_chenbaopifu_vip18_model_world,,,,5,6,,,,1,1;99999,3-8999,1-8999,,,,,,,,,,,,,1,V18Prefab/vip18_Frizen/A_build_chenbaopifu_vip18_Frizen,V18Prefab/vip18_Frizen/A_build_chenbaopifu_vip18_Frizen_world,,,
16056,1,0,0,0,,75150;0.05,76150;0.075|75150;0.05|75050;0.05,decoration_name16056,icon_item_baseskin_LionHeart,BaseSkin_fes_vip18_LionHeart,A_build_chenbaopifu_vip18_model,A_build_chenbaopifu_vip18_model_world,,,,5,6,,,,1,1;99999,3-8999,1-8999,,,,,,,,,,,,,1,V18Prefab/vip18_LionHeart/A_build_chenbaopifu_vip18_LionHeart,V18Prefab/vip18_LionHeart/A_build_chenbaopifu_vip18_LionHeart_world,,,
16057,1,0,0,0,,75150;0.05,76150;0.075|75150;0.05|75050;0.05,decoration_name16058,icon_item_baseskin_WarFan,BaseSkin_fes_vip18_WarFan,A_build_chenbaopifu_vip18_model,A_build_chenbaopifu_vip18_model_world,,,,5,6,,,,1,1;99999,3-8999,1-8999,,,,,,,,,,,,,1,V18Prefab/vip18_WarFan/A_build_chenbaopifu_vip18_WarFan,V18Prefab/vip18_WarFan/A_build_chenbaopifu_vip18_WarFan_world,,,
16058,1,0,0,0,,75150;0.05,76150;0.075|75150;0.05|75050;0.05,decoration_name16057,icon_item_baseskin_JakJak,BaseSkin_fes_vip18_JakJak,A_build_chenbaopifu_vip18_model,A_build_chenbaopifu_vip18_model_world,,,,5,6,,,,1,1;99999,3-8999,1-8999,,,,,,,,,,,,,1,V18Prefab/vip18_JakJak/A_build_chenbaopifu_vip18_JakJak,V18Prefab/vip18_JakJak/A_build_chenbaopifu_vip18_JakJak_world,,,
16059,1,0,0,0,,75150;0.05,76150;0.075|75150;0.05|75050;0.05,decoration_name16059,icon_item_baseskin_AlfaGiftNolimit,BaseSkin_fes_vip18_AlfaGiftNolimit,A_build_chenbaopifu_vip18_model,A_build_chenbaopifu_vip18_model_world,,,,5,6,,,,1,1;99999,3-8999,1-8999,,,,,,,,,,,,,1,V18Prefab/vip18_AlfaGiftNolimit/A_build_chenbaopifu_vip18_AlfaGiftNolimit,V18Prefab/vip18_AlfaGiftNolimit/A_build_chenbaopifu_vip18_AlfaGiftNolimit_world,,,
16060,1,0,0,0,,75150;0.05,76150;0.075|75150;0.05|75050;0.05,decoration_name16060,icon_item_baseskin_Koujan90,BaseSkin_fes_vip18_Koujan90,A_build_chenbaopifu_vip18_model,A_build_chenbaopifu_vip18_model_world,,,,5,6,,,,1,1;99999,3-8999,1-8999,,,,,,,,,,,,,1,V18Prefab/vip18_Koujan90/A_build_chenbaopifu_vip18_Koujan90,V18Prefab/vip18_Koujan90/A_build_chenbaopifu_vip18_Koujan90_world,,,
16061,1,0,0,0,,75150;0.05,76150;0.075|75150;0.05|75050;0.05,decoration_name16061,icon_item_baseskin_Merc1818,BaseSkin_fes_vip18_Merc1818,A_build_chenbaopifu_vip18_model,A_build_chenbaopifu_vip18_model_world,,,,5,6,,,,1,1;99999,3-8999,1-8999,,,,,,,,,,,,,1,V18Prefab/vip18_Merc1818/A_build_chenbaopifu_vip18_Merc1818,V18Prefab/vip18_Merc1818/A_build_chenbaopifu_vip18_Merc1818_world,,,
16062,1,0,0,0,,75150;0.05,76150;0.075|75150;0.05|75050;0.05,decoration_name16062,icon_item_baseskin_Mike,BaseSkin_fes_vip18_Mike,A_build_chenbaopifu_vip18_model,A_build_chenbaopifu_vip18_model_world,,,,5,6,,,,1,1;99999,3-8999,1-8999,,,,,,,,,,,,,1,V18Prefab/vip18_Mike/A_build_chenbaopifu_vip18_Mike,V18Prefab/vip18_Mike/A_build_chenbaopifu_vip18_Mike_world,,,
16063,1,0,0,0,,75150;0.05,76150;0.075|75150;0.05|75050;0.05,decoration_name16063,icon_item_baseskin_sos,BaseSkin_fes_vip18_sos,A_build_chenbaopifu_vip18_model,A_build_chenbaopifu_vip18_model_world,,,,5,6,,,,1,1;99999,3-8999,1-8999,,,,,,,,,,,,,1,V18Prefab/vip18_sos/A_build_chenbaopifu_vip18_sos,V18Prefab/vip18_sos/A_build_chenbaopifu_vip18_sos_world,,,
16064,1,0,0,0,,75150;0.05,76150;0.075|75150;0.05|75050;0.05,decoration_name16064,icon_item_baseskin_JoyBoy,BaseSkin_fes_vip18_JoyBoy,A_build_chenbaopifu_vip18_model,A_build_chenbaopifu_vip18_model_world,,,,5,6,,,,1,1;99999,3-8999,1-8999,,,,,,,,,,,,,1,V18Prefab/vip18_JoyBoy/A_build_chenbaopifu_vip18_JoyBoy,V18Prefab/vip18_JoyBoy/A_build_chenbaopifu_vip18_JoyBoy_world,,,
16065,1,0,0,0,,75150;0.05,76150;0.075|75150;0.05|75050;0.05,decoration_name16065,icon_item_baseskin_CJL,BaseSkin_fes_vip18_CJL,A_build_chenbaopifu_vip18_model,A_build_chenbaopifu_vip18_model_world,,,,5,6,,,,1,1;99999,3-8999,1-8999,,,,,,,,,,,,,1,V18Prefab/vip18_CJL/A_build_chenbaopifu_vip18_CJL,V18Prefab/vip18_CJL/A_build_chenbaopifu_vip18_CJL_world,,,
16066,1,0,0,0,,75150;0.05,76150;0.075|75150;0.05|75050;0.05,decoration_name16066,icon_item_baseskin_YACHNA,BaseSkin_fes_vip18_YACHNA,A_build_chenbaopifu_vip18_model,A_build_chenbaopifu_vip18_model_world,,,,5,6,,,,1,1;99999,3-8999,1-8999,,,,,,,,,,,,,1,V18Prefab/vip18_YACHNA/A_build_chenbaopifu_vip18_YACHNA,V18Prefab/vip18_YACHNA/A_build_chenbaopifu_vip18_YACHNA_world,,,
16067,1,0,0,0,,75150;0.05,76150;0.075|75150;0.05|75050;0.05,decoration_name16067,icon_item_baseskin_BJ713,BaseSkin_fes_vip18_BJ713,A_build_chenbaopifu_vip18_model,A_build_chenbaopifu_vip18_model_world,,,,5,6,,,,1,1;99999,3-8999,1-8999,,,,,,,,,,,,,1,V18Prefab/vip18_BJ713/A_build_chenbaopifu_vip18_BJ713,V18Prefab/vip18_BJ713/A_build_chenbaopifu_vip18_BJ713_world,,,
16068,1,0,0,0,,75150;0.05,76150;0.075|75150;0.05|75050;0.05,decoration_name16068,icon_item_baseskin_Qatar1812,BaseSkin_fes_vip18_Qatar1812,A_build_chenbaopifu_vip18_model,A_build_chenbaopifu_vip18_model_world,,,,5,6,,,,1,1;99999,3-8999,1-8999,,,,,,,,,,,,,1,V18Prefab/vip18_Qatar1812/A_build_chenbaopifu_vip18_Qatar1812,V18Prefab/vip18_Qatar1812/A_build_chenbaopifu_vip18_Qatar1812_world,,,
16069,1,0,0,0,,75150;0.05,76150;0.075|75150;0.05|75050;0.05,decoration_name16069,icon_item_baseskin_iwapoyo,BaseSkin_fes_vip18_iwapoyo,A_build_chenbaopifu_vip18_model,A_build_chenbaopifu_vip18_model_world,,,,5,6,,,,1,1;99999,3-4092,1-4092,,,,,,,,,,,,,1,V18Prefab/vip18_iwapoyo/A_build_chenbaopifu_vip18_iwapoyo,V18Prefab/vip18_iwapoyo/A_build_chenbaopifu_vip18_iwapoyo_world,,,
16070,1,0,0,0,,75150;0.05,76150;0.075|75150;0.05|75050;0.05,decoration_name16070,icon_item_baseskin_WijaSoju,BaseSkin_fes_vip18_WijaSoju,A_build_chenbaopifu_vip18_model,A_build_chenbaopifu_vip18_model_world,,,,5,6,,,,1,1;99999,3-4092,1-4092,,,,,,,,,,,,,1,V18Prefab/vip18_WijaSoju/A_build_chenbaopifu_vip18_WijaSoju,V18Prefab/vip18_WijaSoju/A_build_chenbaopifu_vip18_WijaSoju_world,,,
16071,1,0,0,0,,75150;0.05,76150;0.075|75150;0.05|75050;0.05,decoration_name16071,icon_item_baseskin_NTS17,BaseSkin_fes_vip18_NTS17,A_build_chenbaopifu_vip18_model,A_build_chenbaopifu_vip18_model_world,,,,5,6,,,,1,1;99999,3-4092,1-4092,,,,,,,,,,,,,1,V18Prefab/vip18_NTS17/A_build_chenbaopifu_vip18_NTS17,V18Prefab/vip18_NTS17/A_build_chenbaopifu_vip18_NTS17_world,,,
16072,1,0,0,0,,75150;0.05,76150;0.075|75150;0.05|75050;0.05,decoration_name16072,icon_item_baseskin_PBC10,BaseSkin_fes_vip18_PBC10,A_build_chenbaopifu_vip18_model,A_build_chenbaopifu_vip18_model_world,,,,5,6,,,,1,1;99999,3-4092,1-4092,,,,,,,,,,,,,1,V18Prefab/vip18_PBC10/A_build_chenbaopifu_vip18_PBC10,V18Prefab/vip18_PBC10/A_build_chenbaopifu_vip18_PBC10_world,,,
17001,1,0,0,0,0,,,season_mastery_s2_decoration_name_1,zyf_S2_jianzhu2_daoju,zyf_S2_jianzhu2_daoju,A_build_chenbaopifu_loading,A_build_chenbaopifu_loading_world,,,,3,2,,,,1,5;2,3-8999,1-8999,,,,,2,,,,,,,,1,PlayerBaseSkin/S2_moren/A_build_S2_moren,PlayerBaseSkin/S2_moren/A_build_S2_moren_world,,,
17002,1,0,0,2,0,,,season_mastery_s2_decoration_name_2,zyf_S2_jianzhu1_daoju,zyf_S2_jianzhu1_daoju,A_build_chenbaopifu_loading,A_build_chenbaopifu_loading_world,,,,3,2,,,,1,5;2,3-8999,1-8999,,,,,2,,,,,,,,1,PlayerBaseSkin/S2_mao/A_build_S2_mao,PlayerBaseSkin/S2_mao/A_build_S2_mao_world,,,
18001,10,-1,0,0,,,,season_s1_callback_name_1,icon_building_halloween2023,,A_build_chenbaopifu_loading,A_build_chenbaopifu_loading_world,,,,0,0,,,,0,,3-8999,1-8999,,,,,,,,,,,,,1,PlayerBaseSkin/base_halloweenS1/A_build_wanshengjiepifu_S1,PlayerBaseSkin/base_halloweenS1/A_build_wanshengjiepifu_S1_world,,,
18002,10,-1,0,0,,,,season_s2_callback_name_1,icon_item_610121,,A_build_chenbaopifu_loading,A_build_chenbaopifu_loading_world,,,,0,0,,,,0,,3-8999,1-8999,,,,,,,,,,,,,1,PlayerBaseSkin/chenbaopifu_shengdan2023_S2/A_build_chenbaopifu_shengdan2023_S2,PlayerBaseSkin/chenbaopifu_shengdan2023_S2/A_build_chenbaopifu_shengdan2023_world_S2,,,
18003,10,-1,0,0,,,,season_s3_callback_name_1,icon_item_610151,,A_build_chenbaopifu_loading,A_build_chenbaopifu_loading_world,,,,0,0,,,,0,,3-8999,1-8999,,,,,,,,,,,,,1,PlayerBaseSkin/chenbaopifu_music2024_S3/A_build_chenbaopifu_music2024_S3,PlayerBaseSkin/chenbaopifu_music2024_S3/A_build_chenbaopifu_music2024_world_S3,,,
18004,10,-1,0,0,,,,season_s4_callback_name_1,icon_item_610162,,A_build_chenbaopifu_loading,A_build_chenbaopifu_loading_world,,,,0,0,,,,0,,3-8999,1-8999,,,,,,,,,,,,,1,PlayerBaseSkin/chenbaopifu_moon2024_S4_1/A_build_chenbaopifu_moon2024_S4_1,PlayerBaseSkin/chenbaopifu_moon2024_S4_1/A_build_chenbaopifu_moon2024_S4_1_world,,,
18005,10,-1,0,0,,,,season_s4_callback_name_2,icon_item_610162,,A_build_chenbaopifu_loading,A_build_chenbaopifu_loading_world,,,,0,0,,,,0,,3-8999,1-8999,,,,,,,,,,,,,1,PlayerBaseSkin/chenbaopifu_moon2024_S4_2/A_build_chenbaopifu_moon2024_S4_2,PlayerBaseSkin/chenbaopifu_moon2024_S4_2/A_build_chenbaopifu_moon2024_S4_2_world,,,
18006,10,-1,0,0,,,,season_s4_callback_name_1,icon_building_thanksgiving2023,,A_build_chenbaopifu_loading,A_build_chenbaopifu_loading_world,,,,0,0,,,,0,,3-8999,1-8999,,,,,,,,,,,,,1,PlayerBaseSkin/base_thanksgiving2023_S5_1/A_build_base_thanksgiving2023_S5_1,PlayerBaseSkin/base_thanksgiving2023_S5_1/A_build_base_thanksgiving2023_world_S5_1,,,
18007,10,-1,0,0,,,,season_s5_callback_name_2,icon_building_thanksgiving2023,,A_build_chenbaopifu_loading,A_build_chenbaopifu_loading_world,,,,0,0,,,,0,,3-8999,1-8999,,,,,,,,,,,,,1,PlayerBaseSkin/base_thanksgiving2023_S5_2/A_build_base_thanksgiving2023_S5_2,PlayerBaseSkin/base_thanksgiving2023_S5_2/A_build_base_thanksgiving2023_world_S5_2,,,
20001,2,0,1,0,,,,2000481,touxiangkuang_icon3,cfm_zhujiemian_touxiangkuang_3,,,,,,3,1,,,,1,,3-8999,1-8999,,,,,,,,,,,,,,,,,,
20002,2,0,0,0,610003,,,2000482,touxiangkuang_icon1,cfm_zhujiemian_touxiangkuang_1,,,,,,4,2,1,,,1,,3-8999,1-8999,,,,,,,,,,,,,,,,,,
20003,2,0,0,0,610004|610051,,75150;0.05,new_arena_tips_76,lrb_dianfengduijue_touxiangkuang_01,cfm_zhujiemian_touxiangkuang_8,,,,,,5,3,,,,1,,3-8999,1-8999,,,,,,,,,,,,,,,,,,
20004,2,0,0,0,610005|610052,,75150;0.04,new_arena_tips_77,lrb_dianfengduijue_touxiangkuang_02,cfm_zhujiemian_touxiangkuang_4,,,,,,4,4,,,,1,,3-8999,1-8999,,,,,,,,,,,,,,,,,,
20005,2,0,0,0,610006|610053,,75150;0.03,new_arena_tips_78,lrb_dianfengduijue_touxiangkuang_03,cfm_zhujiemian_touxiangkuang_6,,,,,,4,5,,,,1,,3-8999,1-8999,,,,,,,,,,,,,,,,,,
20006,2,0,0,0,610007|610054,,75150;0.025,new_arena_tips_79,lrb_dianfengduijue_touxiangkuang_04,cfm_zhujiemian_touxiangkuang_5,,,,,,4,6,,,,1,,3-8999,1-8999,,,,,,,,,,,,,,,,,,
20007,2,0,0,0,610008|610055,,75150;0.02,new_arena_tips_80,lrb_dianfengduijue_touxiangkuang_05,cfm_zhujiemian_touxiangkuang_7,,,,,,3,7,,,,1,,3-8999,1-8999,,,,,,,,,,,,,,,,,,
20008,2,0,0,0,610024|610029|610030|610025|610026,,75050;0.05,2000867,icon_item_610024,HeadFrame_fes_halloween2023,,,,,,5,50,,,,1,,3-8999,1-8999,,,,,,,,,,,,,,,,,,
20009,2,0,0,0,610033|610038|610039|610034|610035,,75250;0.05,decoration_name20009,icon_item_610033,HeadFrame_fes_thanksgiving2023,,,,,,5,50,,,,1,,3-8999,1-8999,,,,,,,,,,,,,,,,,,
20010,2,0,0,0,610122,,75050;0.05,decoration_name20010,icon_item_610122,HeadFrame_fes_Christmas2023,,,,,,5,50,,,,1,,3-8999,1-8999,,,,,,,,,,,,,,,,,,
20011,2,0,0,0,610131,,75050;0.05,decoration_name20011,icon_item_610131,HeadFrame_fes_valentinesday2024,,,,,,5,50,,,,1,,3-8999,1-8999,,,,,,,,,,,,,,,,,,
20012,2,0,0,0,610144,,75150;0.05,decoration_name20012,icon_item_610144,HeadFrame_fes_easter2024_1,,,,,,5,50,,,,1,3;2024-3-25-0-0-0,3-8999,1-8999,,,,,,,,,,,,,,,,,,
20013,2,0,0,0,610148,,75250;0.05,decoration_name20013,icon_item_610148,HeadFrame_fes_food2024_1,,,,,,5,50,,,,1,3;2024-4-22-0-0-0,3-8999,1-8999,,,,,,,,,,,,,,,,,,
20014,2,0,0,0,610152,,75250;0.05,decoration_name20014,icon_item_610152,HeadFrame_fes_music2024,,,,,,5,50,,,,1,3;2024-6-10-0-0-0,3-8999,1-8999,,,,,,,,,,,,,,,,,,
20015,2,0,0,0,610176,,50201;50,decoration_name20015,FX_icon_ganenjie_touxiangkuang,FX_ganenjie_touxiangkuang,,,,,,5,50,,,,1,3;2024-11-28-0-0-0,3-1098,1-8999,,,,,,,,,,,,,,,,,,
20016,2,0,0,0,610056|610057|610058,,,activity_breakthrough_tips_45,FX_touxiangkuang_icon_beizengmen1,FX_touxiangkuang_beizengmen1,,,,,,4,50,,,,1,,3-8999,1-8999,,,,,,,,,,,,,,,,,,
20017,2,0,0,0,610059|610060|610061,,,activity_breakthrough_tips_46,FX_touxiangkuang_icon_beizengmen2,FX_touxiangkuang_beizengmen2,,,,,,5,50,,,,1,,3-8999,1-8999,,,,,,,,,,,,,,,,,,
20101,2,0,0,0,511010,,,801561,zyf_touxiangkuang_01,zyf_touxiangkuang_9,,,,,,5,8,,,,0,,3-8999,1-8999,,,,,,,,,,,,,,,,,,
20102,2,0,0,0,511012,,75050;0.05,goods_decotation_name20102,zyf_touxiangkuang_06,zyf_touxiangkuang10,,,,,,5,8,,,,1,,3-8999,1-8999,,,,,,,,,,,,,,,,,,
20103,2,0,0,0,511113,,,goods_name_511113,zyf_touxiangkuang_07,zyf_touxiangkuang_7,,,,,,4,8,,,,1,,3-8999,1-8999,,,,,,,,,,,,,,,,,,
21016,2,0,0,0,610186|610187,,50201;50,decoration_name20016,zyf_2025qingrenjie_touxiangkuang_icon_daoju,zyf_2025qingrenjie_touxiangkuang,,,,,,5,50,,,,1,3;2025-2-10-0-0-0,3-1291,1-8999,,,,,,,,,,,,,,,,,,
25000,2,0,0,0,645000,,75250;0.03,decoration_name25000,icon_item_645000,HeadFrame_fes_2024S1,,,,,,5,8,,,,0,2;1,3-8999,1-8999,,,,,,,,,,,,,,,,,,
25001,2,0,0,0,655000|655007|655008|655009,,75150;0.05,decoration_name25001,HeadFrame_new_S1_icon,HeadFrame_new_S1,,,,,,5,8,,,,0,2;1,3-8999,1-8999,,,,,,,,,,,,,,,,,,
25002,2,0,0,0,661001,,75150;0.05,champion_duel_decoration_name1001,zyf_guanjunduijue_touxiangkuang_1._daoju,zyf_guanjunduijue_touxiangkuang_1,,,,,,5,101,,,,1,2;1|4;58,3-8999,1-8999,,,,,,,,,,,,,,,,,,
25003,2,0,0,0,661002,,75150;0.04,champion_duel_decoration_name1002,zyf_guanjunduijue_touxiangkuang_2._daoju,zyf_guanjunduijue_touxiangkuang_2,,,,,,5,102,,,,1,2;1|4;58,3-8999,1-8999,,,,,,,,,,,,,,,,,,
25004,2,0,0,0,661003,,75150;0.03,champion_duel_decoration_name1003,zyf_guanjunduijue_touxiangkuang_3._daoju,zyf_guanjunduijue_touxiangkuang_3,,,,,,5,103,,,,1,2;1|4;58,3-8999,1-8999,,,,,,,,,,,,,,,,,,
25005,2,0,0,0,655010|655011|655012|655013,,75050;0.05,item_name_655010,zyf_S2_touxiangkuang_daoju,zyf_S2_touxiangkuang,,,,,,5,104,,,,0,2;2,3-8999,1-8999,,,,,,,,,,,,,,,,,,
25006,2,0,8,0,,,,season_s4_title_12006_name,lxy_icon_touxiangkuang01_156_S4,lxy_icon_touxiangkuang01_S4,,,,,,5,104,,,,1,5;4,3-8999,1-8999,,,,,,,,,,,,,,,,,,
25007,2,0,8,0,,,,season_s4_title_12007_name,lxy_icon_touxiangkuang02_156_S4,lxy_icon_touxiangkuang02_S4,,,,,,5,104,,,,1,5;4,3-8999,1-8999,,,,,,,,,,,,,,,,,,
25008,2,0,0,0,610062,,,birthday_tips_29,lyt_touxiangkuang_shengri,lyt_shengri_touxiangkuang,,,,,,5,104,,,,0,,3-8999,1-8999,,,,,,,,,,,,,,,,,,
25009,2,0,8,0,,,,season_s5_title_15021_name,ljq_icon_touxiangkuang01_156_S5,ljq_icon_touxiangkuang01_S5.png,,,,,,5,104,,,,1,5;5,3-8999,1-8999,,,,,,,,,,,,,,,,,,
25010,2,0,8,0,,,,season_s5_title_15020_name,ljq_icon_touxiangkuang02_156_S5,ljq_icon_touxiangkuang02_S5.png,,,,,,5,104,,,,1,5;5,3-8999,1-8999,,,,,,,,,,,,,,,,,,
25011,2,0,8,0,,,,season_s5_title_15019_name,ljq_icon_touxiangkuang03_156_S5,ljq_icon_touxiangkuang03_S5.png,,,,,,5,104,,,,1,5;5,3-8999,1-8999,,,,,,,,,,,,,,,,,,
25012,2,0,8,0,,,,season_s5_title_15018_name,ljq_icon_touxiangkuang04_156_S5,ljq_icon_touxiangkuang04_S5.png,,,,,,5,104,,,,1,5;5,3-8999,1-8999,,,,,,,,,,,,,,,,,,
25013,2,0,0,0,970007,,,gift_privilege_frame,zyf_liwu_touxiangkuang,zyf_liwu_touxiangkuang_134x132,,,,,,5,105,,,,0,,3-8999,1-8999,,,,,,,,,,,,,,,,,,
30000,3,0,1,0,,,,2000484,mingpai_icon10,appellation_icon_arena,,,,,,3,1,,0|1.5,,1,,3-8999,1-8999,,,,,,,,,,,,,,,,,,
30003,3,0,6,0,,,,2000487,mingpai_icon8,appellation_icon_crown,,,,,,4,100,,0.1|1.5,,1,,3-8999,1-8999,,,,,,,,,,,,,,,,,,
30004,3,0,6,0,,,,2000488,mingpai_icon4,appellation_icon_crown3,,,,,,4,101,,0.1|1.5,,1,,3-8999,1-8999,,,,,,,,,,,,,,,,,,
30005,3,0,6,0,,,,2000489,mingpai_icon3,appellation_icon_duel02,,,,,,4,103,,0.1|1.5,,1,,3-8999,1-8999,,,,,,,,,,,,,,,,,,
30006,3,0,6,0,,,,2000490,mingpai_icon9,appellation_icon_crown1,,,,,,4,105,,0.1|1.5,,1,,3-8999,1-8999,,,,,,,,,,,,,,,,,,
30007,3,0,6,0,,,,2000491,mingpai_icon7,appellation_icon_crown8,,,,,,4,106,,0.1|1.5,,1,,3-8999,1-8999,,,,,,,,,,,,,,,,,,
30008,3,0,6,0,,,,2000492,mingpai_icon5,appellation_icon_crown5,,,,,,4,107,,0.1|1.5,,1,,3-8999,1-8999,,,,,,,,,,,,,,,,,,
30009,3,0,6,0,,,,2000493,mingpai_icon6,appellation_icon_crown6,,,,,,4,108,,0.1|1.5,,1,,3-8999,1-8999,,,,,,,,,,,,,,,,,,
30010,3,0,0,0,610027|610028,,50060;1000,2000868,icon_item_610027,NamePlate_fes_halloween2023,,,,,,5,109,,0.1|1.5,,1,,3-8999,1-8999,,,,,,,,,,,,,,,,,,
30011,3,0,0,0,610036|610037,,50060;1000,decoration_name30011,icon_item_610036,NamePlate_fes_thanksgiving2023,,,,,,5,109,,0.1|1.5,,1,,3-8999,1-8999,,,,,,,,,,,,,,,,,,
30012,3,0,0,0,610123,,50060;1000,decoration_name50002,icon_item_610123,NamePlate_fes_newyear2024,,,,,,5,109,,0|1.5,,1,,3-8999,1-8999,,,,,,,,,,,,,,,,,,
30013,3,0,0,0,610132,,50060;1000,decoration_name30013,icon_item_610132,NamePlate_fes_valentinesday2024,,,,,,5,109,,0|1.5,"5,0.78,0,0.01;6,0.44,0,0.86",1,,3-8999,1-8999,,,,,,,,,,,,,,,,,,
30014,3,0,0,0,610145,,50060;1000,decoration_name30014,icon_item_610145,NamePlate_fes_easter2024,,,,,,5,109,,0|1.5,,1,3;2024-3-25-0-0-0,3-8999,1-8999,,,,,,,,,,,,,,,,,,
30015,3,0,0,0,610149,,50060;1000,decoration_name30015,icon_item_610149,NamePlate_fes_food2024,,,,,,5,109,,0|1.5,,1,3;2024-4-22-0-0-0,3-8999,1-8999,,,,,,,,,,,,,,,,,,
30016,3,0,0,0,610153,,50060;1000,decoration_name30016,icon_item_610153,NamePlate_fes_music2024,,,,,,5,109,,0|1.5,,1,3;2024-6-10-0-0-0,3-8999,1-8999,,,,,,,,,,,,,,,,,,
30017,3,0,0,0,610157,,50060;1000,decoration_name30017,icon_item_610157,NamePlate_fes_yundonghui2024,,,,,,5,109,,0|1.5,,1,3;2024-7-30-0-0-0,3-8999,1-8999,,,,,,,,,,,,,,,,,,
30018,3,0,0,0,610163,,50060;1000,decoration_name30018,icon_item_610163,NamePlate_fes_manyue2024,,,,,,5,109,,0|1.5,,1,3;2024-9-16-0-0-0,3-1291,1-8999,,,,,,,,,,,,,,,,,,
30019,3,0,0,0,610171,,50060;1000,decoration_name30019,icon_item_610171,NamePlate_fes_halloween2024,,,,,,5,109,,0|1.5,,1,3;2024-10-28-0-0-0,3-1010,1-8999,,,,,,,,,,,,,,,,,,
30020,3,0,0,0,610180,,50060;1000,decoration_name30020,icon_item_610180,NamePlate_fes_shengdan2024,,,,,,5,109,,0|1.5,,1,3;2024-12-23-0-0-0,3-1160,1-8999,,,,,,,,,,,,,,,,,,
30021,3,0,0,0,610181,,50060;1000,decoration_name30021,zyf_icon_xinnian_mingpai_daoju,NamePlate_fes_xinnian2025,,,,,,5,109,,0|1.5,,1,3;2024-12-30-0-0-0,3-1176,1-8999,,,,,,,,,,,,,,,,,,
30022,3,0,0,0,610185,,50060;1000,decoration_name30022,icon_item_610185,NamePlate_fes_valentine2025,,,,,,5,109,,0|1.5,,1,3;2025-2-10-0-0-0,3-1291,1-8999,,,,,,,,,,,,,,,,,,
30023,3,0,0,0,610189,,50060;1000,decoration_name30023,icon_item_610189,NamePlate_fes_easter2025,,,,,,5,109,,0|1.5,,1,3;2025-4-21-0-0-0,3-1475,1-8999,,,,,,,,,,,,,,,,,,
30024,3,0,0,0,610191,,50060;1000,decoration_name30024,zyf_2025yinyuejie_mingpai_icon,zyf_2025yinyuejie_mingpai,,,,,,5,109,,0|1.5,,1,3;2025-7-7-0-0-0,3-1660,1-8999,,,,,,,,,,,,,,,,,,
30025,3,0,0,0,610193,,50060;1000,decoration_name30025,lxy_2025wanshengjie_mingpai_icon_daoju,NamePlate_fes_wansheng2025,,,,,,5,109,,0|1.5,,1,3;2025-10-27-0-0-0,3-1885,1-8999,,,,,,,,,,,,,,,,,,
30101,3,0,0,0,511011,,,801563,mingpai_icon2,cfm_mingpai_2,,,,,,4,110,,0.1|1.5,,1,,3-8999,1-8999,,,,,,,,,,,,,,,,,,
35000,3,0,0,0,645001,,50060;1000,decoration_name35000,icon_item_645001,NamePlate_fes_2024S1,,,,,,5,109,,0|1.5,,1,2;1,3-8999,1-8999,,,,,,,,,,,,,,,,,,
35001,3,0,0,0,655001,,50060;1000,decoration_name35001,NamePlate_new_S1_icon,NamePlate_new_S1,,,,,,5,109,,0|1.5,,1,2;1,3-8999,1-8999,,,,,,,,,,,,,,,,,,
35002,3,0,0,0,655014,,50060;1000,item_name_655014,zyf_S2_mingpai_daoju,NamePlate_new_S2,,,,,,5,109,,0|1.5,,1,2;2,3-8999,1-8999,,,,,,,,,,,,,,,,,,
35003,3,0,0,0,655019,,50060;1000,decoration_name35003,ljq_saiji3_mingpai_daoju,ljq_saiji3_mingpai,,,,,,5,109,,0|1.5,,1,2;3,3-8999,1-8999,,,,,,,,,,,,,,,,,,
35004,3,0,0,0,655028,,50060;1000,decoration_name35004,lxy_s4_mingpaidaoju01,lxy_s4_mingpai01,,,,,,5,109,,0|1.5,,1,2;4,3-8999,1-8999,,,,,,,,,,,,,,,,,,
35005,3,0,0,0,655029,,50060;1000,decoration_name35005,lxy_s4_mingpaidaoju02,lxy_s4_mingpai02,,,,,,5,109,,0|1.5,,0,2;4,3-8999,1-8999,,,,,,,,,,,,,,,,,,
35006,3,0,0,0,655030,,50060;1000,decoration_name35006,lxy_s4_mingpaidaoju03,lxy_s4_mingpai03,,,,,,5,109,,0|1.5,,0,2;4,3-8999,1-8999,,,,,,,,,,,,,,,,,,
35007,3,0,0,0,655031,,50060;1000,decoration_name35007,lxy_s4_mingpaidaoju04,lxy_s4_mingpai04,,,,,,5,109,,0|1.5,,0,2;4,3-8999,1-8999,,,,,,,,,,,,,,,,,,
35008,3,0,0,0,655033,,,season_s4_goods_name655033,lxy_s4_mingpaidaoju04,lxy_s4_mingpai04,,,,,,5,109,,0|1.5,,0,2;4,3-8999,1-8999,,,,,,,,,,,,,,,,,,
35009,3,0,0,0,655038,,50060;1000,item_name_655038,LXY_s5_mingpai_T1,LXY_s5_mingpai_1,,,,,,5,109,,0|1.5,,0,2;5,3-8999,1-8999,,,,,,,,,,,,,,,,,,
40000,4,0,1,0,,,,2000485,daben_icon2,,,,,,,3,1,,,,1,,3-8999,1-8999,,,,,,,,,,,,,,,,,,
40001,4,0,0,0,610018|610019|610020|610021,,75950;0.03,2000486,icon_item_610018,base_effect_pifu1,A_build_effect_doomsdayparty,A_build_effect_doomsdayparty_world,,,,5,2,,,,1,,3-8999,1-8999,,,,,,,,,,,,,,,,,,
40002,4,0,0,0,610135,,75950;0.02,decoration_name40002,icon_item_610135,base_effect_valentinesday2024,A_build_effect_valentinesday2024,A_build_effect_valentinesday2024_world,,,,5,3,,,,1,,3-251,1-8999,,,,,,,,,,,,,,,,,,
40003,4,0,0,0,610147,,75950;0.015,decoration_name50004,item_icon_610147,base_effect_easter2024,A_build_effect_easter2024,A_build_effect_easter2024_world,,,,5,3,,,,1,3;2024-3-25-0-0-0,3-8999,1-8999,,,,,,,,,,,,,,,,,,
40004,4,0,0,0,610142,,75950;0.03,decoration_name40004,item_icon_610142,base_effect_newvip17,A_build_effect_newvip17,A_build_effect_newvip17_world,,,,5,3,,,,1,,3-8999,1-8999,,,,,,,,,,,,,,,,,,
40005,4,0,0,0,610155,,75950;0.015,decoration_name40005,item_icon_610155,base_effect_music2024,A_build_effect_music2024,A_build_effect_music2024_world,,,,5,3,,,,1,3;2024-6-10-0-0-0,3-8999,1-8999,,,,,,,,,,,,,,,,,,
40006,4,0,0,0,610159,,75950;0.015,decoration_name40006,icon_item_610159,base_effect_yundong2024,A_build_effect_yundong2024,A_build_effect_yundong2024_world,,,,5,3,,,,1,3;2024-7-29-0-0-0,3-8999,1-8999,,,,,,,,,,,,,,,,,,
40007,4,0,0,0,610173,,75950;0.015,decoration_name40007_1,icon_item_610173,base_effect_halloween2024,A_build_effect_halloween2024,A_build_effect_halloween2024_world,,,,5,3,,,,1,3;2024-10-28-0-0-0,3-8999,1-8999,,,,,,,,,,,,,,,,,,
40009,4,0,0,0,610179,,75949;0.015,decoration_name40009,icon_item_610179,base_effect_2024christmas,A_build_effect_christmas2024,A_build_effect_christmas2024_world,,,,5,3,,,,1,3;2024-12-23-0-0-0,3-1160,1-8999,,,,,,,,,,,,,,,,,,
40010,4,0,0,0,610184,,75949;0.015,decoration_name40010,icon_item_610184,base_effect_2025valentine,A_build_effect_valentine2025,A_build_effect_valentine2025_world,,,,5,3,,,,1,3;2025-2-10-0-0-0,3-1291,1-8999,,,,,,,,,,,,,,,,,,
40011,4,0,0,0,610190,,75949;0.015,decoration_name40011,lyt_2025yinyuejie_chengbaotexiao,base_effect_music2025,Eff_2025music_Note,Eff_2025music_Note_world,,,,5,3,,,,1,3;2025-7-7-0-0-0,3-1660,1-8999,,,,,,,,,,,,,,,,,,
50000,5,0,1,0,,,,2900049,sj_liaotian_bubble_1_preview,sj_liaotian_bubble_1,,,,,,3,1,,,"0.32,0.32,0.32|0.64,0.50,0.27",1,,3-8999,1-8999,,,,,,,,,,,,,,,,,,
50001,5,0,0,0,610041|610040|610170,,50061;25,decoration_name50001,bubble_fes_thanksgiving2023,bubble_thanksgiving2023,,,,,,5,1,,,"0.32,0.32,0.32|0.64,0.50,0.27",1,,3-8999,1-8999,,,,,,,,,,,,,,,,,,
50002,5,0,0,0,610124|610166,,50061;25,decoration_name30012,bubble_fes_newyear2024,bubble_newyear2024,,,,,,5,1,,,"1,1,1|0.72,0.81,0.91",1,,3-8999,1-8999,,,,,,,,,,,,,,,,,,
50003,5,0,0,0,610133|610167,,50061;25,decoration_name50003,bubble_fes_springfestival2024,bubble_springfestival2024,,,,,,5,1,,,"1,0.96,0.32|0.94,0.74,0.30",1,,3-8999,1-8999,,,,,,,,,,,,,,,,,,
50004,5,0,0,0,610146|610168,,50061;25,decoration_name40003,icon_item_610146,bubble_easter2024,,,,,,5,1,,,"0.84,0.48,0.06|0.69,0.39,0.05",1,3;2024-3-25-0-0-0,3-8999,1-8999,,,,,,,,,,,,,,,,,,
50005,5,0,0,0,610150|610169,,50061;25,decoration_name50005,zyf_meishijie_liaotianqipao_140x140,bubble_food2024,,,,,,5,1,,,"1,0.9,0.6|0.96,0.76,0.45",1,3;2024-4-22-0-0-0,3-8999,1-8999,,,,,,,,,,,,,,,,,,
50006,5,0,0,0,610154|610165,,50061;25,decoration_name50006,zyf_yinyuejie_qipaoyulan,bubble_music2024_01,,,,,,5,1,,,"0,0,0|0.31,0.31,0.55",1,3;2024-6-10-0-0-0,3-8999,1-8999,,,,,,,,,,,,,,,,,,
50007,5,0,0,0,610160|610161,,50061;25,decoration_name50007,bubble_yundonghui_icon,bubble_yundonghui2024,,,,,,5,1,,,"0.15,0.24,0.05|0.43,0.54,0.31",1,3;2024-7-30-0-0-0,3-726,1-8999,,,,,,,,,,,,,,,,,,
50008,5,0,0,0,610174|610175,,50061;25,decoration_name50008,bubble_halloween_icon,bubble_halloween2024,,,,,,5,1,,,"0.17,0.04,0.26|0.36,0.21,0.44",1,3;2024-10-28-0-0-0,3-1010,1-8999,,,,,,,,,,,,,,,,,,
50009,5,0,0,0,610182|610183,,50061;25,decoration_name50009,zyf_icon_xinnian_liaotiankuang_daoju,zyf_xinnian_liaotiankuang_100x100,,,,,,5,1,,,"0.68,0.29,0.01|0.84,0.45,0.16",1,3;2024-12-30-0-0-0,3-1176,1-8999,,,,,,,,,,,,,,,,,,
55000,5,0,0,0,645002,,50061;25,decoration_name55000,icon_item_645002,bubble_2024S1,,,,,,5,1,,,"0.15,0.24,0.05|0.15,0.24,0.05",0,,3-8999,1-8999,,,,,,,,,,,,,,,,,,
55001,5,0,0,0,655002,,50061;25,decoration_name55001,bubble_new_S1_icon,bubble_new_S1,,,,,,5,1,,,"1,1,1|0.82,0.75,0.78",0,,3-8999,1-8999,,,,,,,,,,,,,,,,,,
55002,5,0,0,0,661004,,50061;25,champion_duel_decoration_name1004,zyf_guanjunduijue_qipao_1_daoju,zyf_guanjunduijue_qipao_1,,,,,,5,101,,,"1,1,1|0.97,0.87,0.75",1,2;1|4;58,3-8999,1-8999,,,,,,,,,,,,,,,,,,
55003,5,0,0,0,661005,,50061;20,champion_duel_decoration_name1005,zyf_guanjunduijue_qipao_2_daoju,zyf_guanjunduijue_qipao_2,,,,,,5,102,,,"1,1,1|0.86,0.88,0.94",1,2;1|4;58,3-8999,1-8999,,,,,,,,,,,,,,,,,,
55004,5,0,0,0,661006,,50061;15,champion_duel_decoration_name1006,zyf_guanjunduijue_qipao_3_daoju,zyf_guanjunduijue_qipao_3,,,,,,5,103,,,"1,1,1|0.93,0.83,0.78",1,2;1|4;58,3-8999,1-8999,,,,,,,,,,,,,,,,,,
60000,6,1,1,0,,,,new_uav_level_drone_name1,icon_uav_lv1,wurenjipifu_lv1,,,,,1201,3,1,,,49,1,,3-8999,1-8999,,,,,,,,,FX_wurenjipifu01,,,,,,,,,
60001,6,1,0,0,610125,,50082;1000|50011;0.02,decoration_name60001,icon_item_610125,wurenjipifu_2023xmax,A_Hero_wurenji_shengdanjie_01,,,,1102,5,101,,,,1,,3-8999,1-8999,,,,,,,,,FX_wurenjipifu07,,,,,,,,,
60002,6,1,0,0,610134,,50082;1000|50011;0.02,decoration_name60002,icon_item_610134,wurenjipifu_springfestival2024xmax,A_Hero_wurenji_springfestival2024_01,,,,1103,5,102,,,,1,,3-1291,1-8999,,,,,,,,,FX_wurenjipifu06,,,,,,,,,
60101,6,1,7,0,,,50082;5000,new_uav_level_drone_name2,icon_uav_lv50,wurenjipifu_lv50,,,,,1206,4,2,,,99,1,,3-8999,1-8999,,,,,,,,,FX_wurenjipifu02,,,,,,,,,
60102,6,1,7,0,,,75150;0.05,new_uav_level_drone_name3,icon_uav_lv100,wurenjipifu_lv100,,,,,1211,5,3,,,149,1,,3-8999,1-8999,,,,,,,,,FX_wurenjipifu03,,,,,,,,,
60103,6,1,7,0,,,75949;0.02,new_uav_level_drone_name4,icon_uav_lv150,wurenjipifu_lv150,,,,,1216,5,4,,,199,1,,3-8999,1-8999,,,,,,,,,FX_wurenjipifu04,,,,,,,,,
60104,6,1,7,0,,,76150;0.05,new_uav_level_drone_name5,icon_uav_lv200,wurenjipifu_lv200,,,,,1221,5,5,,,249,1,,3-8999,1-8999,,,,,,,,,FX_wurenjipifu05,,,,,,,,,
60105,6,1,7,0,,,50150;0.05,new_uav_level_drone_name6,icon_uav_lv250,wurenjipifu_lv200,,,,,1226,5,6,,,9999,1,,3-8999,1-8999,,,,,,,,,FX_wurenjipifu08,,,,,,,,,
70001,7,2,0,0,661010,,,champion_duel_tips1133,lrb_guanjunduijue_buff,lrb_guanjunduijue_buff,,,,,,5,0,,,501001,1,,3-8999,100-8999,,,,,,,,,,,,,,,,,,
70002,7,2,0,0,661011,,,champion_duel_tips1133,lrb_guanjunduijue_buff,lrb_guanjunduijue_buff,,,,,,5,0,,,501002,1,,3-8999,100-8999,,,,,,,,,,,,,,,,,,
70003,7,2,0,0,661012,,,champion_duel_tips1133,lrb_guanjunduijue_buff,lrb_guanjunduijue_buff,,,,,,5,0,,,501003,1,,3-8999,100-8999,,,,,,,,,,,,,,,,,,
80000,8,0,1,0,,,,killstreak_report_decoration_name_1,mjc_icon_liansheng_1,mjc_icon_liansheng_1,Assets/Main/Prefabs/UI/MultiKill/UIMultiKill.prefab,Assets/Main/Prefabs/March/WorldMultiKill.prefab,,,,3,1,,,,1,,3-8999,1-8999,,,,,,,,,,,,,,,,,,
80001,8,0,0,0,613001,,50061;25,killstreak_report_decoration_name_2,mjc_icon_liansheng_2,mjc_icon_liansheng_2,Assets/Main/Prefabs/UI/MultiKill/UIMultiKillRailgun.prefab,Assets/Main/Prefabs/March/WorldMultiKillRailgun.prefab,,,,5,2,,,,1,,3-8999,1-8999,,,,,,,,,,,,,,,,,,
90000,3,0,0,0,610009,,,500023,mingpai_icon11,appellation_icon_allianceduel01,,,,,,4,110,,0|1.5,,1,,3-8999,1-8999,,,,,,,,,,,,,,,,,,
90001,3,0,0,0,610042|610043|610044,,,459041,sj_mingpai_baijin_icon,sj_mingpai_baijin,,,,,,5,111,,0|1.5,,1,,3-8999,1-8999,,,,,,,,,,,,,,,,,,
90002,3,0,0,0,610045|610046|610047,,,459042,sj_mingpai_huangjin_icon,sj_mingpai_huangjin,,,,,,5,112,,0|1.5,,1,,3-8999,1-8999,,,,,,,,,,,,,,,,,,
90003,3,0,0,0,610048|610049|610050,,,459043,sj_mingpai_zuanshi_icon,sj_mingpai_zuanshi,,,,,,5,113,,0|1.5,,1,,3-8999,1-8999,,,,,,,,,,,,,,,,,,
100001,9,0,1,0,,,,sticker_map_like,map_like,map_like,,,,,,-1,1,,,6,1,,3-8999,100-8999,,,,,,,,,,,,,,,,,,
100002,9,0,1,0,,,,sticker_map_angry,map_angry,map_angry,,,,,,0,2,,,7,1,,,,,,,,,,,,,,,,,,,,,
100003,9,0,1,0,,,,sticker_map_cry,map_cry,map_cry,,,,,,0,3,,,8,1,,,,,,,,,,,,,,,,,,,,,
100004,9,0,1,0,,,,sticker_map_laugh,map_laugh,map_laugh,,,,,,0,4,,,9,1,,,,,,,,,,,,,,,,,,,,,
100005,9,0,0,0,650058,,,season_s3_activity_1000063_desc10,item_icon_650056,item_icon_650056,,,,,,0,5,,,13,0,,,,,,,,,,,,,,,,,,,,,
100006,9,0,0,0,650059,,,season_s3_activity_1000063_desc11,item_icon_650057,item_icon_650057,,,,,,0,6,,,14,0,,,,,,,,,,,,,,,,,,,,,
100007,9,0,0,0,,,,,,,,,,,,0,9,,,1,0,,,,,,,,,,,,,,,,,,,,,
100008,9,0,0,0,,,,,,,,,,,,0,10,,,2,0,,,,,,,,,,,,,,,,,,,,,
100009,9,0,0,0,,,,,,,,,,,,0,11,,,3,0,,,,,,,,,,,,,,,,,,,,,
100010,9,0,0,0,,,,,,,,,,,,0,12,,,4,0,,,,,,,,,,,,,,,,,,,,,
100011,9,0,0,0,,,,,,,,,,,,0,1,,,5,0,,,,,,,,,,,,,,,,,,,,,
100012,9,0,0,0,,,,,,,,,,,,0,5,,,16,0,,,,,,,,,,,,,,,,,,,,,
100013,9,0,0,0,,,,,,,,,,,,0,18,,,10,0,,,,,,,,,,,,,,,,,,,,,
100014,9,0,0,0,,,,,,,,,,,,0,6,,,18,0,,,,,,,,,,,,,,,,,,,,,
100015,9,0,0,0,,,,,,,,,,,,0,7,,,19,0,,,,,,,,,,,,,,,,,,,,,
100016,9,0,0,0,,,,,,,,,,,,0,15,,,20,0,,,,,,,,,,,,,,,,,,,,,
100017,9,0,0,0,,,,,,,,,,,,0,16,,,21,0,,,,,,,,,,,,,,,,,,,,,
100018,9,0,0,0,,,,,,,,,,,,0,8,,,22,0,,,,,,,,,,,,,,,,,,,,,
100019,9,0,0,0,,,,,,,,,,,,0,19,,,23,0,,,,,,,,,,,,,,,,,,,,,
100020,9,0,0,0,,,,,,,,,,,,0,17,,,24,0,,,,,,,,,,,,,,,,,,,,,
100021,9,0,0,0,,,,,,,,,,,,0,20,,,25,0,,,,,,,,,,,,,,,,,,,,,
100022,9,0,0,0,,,,,,,,,,,,0,21,,,28,0,,,,,,,,,,,,,,,,,,,,,
100023,9,0,0,0,,,,,,,,,,,,0,22,,,29,0,,,,,,,,,,,,,,,,,,,,,
100024,9,0,0,0,,,,,,,,,,,,0,23,,,30,0,,,,,,,,,,,,,,,,,,,,,
100025,9,0,0,0,,,,,,,,,,,,0,24,,,31,0,,,,,,,,,,,,,,,,,,,,,
100026,9,0,0,0,,,,,,,,,,,,0,25,,,32,0,,,,,,,,,,,,,,,,,,,,,
100027,9,0,0,0,,,,,,,,,,,,0,26,,,17,0,,,,,,,,,,,,,,,,,,,,,
100028,9,0,0,0,,,,,,,,,,,,0,27,,,11,0,,,,,,,,,,,,,,,,,,,,,
100029,9,0,0,0,,,,,,,,,,,,0,27,,,12,0,,,,,,,,,,,,,,,,,,,,,
100030,9,0,0,0,,,,,,,,,,,,0,25,,,26,0,,,,,,,,,,,,,,,,,,,,,
100031,9,0,0,0,,,,,,,,,,,,0,29,,,31,0,,,,,,,,,,,,,,,,,,,,,
