id,pp_link,term_link,pp_link_pc,term_link_pc
0,https://lastwar-h5.lastwargame.com/app/privacy_20250228.html,https://lastwar-h5.lastwargame.com/app/terms_new.html,https://lastwar-h5.lastwargame.com/app/privacy_20250228.html,https://lastwar-h5.lastwargame.com/app/terms_new.html
14,https://lastwar-h5.lastwargame.com/app/privacy_20250228.html,https://lastwar-h5.lastwargame.com/app/terms_new.html,https://lastwar-h5.lastwargame.com/app/privacy_20250228.html,https://lastwar-h5.lastwargame.com/app/terms_new.html
18,https://lastwar-h5.lastwargame.com/app/privacy_20250228_fr.html,https://lastwar-h5.lastwargame.com/app/terms_new_fr.html,https://lastwar-h5.lastwargame.com/app/privacy_20250228_fr.html,https://lastwar-h5.lastwargame.com/app/terms_new_fr.html
20,https://lastwar-h5.lastwargame.com/app/privacy_20250515_de.html,https://lastwar-h5.lastwargame.com/app/terms_20250515_de.html,https://lastwar-h5.lastwargame.com/app/privacy_20250515_de.html,https://lastwar-h5.lastwargame.com/app/terms_20250515_de.html
27,https://lastwar-h5.lastwargame.com/app/privacy_20250228_ja.html,https://lastwar-h5.lastwargame.com/app/terms_new_ja.html,https://lastwar-h5.lastwargame.com/app/privacy_20250228_ja.html,https://lastwar-h5.lastwargame.com/app/terms_new_ja.html
28,https://lastwar-h5.lastwargame.com/app/privacy_20250228_ko.html,https://lastwar-h5.lastwargame.com/app/terms_20250926_ko.html,https://lastwar-h5.lastwargame.com/app/privacy_20250515_pc_ko.html,https://lastwar-h5.lastwargame.com/app/terms_20250926_ko.html
