id,order,group,start_wait,start,start_para,event_type,event_type_para,next_type,next_type_para,auto_next_time,exit_click,nextid,arrow_type,arrow_direction,arrow_light,backid,is_mandatory
10000,1,,,无条件,,剧情对白,,,,,,,,,,,
10001,2,,,任务领奖,,timeline,,,,,,,,,,,
10002,3,,,建造了某建筑,,移动镜头,,,,,,,,,,,
10003,4,,,打开某界面,,点击【对象】,,,,,,,,,,,
10004,5,,,关闭了某界面,,解锁某主UI,,,,,,,,,,,
10005,6,,,,,打开目标UI,,,,,,,,,,,
10006,7,,,,,关闭UI,,,,,,,,,,,
10007,8,,,,,显示XX气泡,,,,,,,,,,,
10008,9,,,,,隐藏XX气泡,,,,,,,,,,,
10009,10,,,,,等待,,,,,,,,,,,
10010,11,,,,,,,,,,,,,,,,
10011,12,,,,,,,,,,,,,,,,
10012,13,,,,,,,,,,,,,,,,
