id,name,desc,model_name,model_size,color,is_special,world_open,show_time,level,protect_times,conditions,times,steal_maxtimes,steal_reward_ratio,base_reward,base_reward_show,super_conditions,super_reward_icon,super_reward,super_reward_detail,help_reward
40101,ghostrecon_questname001,ghostrecon_questdes001,Assets/Main/Prefabs/DispatchTask/GhostRecon_SSR.prefab,3,4,0,1,600,3,0,2;4;2|4;80;3,1500,3,10,105634301,710005;7;20|520002;7;10|520003;7;10|520004;7;10,,,0,,130052
40102,ghostrecon_questname001,ghostrecon_questdes001,Assets/Main/Prefabs/DispatchTask/GhostRecon_SSR.prefab,3,4,0,1,600,3,0,2;4;2|4;80;3,1500,3,10,105634310,710005;7;20|520004;7;10|200220;7;30|5001;27;200,,,0,,130052
40103,ghostrecon_questname001,ghostrecon_questdes001,Assets/Main/Prefabs/DispatchTask/GhostRecon_SSR.prefab,3,4,0,1,600,3,0,2;4;2|4;80;3,1500,3,10,105634319,710005;7;20|520004;7;10|200220;7;30|500104;7;200,,,0,,130052
40104,ghostrecon_questname001,ghostrecon_questdes001,Assets/Main/Prefabs/DispatchTask/GhostRecon_SSR.prefab,3,4,0,1,600,3,0,2;4;2|4;80;3,1500,3,10,105634320,710005;7;20|520004;7;10|200220;7;30|500104;7;200,,,0,,130052
40105,ghostrecon_questname001,ghostrecon_questdes001,Assets/Main/Prefabs/DispatchTask/GhostRecon_SSR.prefab,3,4,0,1,600,3,0,2;4;2|4;80;3,1500,3,10,105634311,710005;7;20|520004;7;10|200220;7;30|5001;27;200,,,0,,130052
40106,ghostrecon_questname001,ghostrecon_questdes001,Assets/Main/Prefabs/DispatchTask/GhostRecon_SSR.prefab,3,4,0,1,600,3,0,2;4;2|4;80;3,1500,3,10,105634302,710005;7;20|520002;7;10|520003;7;10|520004;7;10,,,0,,130052
40201,ghostrecon_questname002,ghostrecon_questdes002,Assets/Main/Prefabs/DispatchTask/GhostRecon_SSR.prefab,3,4,0,1,600,4,0,2;4;2|4;100;3,1500,3,10,105634303,710005;7;25|520002;7;12|520003;7;12|520004;7;12,,,0,,130052
40202,ghostrecon_questname002,ghostrecon_questdes002,Assets/Main/Prefabs/DispatchTask/GhostRecon_SSR.prefab,3,4,0,1,600,4,0,2;4;2|4;100;3,1500,3,10,105634321,710005;7;25|520004;7;12|200220;7;60|500104;7;250,,,0,,130052
40203,ghostrecon_questname002,ghostrecon_questdes002,Assets/Main/Prefabs/DispatchTask/GhostRecon_SSR.prefab,3,4,0,1,600,4,0,2;4;2|4;100;3,1500,3,10,105634312,710005;7;25|520004;7;12|200220;7;60|5001;27;300,,,0,,130052
40204,ghostrecon_questname002,ghostrecon_questdes002,Assets/Main/Prefabs/DispatchTask/GhostRecon_SSR.prefab,3,4,0,1,600,4,0,2;4;2|4;100;3,1500,3,10,105634304,710005;7;25|520002;7;12|520003;7;12|520004;7;12,,,0,,130052
40205,ghostrecon_questname002,ghostrecon_questdes002,Assets/Main/Prefabs/DispatchTask/GhostRecon_SSR.prefab,3,4,0,1,600,4,0,2;4;2|4;100;3,1500,3,10,105634313,710005;7;25|520004;7;12|200220;7;60|5001;27;300,,,0,,130052
40206,ghostrecon_questname002,ghostrecon_questdes002,Assets/Main/Prefabs/DispatchTask/GhostRecon_SSR.prefab,3,4,0,1,600,4,0,2;4;2|4;100;3,1500,3,10,105634322,710005;7;25|520004;7;12|200220;7;60|500104;7;250,,,0,,130052
40207,ghostrecon_questname002,ghostrecon_questdes002,Assets/Main/Prefabs/DispatchTask/GhostRecon_SSR.prefab,3,4,0,1,600,4,0,2;4;2|4;100;3,1500,3,10,105634314,710005;7;25|520004;7;12|200220;7;60|5001;27;300,,,0,,130052
40208,ghostrecon_questname002,ghostrecon_questdes002,Assets/Main/Prefabs/DispatchTask/GhostRecon_SSR.prefab,3,4,0,1,600,4,0,2;4;2|4;100;3,1500,3,10,105634323,710005;7;25|520004;7;12|200220;7;60|500104;7;250,,,0,,130052
40209,ghostrecon_questname002,ghostrecon_questdes002,Assets/Main/Prefabs/DispatchTask/GhostRecon_SSR.prefab,3,4,0,1,600,4,0,2;4;2|4;100;3,1500,3,10,105634305,710005;7;25|520002;7;12|520003;7;12|520004;7;12,,,0,,130052
40301,ghostrecon_questname003,ghostrecon_questdes003,Assets/Main/Prefabs/DispatchTask/GhostRecon_SSR.prefab,3,4,0,1,600,5,0,2;4;3|4;120;3,1500,3,10,105634306,710005;7;30|520002;7;14|520003;7;14|520004;7;14,,,0,,130052
40302,ghostrecon_questname003,ghostrecon_questdes003,Assets/Main/Prefabs/DispatchTask/GhostRecon_SSR.prefab,3,4,0,1,600,5,0,2;4;3|4;120;3,1500,3,10,105634307,710005;7;30|520002;7;14|520003;7;14|520004;7;14,,,0,,130052
40303,ghostrecon_questname003,ghostrecon_questdes003,Assets/Main/Prefabs/DispatchTask/GhostRecon_SSR.prefab,3,4,0,1,600,5,0,2;4;3|4;120;3,1500,3,10,105634324,710005;7;30|520004;7;14|200220;7;100|500104;7;300,,,0,,130052
40304,ghostrecon_questname003,ghostrecon_questdes003,Assets/Main/Prefabs/DispatchTask/GhostRecon_SSR.prefab,3,4,0,1,600,5,0,2;4;3|4;120;3,1500,3,10,105634315,710005;7;30|520004;7;14|200220;7;100|5001;27;500,,,0,,130052
40305,ghostrecon_questname003,ghostrecon_questdes003,Assets/Main/Prefabs/DispatchTask/GhostRecon_SSR.prefab,3,4,0,1,600,5,0,2;4;3|4;120;3,1500,3,10,105634316,710005;7;30|520004;7;14|200220;7;100|5001;27;500,,,0,,130052
40306,ghostrecon_questname003,ghostrecon_questdes003,Assets/Main/Prefabs/DispatchTask/GhostRecon_SSR.prefab,3,4,0,1,600,5,0,2;4;3|4;120;3,1500,3,10,105634325,710005;7;30|520004;7;14|200220;7;100|500104;7;300,,,0,,130052
40307,ghostrecon_questname003,ghostrecon_questdes003,Assets/Main/Prefabs/DispatchTask/GhostRecon_SSR.prefab,3,4,0,1,600,5,0,2;4;3|4;120;3,1500,3,10,105634317,710005;7;30|520004;7;14|200220;7;100|5001;27;500,,,0,,130052
40308,ghostrecon_questname003,ghostrecon_questdes003,Assets/Main/Prefabs/DispatchTask/GhostRecon_SSR.prefab,3,4,0,1,600,5,0,2;4;3|4;120;3,1500,3,10,105634326,710005;7;30|520004;7;14|200220;7;100|500104;7;300,,,0,,130052
40309,ghostrecon_questname003,ghostrecon_questdes003,Assets/Main/Prefabs/DispatchTask/GhostRecon_SSR.prefab,3,4,0,1,600,5,0,2;4;3|4;120;3,1500,3,10,105634308,710005;7;30|520002;7;14|520003;7;14|520004;7;14,,,0,,130052
40310,ghostrecon_questname003,ghostrecon_questdes003,Assets/Main/Prefabs/DispatchTask/GhostRecon_SSR.prefab,3,4,0,1,600,5,0,2;4;3|4;120;3,1500,3,10,105634309,710005;7;30|520002;7;14|520003;7;14|520004;7;14,,,0,,130052
40311,ghostrecon_questname003,ghostrecon_questdes003,Assets/Main/Prefabs/DispatchTask/GhostRecon_SSR.prefab,3,4,0,1,600,5,0,2;4;3|4;120;3,1500,3,10,105634327,710005;7;30|520004;7;14|200220;7;100|500104;7;300,,,0,,130052
40312,ghostrecon_questname003,ghostrecon_questdes003,Assets/Main/Prefabs/DispatchTask/GhostRecon_SSR.prefab,3,4,0,1,600,5,0,2;4;3|4;120;3,2100,3,10,105634318,710005;7;30|520004;7;14|200220;7;100|5001;27;500,,,0,,130052
50101,ghostrecon_questname004,ghostrecon_questdes004,Assets/Main/Prefabs/DispatchTask/GhostRecon_UR.prefab,3,5,0,1,600,3,0,2;4;2|3;11;2|4;80;3,2100,3,10,105634328,710005;7;50|520002;7;13|520003;7;13|520004;7;13,50006;11;80;2|50009;6;80;1,ljq_youling_baoxiang_01,691008,520004;4;2000|520007;1;1500|520010;1;500|540301;1;800|540401;1;200|510027;500;1000|510035;5;500|200223;1;1500|560006;1;2000,130051
50102,ghostrecon_questname004,ghostrecon_questdes004,Assets/Main/Prefabs/DispatchTask/GhostRecon_UR.prefab,3,5,0,1,600,3,0,2;4;2|3;11;2|4;80;3,2100,3,10,105634337,710005;7;50|200220;7;60|520004;7;13|5001;27;400,50007;11;80;2|50009;6;80;1,ljq_youling_baoxiang_01,691008,520004;4;2000|520007;1;1500|520010;1;500|540301;1;800|540401;1;200|510027;500;1000|510035;5;500|200223;1;1500|560006;1;2000,130051
50103,ghostrecon_questname004,ghostrecon_questdes004,Assets/Main/Prefabs/DispatchTask/GhostRecon_UR.prefab,3,5,0,1,600,3,0,2;4;2|3;11;2|4;80;3,2100,3,10,105634346,710005;7;50|200220;7;60|520004;7;13|500104;7;300,50009;11;80;2|50017;6;80;1,ljq_youling_baoxiang_01,691008,520004;4;2000|520007;1;1500|520010;1;500|540301;1;800|540401;1;200|510027;500;1000|510035;5;500|200223;1;1500|560006;1;2000,130051
50104,ghostrecon_questname004,ghostrecon_questdes004,Assets/Main/Prefabs/DispatchTask/GhostRecon_UR.prefab,3,5,0,1,600,3,0,2;4;2|3;11;2|4;80;3,2100,3,10,105634347,710005;7;50|200220;7;60|520004;7;13|500104;7;300,50009;11;80;2|50016;6;80;1,ljq_youling_baoxiang_01,691008,520004;4;2000|520007;1;1500|520010;1;500|540301;1;800|540401;1;200|510027;500;1000|510035;5;500|200223;1;1500|560006;1;2000,130051
50105,ghostrecon_questname004,ghostrecon_questdes004,Assets/Main/Prefabs/DispatchTask/GhostRecon_UR.prefab,3,5,0,1,600,3,0,2;4;2|3;11;2|4;80;3,2100,3,10,105634338,710005;7;50|200220;7;60|520004;7;13|5001;27;400,50010;11;80;2|50017;6;80;1,ljq_youling_baoxiang_01,691008,520004;4;2000|520007;1;1500|520010;1;500|540301;1;800|540401;1;200|510027;500;1000|510035;5;500|200223;1;1500|560006;1;2000,130051
50106,ghostrecon_questname004,ghostrecon_questdes004,Assets/Main/Prefabs/DispatchTask/GhostRecon_UR.prefab,3,5,0,1,600,3,0,2;4;2|3;11;2|4;80;3,2100,3,10,105634329,710005;7;50|520002;7;13|520003;7;13|520004;7;13,50008;11;80;2|50016;6;80;1,ljq_youling_baoxiang_01,691008,520004;4;2000|520007;1;1500|520010;1;500|540301;1;800|540401;1;200|510027;500;1000|510035;5;500|200223;1;1500|560006;1;2000,130051
50201,ghostrecon_questname005,ghostrecon_questdes005,Assets/Main/Prefabs/DispatchTask/GhostRecon_UR.prefab,3,5,0,1,600,4,0,2;4;2|3;16;2|4;100;3,2100,3,10,105634330,710005;7;60|2270029;7;1|520002;7;15|520003;7;15|520004;7;15,50006;16;100;2|50010;11;100;1,ljq_youling_baoxiang_01,691008,520004;4;2000|520007;1;1500|520010;1;500|540301;1;800|540401;1;200|510027;500;1000|510035;5;500|200223;1;1500|560006;1;2000,130051
50202,ghostrecon_questname005,ghostrecon_questdes005,Assets/Main/Prefabs/DispatchTask/GhostRecon_UR.prefab,3,5,0,1,600,4,0,2;4;2|3;16;2|4;100;3,2100,3,10,105634348,710005;7;60|2270036;7;1|200220;7;100|520004;7;15|500104;7;350,50006;16;100;2|50017;11;100;1,ljq_youling_baoxiang_01,691008,520004;4;2000|520007;1;1500|520010;1;500|540301;1;800|540401;1;200|510027;500;1000|510035;5;500|200223;1;1500|560006;1;2000,130051
50203,ghostrecon_questname005,ghostrecon_questdes005,Assets/Main/Prefabs/DispatchTask/GhostRecon_UR.prefab,3,5,0,1,600,4,0,2;4;2|3;16;2|4;100;3,2100,3,10,105634339,710005;7;60|2270035;7;1|200220;7;100|520004;7;15|5001;27;600,50006;16;100;2|50016;11;100;1,ljq_youling_baoxiang_01,691008,520004;4;2000|520007;1;1500|520010;1;500|540301;1;800|540401;1;200|510027;500;1000|510035;5;500|200223;1;1500|560006;1;2000,130051
50204,ghostrecon_questname005,ghostrecon_questdes005,Assets/Main/Prefabs/DispatchTask/GhostRecon_UR.prefab,3,5,0,1,600,4,0,2;4;2|3;16;2|4;100;3,2100,3,10,105634331,710005;7;60|2270026;7;1|520002;7;15|520003;7;15|520004;7;15,50009;16;100;2|50007;11;100;1,ljq_youling_baoxiang_01,691008,520004;4;2000|520007;1;1500|520010;1;500|540301;1;800|540401;1;200|510027;500;1000|510035;5;500|200223;1;1500|560006;1;2000,130051
50205,ghostrecon_questname005,ghostrecon_questdes005,Assets/Main/Prefabs/DispatchTask/GhostRecon_UR.prefab,3,5,0,1,600,4,0,2;4;2|3;16;2|4;100;3,2100,3,10,105634340,710005;7;60|2270040;7;1|200220;7;100|520004;7;15|5001;27;600,50009;16;100;2|50020;11;100;1,ljq_youling_baoxiang_01,691008,520004;4;2000|520007;1;1500|520010;1;500|540301;1;800|540401;1;200|510027;500;1000|510035;5;500|200223;1;1500|560006;1;2000,130051
50206,ghostrecon_questname005,ghostrecon_questdes005,Assets/Main/Prefabs/DispatchTask/GhostRecon_UR.prefab,3,5,0,1,600,4,0,2;4;2|3;16;2|4;100;3,2100,3,10,105634349,710005;7;60|2270034;7;1|200220;7;100|520004;7;15|500104;7;350,50009;16;100;2|50015;11;100;1,ljq_youling_baoxiang_01,691008,520004;4;2000|520007;1;1500|520010;1;500|540301;1;800|540401;1;200|510027;500;1000|510035;5;500|200223;1;1500|560006;1;2000,130051
50207,ghostrecon_questname005,ghostrecon_questdes005,Assets/Main/Prefabs/DispatchTask/GhostRecon_UR.prefab,3,5,0,1,600,4,0,2;4;2|3;16;2|4;100;3,2100,3,10,105634341,710005;7;60|2270039;7;1|200220;7;100|520004;7;15|5001;27;600,50007;16;100;2|50019;11;100;1,ljq_youling_baoxiang_01,691008,520004;4;2000|520007;1;1500|520010;1;500|540301;1;800|540401;1;200|510027;500;1000|510035;5;500|200223;1;1500|560006;1;2000,130051
50208,ghostrecon_questname005,ghostrecon_questdes005,Assets/Main/Prefabs/DispatchTask/GhostRecon_UR.prefab,3,5,0,1,600,4,0,2;4;2|3;16;2|4;100;3,2100,3,10,105634350,710005;7;60|2270032;7;1|200220;7;100|520004;7;15|500104;7;350,50010;16;100;2|50013;11;100;1,ljq_youling_baoxiang_01,691008,520004;4;2000|520007;1;1500|520010;1;500|540301;1;800|540401;1;200|510027;500;1000|510035;5;500|200223;1;1500|560006;1;2000,130051
50209,ghostrecon_questname005,ghostrecon_questdes005,Assets/Main/Prefabs/DispatchTask/GhostRecon_UR.prefab,3,5,0,1,600,4,0,2;4;2|3;16;2|4;100;3,2100,3,10,105634332,710005;7;60|2270041;7;1|520002;7;15|520003;7;15|520004;7;15,50008;16;100;2|50021;11;100;1,ljq_youling_baoxiang_01,691008,520004;4;2000|520007;1;1500|520010;1;500|540301;1;800|540401;1;200|510027;500;1000|510035;5;500|200223;1;1500|560006;1;2000,130051
50301,ghostrecon_questname006,ghostrecon_questdes006,Assets/Main/Prefabs/DispatchTask/GhostRecon_UR.prefab,3,5,0,1,600,5,0,2;4;3|3;16;2|4;120;3,2100,3,10,105634333,710005;7;70|2270040;7;2|520002;7;20|520003;7;20|520004;7;20,50006;21;120;2|50020;16;120;1,ljq_youling_baoxiang_01,691008,520004;4;2000|520007;1;1500|520010;1;500|540301;1;800|540401;1;200|510027;500;1000|510035;5;500|200223;1;1500|560006;1;2000,130051
50302,ghostrecon_questname006,ghostrecon_questdes006,Assets/Main/Prefabs/DispatchTask/GhostRecon_UR.prefab,3,5,0,1,600,5,0,2;4;3|3;16;2|4;120;3,2100,3,10,105634334,710005;7;70|2270033;7;2|520002;7;20|520003;7;20|520004;7;20,50006;21;120;2|50014;16;120;1,ljq_youling_baoxiang_01,691008,520004;4;2000|520007;1;1500|520010;1;500|540301;1;800|540401;1;200|510027;500;1000|510035;5;500|200223;1;1500|560006;1;2000,130051
50303,ghostrecon_questname006,ghostrecon_questdes006,Assets/Main/Prefabs/DispatchTask/GhostRecon_UR.prefab,3,5,0,1,600,5,0,2;4;3|3;16;2|4;120;3,2100,3,10,105634351,710005;7;70|2270041;7;2|200220;7;150|520004;7;20|500104;7;400,50009;21;120;2|50021;16;120;1,ljq_youling_baoxiang_01,691008,520004;4;2000|520007;1;1500|520010;1;500|540301;1;800|540401;1;200|510027;500;1000|510035;5;500|200223;1;1500|560006;1;2000,130051
50304,ghostrecon_questname006,ghostrecon_questdes006,Assets/Main/Prefabs/DispatchTask/GhostRecon_UR.prefab,3,5,0,1,600,5,0,2;4;3|3;16;2|4;120;3,2100,3,10,105634342,710005;7;70|2270043;7;2|200220;7;150|520004;7;20|5001;27;1000,50009;21;120;2|50022;16;120;1,ljq_youling_baoxiang_01,691008,520004;4;2000|520007;1;1500|520010;1;500|540301;1;800|540401;1;200|510027;500;1000|510035;5;500|200223;1;1500|560006;1;2000,130051
50305,ghostrecon_questname006,ghostrecon_questdes006,Assets/Main/Prefabs/DispatchTask/GhostRecon_UR.prefab,3,5,0,1,600,5,0,2;4;3|3;16;2|4;120;3,2100,3,10,105634343,710005;7;70|2270036;7;2|200220;7;150|520004;7;20|5001;27;1000,50007;21;120;2|50017;16;120;1,ljq_youling_baoxiang_01,691008,520004;4;2000|520007;1;1500|520010;1;500|540301;1;800|540401;1;200|510027;500;1000|510035;5;500|200223;1;1500|560006;1;2000,130051
50306,ghostrecon_questname006,ghostrecon_questdes006,Assets/Main/Prefabs/DispatchTask/GhostRecon_UR.prefab,3,5,0,1,600,5,0,2;4;3|3;16;2|4;120;3,2100,3,10,105634352,710005;7;70|2270035;7;2|200220;7;150|520004;7;20|500104;7;400,50007;21;120;2|50016;16;120;1,ljq_youling_baoxiang_01,691008,520004;4;2000|520007;1;1500|520010;1;500|540301;1;800|540401;1;200|510027;500;1000|510035;5;500|200223;1;1500|560006;1;2000,130051
50307,ghostrecon_questname006,ghostrecon_questdes006,Assets/Main/Prefabs/DispatchTask/GhostRecon_UR.prefab,3,5,0,1,600,5,0,2;4;3|3;16;2|4;120;3,2100,3,10,105634344,710005;7;70|2270039;7;2|200220;7;150|520004;7;20|5001;27;1000,50010;21;120;2|50019;16;120;1,ljq_youling_baoxiang_01,691008,520004;4;2000|520007;1;1500|520010;1;500|540301;1;800|540401;1;200|510027;500;1000|510035;5;500|200223;1;1500|560006;1;2000,130051
50308,ghostrecon_questname006,ghostrecon_questdes006,Assets/Main/Prefabs/DispatchTask/GhostRecon_UR.prefab,3,5,0,1,600,5,0,2;4;3|3;16;2|4;120;3,2100,3,10,105634353,710005;7;70|2270032;7;2|200220;7;150|520004;7;20|500104;7;400,50010;21;120;2|50013;16;120;1,ljq_youling_baoxiang_01,691008,520004;4;2000|520007;1;1500|520010;1;500|540301;1;800|540401;1;200|510027;500;1000|510035;5;500|200223;1;1500|560006;1;2000,130051
50309,ghostrecon_questname006,ghostrecon_questdes006,Assets/Main/Prefabs/DispatchTask/GhostRecon_UR.prefab,3,5,0,1,600,5,0,2;4;3|3;16;2|4;120;3,2100,3,10,105634335,710005;7;70|2270029;7;2|520002;7;20|520003;7;20|520004;7;20,50008;21;120;2|50010;16;120;1,ljq_youling_baoxiang_01,691008,520004;4;2000|520007;1;1500|520010;1;500|540301;1;800|540401;1;200|510027;500;1000|510035;5;500|200223;1;1500|560006;1;2000,130051
50310,ghostrecon_questname006,ghostrecon_questdes006,Assets/Main/Prefabs/DispatchTask/GhostRecon_UR.prefab,3,5,0,1,600,5,0,2;4;3|3;16;2|4;120;3,2100,3,10,105634336,710005;7;70|2270026;7;2|520002;7;20|520003;7;20|520004;7;20,50008;21;120;2|50007;16;120;1,ljq_youling_baoxiang_01,691008,520004;4;2000|520007;1;1500|520010;1;500|540301;1;800|540401;1;200|510027;500;1000|510035;5;500|200223;1;1500|560006;1;2000,130051
50311,ghostrecon_questname006,ghostrecon_questdes006,Assets/Main/Prefabs/DispatchTask/GhostRecon_UR.prefab,3,5,0,1,600,5,0,2;4;3|3;16;2|4;120;3,2100,3,10,105634354,710005;7;70|2270037;7;2|200220;7;150|520004;7;20|500104;7;400,50021;21;120;2|50018;16;120;1,ljq_youling_baoxiang_01,691008,520004;4;2000|520007;1;1500|520010;1;500|540301;1;800|540401;1;200|510027;500;1000|510035;5;500|200223;1;1500|560006;1;2000,130051
50312,ghostrecon_questname006,ghostrecon_questdes006,Assets/Main/Prefabs/DispatchTask/GhostRecon_UR.prefab,3,5,0,1,600,5,0,2;4;3|3;16;2|4;120;3,2100,3,10,105634345,710005;7;70|2270033;7;2|200220;7;150|520004;7;20|5001;27;1000,50022;21;120;2|50014;16;120;1,ljq_youling_baoxiang_01,691008,520004;4;2000|520007;1;1500|520010;1;500|540301;1;800|540401;1;200|510027;500;1000|510035;5;500|200223;1;1500|560006;1;2000,130051
60101,ghostrecon_questname007,ghostrecon_questdes007,Assets/Main/Prefabs/DispatchTask/GhostRecon_UR_S.prefab,3,5,1,1,600,3,0,2;5;2|3;11;2|4;80;3,2700,3,10,105634355,710005;7;120|2270028;7;1|520002;7;15|520003;7;15|520004;7;15,50006;16;80;3|50009;16;80;2,ljq_youling_baoxiang_02,691009,520004;12;2000|520007;3;1500|520010;3;500|540301;1;600|540401;1;300|540501;1;100|510027;1000;1000|510035;10;500|200223;1;1500|560006;2;2000,130050
60102,ghostrecon_questname007,ghostrecon_questdes007,Assets/Main/Prefabs/DispatchTask/GhostRecon_UR_S.prefab,3,5,1,1,600,3,0,2;5;2|3;11;2|4;80;3,2700,3,10,105634364,710005;7;120|2270028;7;1|2270000;7;1|520004;7;15|5001;27;600,50007;16;80;3|50009;16;80;2,ljq_youling_baoxiang_02,691009,520004;12;2000|520007;3;1500|520010;3;500|540301;1;600|540401;1;300|540501;1;100|510027;1000;1000|510035;10;500|200223;1;1500|560006;2;2000,130050
60103,ghostrecon_questname007,ghostrecon_questdes007,Assets/Main/Prefabs/DispatchTask/GhostRecon_UR_S.prefab,3,5,1,1,600,3,0,2;5;2|3;11;2|4;80;3,2700,3,10,105634373,710005;7;120|2270036;7;1|7038;27;10|520004;7;15|500104;7;400,50009;16;80;3|50017;16;80;2,ljq_youling_baoxiang_02,691009,520004;12;2000|520007;3;1500|520010;3;500|540301;1;600|540401;1;300|540501;1;100|510027;1000;1000|510035;10;500|200223;1;1500|560006;2;2000,130050
60104,ghostrecon_questname007,ghostrecon_questdes007,Assets/Main/Prefabs/DispatchTask/GhostRecon_UR_S.prefab,3,5,1,1,600,3,0,2;5;2|3;11;2|4;80;3,2700,3,10,105634374,710005;7;120|2270035;7;1|7038;27;10|520004;7;15|500104;7;400,50009;16;80;3|50016;16;80;2,ljq_youling_baoxiang_02,691009,520004;12;2000|520007;3;1500|520010;3;500|540301;1;600|540401;1;300|540501;1;100|510027;1000;1000|510035;10;500|200223;1;1500|560006;2;2000,130050
60105,ghostrecon_questname007,ghostrecon_questdes007,Assets/Main/Prefabs/DispatchTask/GhostRecon_UR_S.prefab,3,5,1,1,600,3,0,2;5;2|3;11;2|4;80;3,2700,3,10,105634365,710005;7;120|2270036;7;1|2270000;7;1|520004;7;15|5001;27;600,50010;16;80;3|50017;16;80;2,ljq_youling_baoxiang_02,691009,520004;12;2000|520007;3;1500|520010;3;500|540301;1;600|540401;1;300|540501;1;100|510027;1000;1000|510035;10;500|200223;1;1500|560006;2;2000,130050
60106,ghostrecon_questname007,ghostrecon_questdes007,Assets/Main/Prefabs/DispatchTask/GhostRecon_UR_S.prefab,3,5,1,1,600,3,0,2;5;2|3;11;2|4;80;3,2700,3,10,105634356,710005;7;120|2270035;7;1|520002;7;15|520003;7;15|520004;7;15,50008;16;80;3|50016;16;80;2,ljq_youling_baoxiang_02,691009,520004;12;2000|520007;3;1500|520010;3;500|540301;1;600|540401;1;300|540501;1;100|510027;1000;1000|510035;10;500|200223;1;1500|560006;2;2000,130050
60201,ghostrecon_questname008,ghostrecon_questdes008,Assets/Main/Prefabs/DispatchTask/GhostRecon_UR_S.prefab,3,5,1,1,600,4,0,2;5;2|3;16;2|4;100;3,2700,3,10,105634357,710005;7;160|2270029;7;3|520002;7;20|520003;7;20|520004;7;20,50006;21;100;3|50010;16;100;2,ljq_youling_baoxiang_02,691009,520004;12;2000|520007;3;1500|520010;3;500|540301;1;600|540401;1;300|540501;1;100|510027;1000;1000|510035;10;500|200223;1;1500|560006;2;2000,130050
60202,ghostrecon_questname008,ghostrecon_questdes008,Assets/Main/Prefabs/DispatchTask/GhostRecon_UR_S.prefab,3,5,1,1,600,4,0,2;5;2|3;16;2|4;100;3,2700,3,10,105634375,710005;7;160|2270036;7;3|7038;27;10|520004;7;20|500104;7;450,50006;21;100;3|50017;16;100;2,ljq_youling_baoxiang_02,691009,520004;12;2000|520007;3;1500|520010;3;500|540301;1;600|540401;1;300|540501;1;100|510027;1000;1000|510035;10;500|200223;1;1500|560006;2;2000,130050
60203,ghostrecon_questname008,ghostrecon_questdes008,Assets/Main/Prefabs/DispatchTask/GhostRecon_UR_S.prefab,3,5,1,1,600,4,0,2;5;2|3;16;2|4;100;3,2700,3,10,105634366,710005;7;160|2270035;7;3|2270000;7;1|520004;7;20|5001;27;900,50006;21;100;3|50016;16;100;2,ljq_youling_baoxiang_02,691009,520004;12;2000|520007;3;1500|520010;3;500|540301;1;600|540401;1;300|540501;1;100|510027;1000;1000|510035;10;500|200223;1;1500|560006;2;2000,130050
60204,ghostrecon_questname008,ghostrecon_questdes008,Assets/Main/Prefabs/DispatchTask/GhostRecon_UR_S.prefab,3,5,1,1,600,4,0,2;5;2|3;16;2|4;100;3,2700,3,10,105634358,710005;7;160|2270026;7;3|520002;7;20|520003;7;20|520004;7;20,50009;21;100;3|50007;16;100;2,ljq_youling_baoxiang_02,691009,520004;12;2000|520007;3;1500|520010;3;500|540301;1;600|540401;1;300|540501;1;100|510027;1000;1000|510035;10;500|200223;1;1500|560006;2;2000,130050
60205,ghostrecon_questname008,ghostrecon_questdes008,Assets/Main/Prefabs/DispatchTask/GhostRecon_UR_S.prefab,3,5,1,1,600,4,0,2;5;2|3;16;2|4;100;3,2700,3,10,105634367,710005;7;160|2270040;7;3|2270000;7;1|520004;7;20|5001;27;900,50009;21;100;3|50020;16;100;2,ljq_youling_baoxiang_02,691009,520004;12;2000|520007;3;1500|520010;3;500|540301;1;600|540401;1;300|540501;1;100|510027;1000;1000|510035;10;500|200223;1;1500|560006;2;2000,130050
60206,ghostrecon_questname008,ghostrecon_questdes008,Assets/Main/Prefabs/DispatchTask/GhostRecon_UR_S.prefab,3,5,1,1,600,4,0,2;5;2|3;16;2|4;100;3,2700,3,10,105634376,710005;7;160|2270034;7;3|7038;27;10|520004;7;20|500104;7;450,50009;21;100;3|50015;16;100;2,ljq_youling_baoxiang_02,691009,520004;12;2000|520007;3;1500|520010;3;500|540301;1;600|540401;1;300|540501;1;100|510027;1000;1000|510035;10;500|200223;1;1500|560006;2;2000,130050
60207,ghostrecon_questname008,ghostrecon_questdes008,Assets/Main/Prefabs/DispatchTask/GhostRecon_UR_S.prefab,3,5,1,1,600,4,0,2;5;2|3;16;2|4;100;3,2700,3,10,105634368,710005;7;160|2270039;7;3|2270000;7;1|520004;7;20|5001;27;900,50007;21;100;3|50019;16;100;2,ljq_youling_baoxiang_02,691009,520004;12;2000|520007;3;1500|520010;3;500|540301;1;600|540401;1;300|540501;1;100|510027;1000;1000|510035;10;500|200223;1;1500|560006;2;2000,130050
60208,ghostrecon_questname008,ghostrecon_questdes008,Assets/Main/Prefabs/DispatchTask/GhostRecon_UR_S.prefab,3,5,1,1,600,4,0,2;5;2|3;16;2|4;100;3,2700,3,10,105634377,710005;7;160|2270032;7;3|7038;27;10|520004;7;20|500104;7;450,50010;21;100;3|50013;16;100;2,ljq_youling_baoxiang_02,691009,520004;12;2000|520007;3;1500|520010;3;500|540301;1;600|540401;1;300|540501;1;100|510027;1000;1000|510035;10;500|200223;1;1500|560006;2;2000,130050
60209,ghostrecon_questname008,ghostrecon_questdes008,Assets/Main/Prefabs/DispatchTask/GhostRecon_UR_S.prefab,3,5,1,1,600,4,0,2;5;2|3;16;2|4;100;3,2700,3,10,105634359,710005;7;160|2270041;7;3|520002;7;20|520003;7;20|520004;7;20,50008;21;100;3|50021;16;100;2,ljq_youling_baoxiang_02,691009,520004;12;2000|520007;3;1500|520010;3;500|540301;1;600|540401;1;300|540501;1;100|510027;1000;1000|510035;10;500|200223;1;1500|560006;2;2000,130050
60301,ghostrecon_questname009,ghostrecon_questdes009,Assets/Main/Prefabs/DispatchTask/GhostRecon_UR_S.prefab,3,5,1,1,600,5,0,2;5;3|3;21;2|4;120;3,2700,3,10,105634360,710005;7;200|2270040;7;5|520002;7;30|520003;7;30|520004;7;30,50006;21;120;3|50020;21;120;2,ljq_youling_baoxiang_02,691009,520004;12;2000|520007;3;1500|520010;3;500|540301;1;600|540401;1;300|540501;1;100|510027;1000;1000|510035;10;500|200223;1;1500|560006;2;2000,130050
60302,ghostrecon_questname009,ghostrecon_questdes009,Assets/Main/Prefabs/DispatchTask/GhostRecon_UR_S.prefab,3,5,1,1,600,5,0,2;5;3|3;21;2|4;120;3,2700,3,10,105634361,710005;7;200|2270033;7;5|520002;7;30|520003;7;30|520004;7;30,50006;21;120;3|50014;21;120;2,ljq_youling_baoxiang_02,691009,520004;12;2000|520007;3;1500|520010;3;500|540301;1;600|540401;1;300|540501;1;100|510027;1000;1000|510035;10;500|200223;1;1500|560006;2;2000,130050
60303,ghostrecon_questname009,ghostrecon_questdes009,Assets/Main/Prefabs/DispatchTask/GhostRecon_UR_S.prefab,3,5,1,1,600,5,0,2;5;3|3;21;2|4;120;3,2700,3,10,105634378,710005;7;200|2270041;7;5|7038;27;10|520004;7;30|500104;7;500,50009;21;120;3|50021;21;120;2,ljq_youling_baoxiang_02,691009,520004;12;2000|520007;3;1500|520010;3;500|540301;1;600|540401;1;300|540501;1;100|510027;1000;1000|510035;10;500|200223;1;1500|560006;2;2000,130050
60304,ghostrecon_questname009,ghostrecon_questdes009,Assets/Main/Prefabs/DispatchTask/GhostRecon_UR_S.prefab,3,5,1,1,600,5,0,2;5;3|3;21;2|4;120;3,2700,3,10,105634369,710005;7;200|2270043;7;5|560001;7;1|520004;7;30|5001;27;1500,50009;21;120;3|50022;21;120;2,ljq_youling_baoxiang_02,691009,520004;12;2000|520007;3;1500|520010;3;500|540301;1;600|540401;1;300|540501;1;100|510027;1000;1000|510035;10;500|200223;1;1500|560006;2;2000,130050
60305,ghostrecon_questname009,ghostrecon_questdes009,Assets/Main/Prefabs/DispatchTask/GhostRecon_UR_S.prefab,3,5,1,1,600,5,0,2;5;3|3;21;2|4;120;3,2700,3,10,105634370,710005;7;200|2270036;7;5|560001;7;1|520004;7;30|5001;27;1500,50007;21;120;3|50017;21;120;2,ljq_youling_baoxiang_02,691009,520004;12;2000|520007;3;1500|520010;3;500|540301;1;600|540401;1;300|540501;1;100|510027;1000;1000|510035;10;500|200223;1;1500|560006;2;2000,130050
60306,ghostrecon_questname009,ghostrecon_questdes009,Assets/Main/Prefabs/DispatchTask/GhostRecon_UR_S.prefab,3,5,1,1,600,5,0,2;5;3|3;21;2|4;120;3,2700,3,10,105634379,710005;7;200|2270035;7;5|7038;27;10|520004;7;30|500104;7;500,50007;21;120;3|50016;21;120;2,ljq_youling_baoxiang_02,691009,520004;12;2000|520007;3;1500|520010;3;500|540301;1;600|540401;1;300|540501;1;100|510027;1000;1000|510035;10;500|200223;1;1500|560006;2;2000,130050
60307,ghostrecon_questname009,ghostrecon_questdes009,Assets/Main/Prefabs/DispatchTask/GhostRecon_UR_S.prefab,3,5,1,1,600,5,0,2;5;3|3;21;2|4;120;3,2700,3,10,105634371,710005;7;200|2270039;7;5|560001;7;1|520004;7;30|5001;27;1500,50010;21;120;3|50019;21;120;2,ljq_youling_baoxiang_02,691009,520004;12;2000|520007;3;1500|520010;3;500|540301;1;600|540401;1;300|540501;1;100|510027;1000;1000|510035;10;500|200223;1;1500|560006;2;2000,130050
60308,ghostrecon_questname009,ghostrecon_questdes009,Assets/Main/Prefabs/DispatchTask/GhostRecon_UR_S.prefab,3,5,1,1,600,5,0,2;5;3|3;21;2|4;120;3,2700,3,10,105634380,710005;7;200|2270032;7;5|7038;27;10|520004;7;30|500104;7;500,50010;21;120;3|50013;21;120;2,ljq_youling_baoxiang_02,691009,520004;12;2000|520007;3;1500|520010;3;500|540301;1;600|540401;1;300|540501;1;100|510027;1000;1000|510035;10;500|200223;1;1500|560006;2;2000,130050
60309,ghostrecon_questname009,ghostrecon_questdes009,Assets/Main/Prefabs/DispatchTask/GhostRecon_UR_S.prefab,3,5,1,1,600,5,0,2;5;3|3;21;2|4;120;3,2700,3,10,105634362,710005;7;200|2270029;7;5|520002;7;30|520003;7;30|520004;7;30,50008;21;120;3|50010;21;120;2,ljq_youling_baoxiang_02,691009,520004;12;2000|520007;3;1500|520010;3;500|540301;1;600|540401;1;300|540501;1;100|510027;1000;1000|510035;10;500|200223;1;1500|560006;2;2000,130050
60310,ghostrecon_questname009,ghostrecon_questdes009,Assets/Main/Prefabs/DispatchTask/GhostRecon_UR_S.prefab,3,5,1,1,600,5,0,2;5;3|3;21;2|4;120;3,2700,3,10,105634363,710005;7;200|2270026;7;5|520002;7;30|520003;7;30|520004;7;30,50008;21;120;3|50007;21;120;2,ljq_youling_baoxiang_02,691009,520004;12;2000|520007;3;1500|520010;3;500|540301;1;600|540401;1;300|540501;1;100|510027;1000;1000|510035;10;500|200223;1;1500|560006;2;2000,130050
60311,ghostrecon_questname009,ghostrecon_questdes009,Assets/Main/Prefabs/DispatchTask/GhostRecon_UR_S.prefab,3,5,1,1,600,5,0,2;5;3|3;21;2|4;120;3,2700,3,10,105634381,710005;7;200|2270037;7;5|7038;27;10|520004;7;30|500104;7;500,50021;21;120;3|50018;21;120;2,ljq_youling_baoxiang_02,691009,520004;12;2000|520007;3;1500|520010;3;500|540301;1;600|540401;1;300|540501;1;100|510027;1000;1000|510035;10;500|200223;1;1500|560006;2;2000,130050
60312,ghostrecon_questname009,ghostrecon_questdes009,Assets/Main/Prefabs/DispatchTask/GhostRecon_UR_S.prefab,3,5,1,1,600,5,0,2;5;3|3;21;2|4;120;3,2700,3,10,105634372,710005;7;200|2270033;7;5|560001;7;1|520004;7;30|5001;27;1500,50022;21;120;3|50014;21;120;2,ljq_youling_baoxiang_02,691009,520004;12;2000|520007;3;1500|520010;3;500|540301;1;600|540401;1;300|540501;1;100|510027;1000;1000|510035;10;500|200223;1;1500|560006;2;2000,130050
