id,special,detect_show,quality,resource_type,level,reserve,gathering,size,expire,name,pic,desc,model
1,0,,,1,1,36000,10,1,720,100281,Assets/Main/Sprites/BuildIconOutCity/gather_iron,14,CollectResourceStone_world
2,0,,,1,2,72000,10,1,720,100281,Assets/Main/Sprites/BuildIconOutCity/gather_iron,14,CollectResourceStone_world
3,0,,,1,3,108000,10,1,720,100281,Assets/Main/Sprites/BuildIconOutCity/gather_iron,14,CollectResourceStone_world
4,0,,,1,4,144000,10,1,720,100281,Assets/Main/Sprites/BuildIconOutCity/gather_iron,14,CollectResourceStone_world
5,0,,,1,5,180000,10,1,720,100281,Assets/Main/Sprites/BuildIconOutCity/gather_iron,14,CollectResourceStone_world
6,0,,,1,6,216000,10,1,720,100281,Assets/Main/Sprites/BuildIconOutCity/gather_iron,14,CollectResourceStone_world
7,0,,,1,7,288000,10,1,720,100281,Assets/Main/Sprites/BuildIconOutCity/gather_iron,14,CollectResourceStone_world
8,0,,,1,8,360000,10,1,720,100281,Assets/Main/Sprites/BuildIconOutCity/gather_iron,14,CollectResourceStone_world
9,0,,,1,9,432000,10,1,720,100281,Assets/Main/Sprites/BuildIconOutCity/gather_iron,14,CollectResourceStone_world
10,0,,,1,10,504000,10,1,720,100281,Assets/Main/Sprites/BuildIconOutCity/gather_iron,14,CollectResourceStone_world
11,0,,,1,11,576000,10,1,720,100281,Assets/Main/Sprites/BuildIconOutCity/gather_iron,14,CollectResourceStone_world
12,0,,,1,12,648000,10,1,720,100281,Assets/Main/Sprites/BuildIconOutCity/gather_iron,14,CollectResourceStone_world
101,0,,,14,1,36000,10,1,720,100317,Assets/Main/Sprites/BuildIconOutCity/gather_bread,14,CollectResourceWood_world
102,0,,,14,2,72000,10,1,720,100317,Assets/Main/Sprites/BuildIconOutCity/gather_bread,14,CollectResourceWood_world
103,0,,,14,3,108000,10,1,720,100317,Assets/Main/Sprites/BuildIconOutCity/gather_bread,14,CollectResourceWood_world
104,0,,,14,4,144000,10,1,720,100317,Assets/Main/Sprites/BuildIconOutCity/gather_bread,14,CollectResourceWood_world
105,0,,,14,5,180000,10,1,720,100317,Assets/Main/Sprites/BuildIconOutCity/gather_bread,14,CollectResourceWood_world
106,0,,,14,6,216000,10,1,720,100317,Assets/Main/Sprites/BuildIconOutCity/gather_bread,14,CollectResourceWood_world
107,0,,,14,7,288000,10,1,720,100317,Assets/Main/Sprites/BuildIconOutCity/gather_bread,14,CollectResourceWood_world
108,0,,,14,8,360000,10,1,720,100317,Assets/Main/Sprites/BuildIconOutCity/gather_bread,14,CollectResourceWood_world
109,0,,,14,9,432000,10,1,720,100317,Assets/Main/Sprites/BuildIconOutCity/gather_bread,14,CollectResourceWood_world
110,0,,,14,10,504000,10,1,720,100317,Assets/Main/Sprites/BuildIconOutCity/gather_bread,14,CollectResourceWood_world
111,0,,,14,11,576000,10,1,720,100317,Assets/Main/Sprites/BuildIconOutCity/gather_bread,14,CollectResourceWood_world
112,0,,,14,12,648000,10,1,720,100317,Assets/Main/Sprites/BuildIconOutCity/gather_bread,14,CollectResourceWood_world
201,0,,,2,1,21600,6,1,720,129027,Assets/Main/Sprites/BuildIconOutCity/gather_coin,14,CollectResourcesGold_world
202,0,,,2,2,43200,6,1,720,129027,Assets/Main/Sprites/BuildIconOutCity/gather_coin,14,CollectResourcesGold_world
203,0,,,2,3,64800,6,1,720,129027,Assets/Main/Sprites/BuildIconOutCity/gather_coin,14,CollectResourcesGold_world
204,0,,,2,4,86400,6,1,720,129027,Assets/Main/Sprites/BuildIconOutCity/gather_coin,14,CollectResourcesGold_world
205,0,,,2,5,108000,6,1,720,129027,Assets/Main/Sprites/BuildIconOutCity/gather_coin,14,CollectResourcesGold_world
206,0,,,2,6,129600,6,1,720,129027,Assets/Main/Sprites/BuildIconOutCity/gather_coin,14,CollectResourcesGold_world
207,0,,,2,7,172800,6,1,720,129027,Assets/Main/Sprites/BuildIconOutCity/gather_coin,14,CollectResourcesGold_world
208,0,,,2,8,216000,6,1,720,129027,Assets/Main/Sprites/BuildIconOutCity/gather_coin,14,CollectResourcesGold_world
209,0,,,2,9,259200,6,1,720,129027,Assets/Main/Sprites/BuildIconOutCity/gather_coin,14,CollectResourcesGold_world
210,0,,,2,10,302400,6,1,720,129027,Assets/Main/Sprites/BuildIconOutCity/gather_coin,14,CollectResourcesGold_world
211,0,,,2,11,345600,6,1,720,129027,Assets/Main/Sprites/BuildIconOutCity/gather_coin,14,CollectResourcesGold_world
212,0,,,2,12,388800,6,1,720,129027,Assets/Main/Sprites/BuildIconOutCity/gather_coin,14,CollectResourcesGold_world
301,0,,,15,1,50,1.5,1,720,800817,Assets/Main/Sprites/BuildIconOutCity/gather_diamond,14,CollectResourceDiamond_world
302,0,,,15,2,55,1.5,1,720,800817,Assets/Main/Sprites/BuildIconOutCity/gather_diamond,14,CollectResourceDiamond_world
303,0,,,15,3,60,1.5,1,720,800817,Assets/Main/Sprites/BuildIconOutCity/gather_diamond,14,CollectResourceDiamond_world
304,0,,,15,4,65,1.5,1,720,800817,Assets/Main/Sprites/BuildIconOutCity/gather_diamond,14,CollectResourceDiamond_world
305,0,,,15,5,70,1.5,1,720,800817,Assets/Main/Sprites/BuildIconOutCity/gather_diamond,14,CollectResourceDiamond_world
306,0,,,15,6,75,1.5,1,720,800817,Assets/Main/Sprites/BuildIconOutCity/gather_diamond,14,CollectResourceDiamond_world
307,0,,,15,7,80,1.5,1,720,800817,Assets/Main/Sprites/BuildIconOutCity/gather_diamond,14,CollectResourceDiamond_world
308,0,,,15,8,85,1.5,1,720,800817,Assets/Main/Sprites/BuildIconOutCity/gather_diamond,14,CollectResourceDiamond_world
309,0,,,15,9,90,1.5,1,720,800817,Assets/Main/Sprites/BuildIconOutCity/gather_diamond,14,CollectResourceDiamond_world
310,0,,,15,10,100,1.5,1,720,800817,Assets/Main/Sprites/BuildIconOutCity/gather_diamond,14,CollectResourceDiamond_world
1001,1,10000%,3,1,8,360000,1000,1,480,100281,Assets/Main/Sprites/BuildIconOutCity/gather_iron,14,CollectResourceStone_world_detect
1002,1,10000%,3,1,9,420000,1000,1,480,100281,Assets/Main/Sprites/BuildIconOutCity/gather_iron,14,CollectResourceStone_world_detect
1003,1,10000%,3,1,10,480000,1000,1,480,100281,Assets/Main/Sprites/BuildIconOutCity/gather_iron,14,CollectResourceStone_world_detect
1004,1,10000%,3,1,12,540000,1000,1,480,100281,Assets/Main/Sprites/BuildIconOutCity/gather_iron,14,CollectResourceStone_world_detect
1005,1,10000%,3,1,13,600000,1000,1,480,100281,Assets/Main/Sprites/BuildIconOutCity/gather_iron,14,CollectResourceStone_world_detect
1006,1,10000%,3,1,14,660000,1000,1,480,100281,Assets/Main/Sprites/BuildIconOutCity/gather_iron,14,CollectResourceStone_world_detect
1007,1,10000%,3,1,15,720000,1000,1,480,100281,Assets/Main/Sprites/BuildIconOutCity/gather_iron,14,CollectResourceStone_world_detect
1008,1,10000%,3,1,16,780000,1000,1,480,100281,Assets/Main/Sprites/BuildIconOutCity/gather_iron,14,CollectResourceStone_world_detect
1009,1,10000%,3,1,17,840000,1000,1,480,100281,Assets/Main/Sprites/BuildIconOutCity/gather_iron,14,CollectResourceStone_world_detect
1010,1,10000%,3,1,18,900000,1000,1,480,100281,Assets/Main/Sprites/BuildIconOutCity/gather_iron,14,CollectResourceStone_world_detect
1101,1,10000%,3,14,8,360000,1000,1,480,100317,Assets/Main/Sprites/BuildIconOutCity/gather_bread,14,CollectResourceWood_world_detect
1102,1,10000%,3,14,9,420000,1000,1,480,100317,Assets/Main/Sprites/BuildIconOutCity/gather_bread,14,CollectResourceWood_world_detect
1103,1,10000%,3,14,10,480000,1000,1,480,100317,Assets/Main/Sprites/BuildIconOutCity/gather_bread,14,CollectResourceWood_world_detect
1104,1,10000%,3,14,12,540000,1000,1,480,100317,Assets/Main/Sprites/BuildIconOutCity/gather_bread,14,CollectResourceWood_world_detect
1105,1,10000%,3,14,13,600000,1000,1,480,100317,Assets/Main/Sprites/BuildIconOutCity/gather_bread,14,CollectResourceWood_world_detect
1106,1,10000%,3,14,14,660000,1000,1,480,100317,Assets/Main/Sprites/BuildIconOutCity/gather_bread,14,CollectResourceWood_world_detect
1107,1,10000%,3,14,15,720000,1000,1,480,100317,Assets/Main/Sprites/BuildIconOutCity/gather_bread,14,CollectResourceWood_world_detect
1108,1,10000%,3,14,16,780000,1000,1,480,100317,Assets/Main/Sprites/BuildIconOutCity/gather_bread,14,CollectResourceWood_world_detect
1109,1,10000%,3,14,17,840000,1000,1,480,100317,Assets/Main/Sprites/BuildIconOutCity/gather_bread,14,CollectResourceWood_world_detect
1110,1,10000%,3,14,18,900000,1000,1,480,100317,Assets/Main/Sprites/BuildIconOutCity/gather_bread,14,CollectResourceWood_world_detect
1201,1,10000%,3,2,8,216000,600,1,480,129027,Assets/Main/Sprites/BuildIconOutCity/gather_coin,14,CollectResourcesGold_world_detect
1202,1,10000%,3,2,9,252000,600,1,480,129027,Assets/Main/Sprites/BuildIconOutCity/gather_coin,14,CollectResourcesGold_world_detect
1203,1,10000%,3,2,10,288000,600,1,480,129027,Assets/Main/Sprites/BuildIconOutCity/gather_coin,14,CollectResourcesGold_world_detect
1204,1,10000%,3,2,12,324000,600,1,480,129027,Assets/Main/Sprites/BuildIconOutCity/gather_coin,14,CollectResourcesGold_world_detect
1205,1,10000%,3,2,13,360000,600,1,480,129027,Assets/Main/Sprites/BuildIconOutCity/gather_coin,14,CollectResourcesGold_world_detect
1206,1,10000%,3,2,14,396000,600,1,480,129027,Assets/Main/Sprites/BuildIconOutCity/gather_coin,14,CollectResourcesGold_world_detect
1207,1,10000%,3,2,15,432000,600,1,480,129027,Assets/Main/Sprites/BuildIconOutCity/gather_coin,14,CollectResourcesGold_world_detect
1208,1,10000%,3,2,16,468000,600,1,480,129027,Assets/Main/Sprites/BuildIconOutCity/gather_coin,14,CollectResourcesGold_world_detect
1209,1,10000%,3,2,17,504000,600,1,480,129027,Assets/Main/Sprites/BuildIconOutCity/gather_coin,14,CollectResourcesGold_world_detect
1210,1,10000%,3,2,18,540000,600,1,480,129027,Assets/Main/Sprites/BuildIconOutCity/gather_coin,14,CollectResourcesGold_world_detect
1301,1,100%,3,15,1,55,150,1,480,800817,Assets/Main/Sprites/BuildIconOutCity/gather_diamond,14,CollectResourceDiamond_world_detect
1302,1,100%,3,15,2,60,150,1,480,800817,Assets/Main/Sprites/BuildIconOutCity/gather_diamond,14,CollectResourceDiamond_world_detect
1303,1,100%,3,15,3,65,150,1,480,800817,Assets/Main/Sprites/BuildIconOutCity/gather_diamond,14,CollectResourceDiamond_world_detect
1304,1,100%,3,15,5,70,150,1,480,800817,Assets/Main/Sprites/BuildIconOutCity/gather_diamond,14,CollectResourceDiamond_world_detect
1305,1,100%,3,15,6,75,150,1,480,800817,Assets/Main/Sprites/BuildIconOutCity/gather_diamond,14,CollectResourceDiamond_world_detect
1306,1,100%,3,15,7,80,150,1,480,800817,Assets/Main/Sprites/BuildIconOutCity/gather_diamond,14,CollectResourceDiamond_world_detect
1307,1,100%,3,15,9,85,150,1,480,800817,Assets/Main/Sprites/BuildIconOutCity/gather_diamond,14,CollectResourceDiamond_world_detect
1308,1,100%,3,15,10,90,150,1,480,800817,Assets/Main/Sprites/BuildIconOutCity/gather_diamond,14,CollectResourceDiamond_world_detect
1309,1,100%,3,15,11,95,150,1,480,800817,Assets/Main/Sprites/BuildIconOutCity/gather_diamond,14,CollectResourceDiamond_world_detect
1310,1,100%,3,15,13,100,150,1,480,800817,Assets/Main/Sprites/BuildIconOutCity/gather_diamond,14,CollectResourceDiamond_world_detect
2001,1,20000%,4,1,15,720000,1000,1,480,100281,Assets/Main/Sprites/BuildIconOutCity/gather_iron,14,CollectResourceStone_world_detect
2002,1,20000%,4,1,17,840000,1000,1,480,100281,Assets/Main/Sprites/BuildIconOutCity/gather_iron,14,CollectResourceStone_world_detect
2003,1,20000%,4,1,19,960000,1000,1,480,100281,Assets/Main/Sprites/BuildIconOutCity/gather_iron,14,CollectResourceStone_world_detect
2004,1,20000%,4,1,20,1080000,1000,1,480,100281,Assets/Main/Sprites/BuildIconOutCity/gather_iron,14,CollectResourceStone_world_detect
2005,1,20000%,4,1,21,1200000,1000,1,480,100281,Assets/Main/Sprites/BuildIconOutCity/gather_iron,14,CollectResourceStone_world_detect
2006,1,20000%,4,1,23,1320000,1000,1,480,100281,Assets/Main/Sprites/BuildIconOutCity/gather_iron,14,CollectResourceStone_world_detect
2007,1,20000%,4,1,24,1440000,1000,1,480,100281,Assets/Main/Sprites/BuildIconOutCity/gather_iron,14,CollectResourceStone_world_detect
2008,1,20000%,4,1,25,1560000,1000,1,480,100281,Assets/Main/Sprites/BuildIconOutCity/gather_iron,14,CollectResourceStone_world_detect
2009,1,20000%,4,1,27,1680000,1000,1,480,100281,Assets/Main/Sprites/BuildIconOutCity/gather_iron,14,CollectResourceStone_world_detect
2010,1,20000%,4,1,28,1800000,1000,1,480,100281,Assets/Main/Sprites/BuildIconOutCity/gather_iron,14,CollectResourceStone_world_detect
2101,1,20000%,4,14,15,720000,1000,1,480,100317,Assets/Main/Sprites/BuildIconOutCity/gather_bread,14,CollectResourceWood_world_detect
2102,1,20000%,4,14,17,840000,1000,1,480,100317,Assets/Main/Sprites/BuildIconOutCity/gather_bread,14,CollectResourceWood_world_detect
2103,1,20000%,4,14,19,960000,1000,1,480,100317,Assets/Main/Sprites/BuildIconOutCity/gather_bread,14,CollectResourceWood_world_detect
2104,1,20000%,4,14,20,1080000,1000,1,480,100317,Assets/Main/Sprites/BuildIconOutCity/gather_bread,14,CollectResourceWood_world_detect
2105,1,20000%,4,14,21,1200000,1000,1,480,100317,Assets/Main/Sprites/BuildIconOutCity/gather_bread,14,CollectResourceWood_world_detect
2106,1,20000%,4,14,23,1320000,1000,1,480,100317,Assets/Main/Sprites/BuildIconOutCity/gather_bread,14,CollectResourceWood_world_detect
2107,1,20000%,4,14,24,1440000,1000,1,480,100317,Assets/Main/Sprites/BuildIconOutCity/gather_bread,14,CollectResourceWood_world_detect
2108,1,20000%,4,14,25,1560000,1000,1,480,100317,Assets/Main/Sprites/BuildIconOutCity/gather_bread,14,CollectResourceWood_world_detect
2109,1,20000%,4,14,27,1680000,1000,1,480,100317,Assets/Main/Sprites/BuildIconOutCity/gather_bread,14,CollectResourceWood_world_detect
2110,1,20000%,4,14,28,1800000,1000,1,480,100317,Assets/Main/Sprites/BuildIconOutCity/gather_bread,14,CollectResourceWood_world_detect
2201,1,20000%,4,2,15,432000,600,1,480,129027,Assets/Main/Sprites/BuildIconOutCity/gather_coin,14,CollectResourcesGold_world_detect
2202,1,20000%,4,2,17,504000,600,1,480,129027,Assets/Main/Sprites/BuildIconOutCity/gather_coin,14,CollectResourcesGold_world_detect
2203,1,20000%,4,2,19,576000,600,1,480,129027,Assets/Main/Sprites/BuildIconOutCity/gather_coin,14,CollectResourcesGold_world_detect
2204,1,20000%,4,2,20,648000,600,1,480,129027,Assets/Main/Sprites/BuildIconOutCity/gather_coin,14,CollectResourcesGold_world_detect
2205,1,20000%,4,2,21,720000,600,1,480,129027,Assets/Main/Sprites/BuildIconOutCity/gather_coin,14,CollectResourcesGold_world_detect
2206,1,20000%,4,2,23,792000,600,1,480,129027,Assets/Main/Sprites/BuildIconOutCity/gather_coin,14,CollectResourcesGold_world_detect
2207,1,20000%,4,2,24,864000,600,1,480,129027,Assets/Main/Sprites/BuildIconOutCity/gather_coin,14,CollectResourcesGold_world_detect
2208,1,20000%,4,2,25,936000,600,1,480,129027,Assets/Main/Sprites/BuildIconOutCity/gather_coin,14,CollectResourcesGold_world_detect
2209,1,20000%,4,2,27,1008000,600,1,480,129027,Assets/Main/Sprites/BuildIconOutCity/gather_coin,14,CollectResourcesGold_world_detect
2210,1,20000%,4,2,28,1080000,600,1,480,129027,Assets/Main/Sprites/BuildIconOutCity/gather_coin,14,CollectResourcesGold_world_detect
2301,1,100%,4,15,4,65,150,1,480,800817,Assets/Main/Sprites/BuildIconOutCity/gather_diamond,14,CollectResourceDiamond_world_detect
2302,1,100%,4,15,8,80,150,1,480,800817,Assets/Main/Sprites/BuildIconOutCity/gather_diamond,14,CollectResourceDiamond_world_detect
2303,1,100%,4,15,12,95,150,1,480,800817,Assets/Main/Sprites/BuildIconOutCity/gather_diamond,14,CollectResourceDiamond_world_detect
2304,1,100%,4,15,14,110,150,1,480,800817,Assets/Main/Sprites/BuildIconOutCity/gather_diamond,14,CollectResourceDiamond_world_detect
2305,1,100%,4,15,16,125,150,1,480,800817,Assets/Main/Sprites/BuildIconOutCity/gather_diamond,14,CollectResourceDiamond_world_detect
2306,1,100%,4,15,17,140,150,1,480,800817,Assets/Main/Sprites/BuildIconOutCity/gather_diamond,14,CollectResourceDiamond_world_detect
2307,1,100%,4,15,19,155,150,1,480,800817,Assets/Main/Sprites/BuildIconOutCity/gather_diamond,14,CollectResourceDiamond_world_detect
2308,1,100%,4,15,21,170,150,1,480,800817,Assets/Main/Sprites/BuildIconOutCity/gather_diamond,14,CollectResourceDiamond_world_detect
2309,1,100%,4,15,23,185,150,1,480,800817,Assets/Main/Sprites/BuildIconOutCity/gather_diamond,14,CollectResourceDiamond_world_detect
2310,1,100%,4,15,24,200,150,1,480,800817,Assets/Main/Sprites/BuildIconOutCity/gather_diamond,14,CollectResourceDiamond_world_detect
3001,1,30000%,5,1,20,1080000,1000,1,480,100281,Assets/Main/Sprites/BuildIconOutCity/gather_iron,14,CollectResourceStone_world_detect
3002,1,30000%,5,1,22,1260000,1000,1,480,100281,Assets/Main/Sprites/BuildIconOutCity/gather_iron,14,CollectResourceStone_world_detect
3003,1,30000%,5,1,24,1440000,1000,1,480,100281,Assets/Main/Sprites/BuildIconOutCity/gather_iron,14,CollectResourceStone_world_detect
3004,1,30000%,5,1,26,1620000,1000,1,480,100281,Assets/Main/Sprites/BuildIconOutCity/gather_iron,14,CollectResourceStone_world_detect
3005,1,30000%,5,1,28,1800000,1000,1,480,100281,Assets/Main/Sprites/BuildIconOutCity/gather_iron,14,CollectResourceStone_world_detect
3006,1,30000%,5,1,29,1980000,1000,1,480,100281,Assets/Main/Sprites/BuildIconOutCity/gather_iron,14,CollectResourceStone_world_detect
3007,1,30000%,5,1,30,2160000,1000,1,480,100281,Assets/Main/Sprites/BuildIconOutCity/gather_iron,14,CollectResourceStone_world_detect
3008,1,30000%,5,1,31,2340000,1000,1,480,100281,Assets/Main/Sprites/BuildIconOutCity/gather_iron,14,CollectResourceStone_world_detect
3009,1,30000%,5,1,32,2520000,1000,1,480,100281,Assets/Main/Sprites/BuildIconOutCity/gather_iron,14,CollectResourceStone_world_detect
3010,1,30000%,5,1,33,2700000,1000,1,480,100281,Assets/Main/Sprites/BuildIconOutCity/gather_iron,14,CollectResourceStone_world_detect
3101,1,30000%,5,14,20,1080000,1000,1,480,100317,Assets/Main/Sprites/BuildIconOutCity/gather_bread,14,CollectResourceWood_world_detect
3102,1,30000%,5,14,22,1260000,1000,1,480,100317,Assets/Main/Sprites/BuildIconOutCity/gather_bread,14,CollectResourceWood_world_detect
3103,1,30000%,5,14,24,1440000,1000,1,480,100317,Assets/Main/Sprites/BuildIconOutCity/gather_bread,14,CollectResourceWood_world_detect
3104,1,30000%,5,14,26,1620000,1000,1,480,100317,Assets/Main/Sprites/BuildIconOutCity/gather_bread,14,CollectResourceWood_world_detect
3105,1,30000%,5,14,28,1800000,1000,1,480,100317,Assets/Main/Sprites/BuildIconOutCity/gather_bread,14,CollectResourceWood_world_detect
3106,1,30000%,5,14,29,1980000,1000,1,480,100317,Assets/Main/Sprites/BuildIconOutCity/gather_bread,14,CollectResourceWood_world_detect
3107,1,30000%,5,14,30,2160000,1000,1,480,100317,Assets/Main/Sprites/BuildIconOutCity/gather_bread,14,CollectResourceWood_world_detect
3108,1,30000%,5,14,31,2340000,1000,1,480,100317,Assets/Main/Sprites/BuildIconOutCity/gather_bread,14,CollectResourceWood_world_detect
3109,1,30000%,5,14,32,2520000,1000,1,480,100317,Assets/Main/Sprites/BuildIconOutCity/gather_bread,14,CollectResourceWood_world_detect
3110,1,30000%,5,14,33,2700000,1000,1,480,100317,Assets/Main/Sprites/BuildIconOutCity/gather_bread,14,CollectResourceWood_world_detect
3201,1,30000%,5,2,20,648000,600,1,480,129027,Assets/Main/Sprites/BuildIconOutCity/gather_coin,14,CollectResourcesGold_world_detect
3202,1,30000%,5,2,22,756000,600,1,480,129027,Assets/Main/Sprites/BuildIconOutCity/gather_coin,14,CollectResourcesGold_world_detect
3203,1,30000%,5,2,24,864000,600,1,480,129027,Assets/Main/Sprites/BuildIconOutCity/gather_coin,14,CollectResourcesGold_world_detect
3204,1,30000%,5,2,26,972000,600,1,480,129027,Assets/Main/Sprites/BuildIconOutCity/gather_coin,14,CollectResourcesGold_world_detect
3205,1,30000%,5,2,28,1080000,600,1,480,129027,Assets/Main/Sprites/BuildIconOutCity/gather_coin,14,CollectResourcesGold_world_detect
3206,1,30000%,5,2,29,1188000,600,1,480,129027,Assets/Main/Sprites/BuildIconOutCity/gather_coin,14,CollectResourcesGold_world_detect
3207,1,30000%,5,2,30,1296000,600,1,480,129027,Assets/Main/Sprites/BuildIconOutCity/gather_coin,14,CollectResourcesGold_world_detect
3208,1,30000%,5,2,31,1404000,600,1,480,129027,Assets/Main/Sprites/BuildIconOutCity/gather_coin,14,CollectResourcesGold_world_detect
3209,1,30000%,5,2,32,1512000,600,1,480,129027,Assets/Main/Sprites/BuildIconOutCity/gather_coin,14,CollectResourcesGold_world_detect
3210,1,30000%,5,2,33,1620000,600,1,480,129027,Assets/Main/Sprites/BuildIconOutCity/gather_coin,14,CollectResourcesGold_world_detect
3301,1,100%,5,15,15,120,150,1,480,800817,Assets/Main/Sprites/BuildIconOutCity/gather_diamond,14,CollectResourceDiamond_world_detect
3302,1,100%,5,15,18,140,150,1,480,800817,Assets/Main/Sprites/BuildIconOutCity/gather_diamond,14,CollectResourceDiamond_world_detect
3303,1,100%,5,15,20,160,150,1,480,800817,Assets/Main/Sprites/BuildIconOutCity/gather_diamond,14,CollectResourceDiamond_world_detect
3304,1,100%,5,15,22,180,150,1,480,800817,Assets/Main/Sprites/BuildIconOutCity/gather_diamond,14,CollectResourceDiamond_world_detect
3305,1,100%,5,15,25,200,150,1,480,800817,Assets/Main/Sprites/BuildIconOutCity/gather_diamond,14,CollectResourceDiamond_world_detect
3306,1,100%,5,15,26,220,150,1,480,800817,Assets/Main/Sprites/BuildIconOutCity/gather_diamond,14,CollectResourceDiamond_world_detect
3307,1,100%,5,15,27,240,150,1,480,800817,Assets/Main/Sprites/BuildIconOutCity/gather_diamond,14,CollectResourceDiamond_world_detect
3308,1,100%,5,15,28,260,150,1,480,800817,Assets/Main/Sprites/BuildIconOutCity/gather_diamond,14,CollectResourceDiamond_world_detect
3309,1,100%,5,15,29,280,150,1,480,800817,Assets/Main/Sprites/BuildIconOutCity/gather_diamond,14,CollectResourceDiamond_world_detect
3310,1,100%,5,15,30,300,150,1,480,800817,Assets/Main/Sprites/BuildIconOutCity/gather_diamond,14,CollectResourceDiamond_world_detect
4001,0,,,11001,1,4800,3.5,1,60,458173,Assets/Main/Sprites/UI/UIDesertBattle/detail/zyf_daditu_jianzhu_icon5_huang.png,458186,Assets/_Art_LastWar/Models/Environment/Build/Shamofengbao/prefab/A_build_youjing_huang.prefab
5001,3,,,15,15,120,150,1,1440,801626,Assets/Main/Sprites/BuildIconOutCity/gather_diamond,14,CollectResourceDiamond_world
5002,3,,,15,18,140,150,1,1440,801626,Assets/Main/Sprites/BuildIconOutCity/gather_diamond,14,CollectResourceDiamond_world
5003,3,,,15,20,160,150,1,1440,801626,Assets/Main/Sprites/BuildIconOutCity/gather_diamond,14,CollectResourceDiamond_world
5004,3,,,15,22,180,150,1,1440,801626,Assets/Main/Sprites/BuildIconOutCity/gather_diamond,14,CollectResourceDiamond_world
5005,3,,,15,25,200,150,1,1440,801626,Assets/Main/Sprites/BuildIconOutCity/gather_diamond,14,CollectResourceDiamond_world
5006,3,,,15,26,220,150,1,1440,801626,Assets/Main/Sprites/BuildIconOutCity/gather_diamond,14,CollectResourceDiamond_world
5007,3,,,15,27,240,150,1,1440,801626,Assets/Main/Sprites/BuildIconOutCity/gather_diamond,14,CollectResourceDiamond_world
5008,3,,,15,28,260,150,1,1440,801626,Assets/Main/Sprites/BuildIconOutCity/gather_diamond,14,CollectResourceDiamond_world
5009,3,,,15,29,280,150,1,1440,801626,Assets/Main/Sprites/BuildIconOutCity/gather_diamond,14,CollectResourceDiamond_world
5010,3,,,15,30,300,150,1,1440,801626,Assets/Main/Sprites/BuildIconOutCity/gather_diamond,14,CollectResourceDiamond_world
6001,4,,,23,1,30000,6000,1,1440,801716,Assets/Main/Sprites/ItemIcons/Mjc_icon_shiyou,14,cityBoss_shiyou
6002,4,,,23,2,36000,6000,1,1440,801716,Assets/Main/Sprites/ItemIcons/Mjc_icon_shiyou,14,cityBoss_shiyou
6003,4,,,23,3,42000,6000,1,1440,801716,Assets/Main/Sprites/ItemIcons/Mjc_icon_shiyou,14,cityBoss_shiyou
6004,4,,,23,4,48000,6000,1,1440,801716,Assets/Main/Sprites/ItemIcons/Mjc_icon_shiyou,14,cityBoss_shiyou
6005,4,,,23,5,54000,6000,1,1440,801716,Assets/Main/Sprites/ItemIcons/Mjc_icon_shiyou,14,cityBoss_shiyou
6006,4,,,23,6,60000,6000,1,1440,801716,Assets/Main/Sprites/ItemIcons/Mjc_icon_shiyou,14,cityBoss_shiyou
6007,4,,,23,7,66000,6000,1,1440,801716,Assets/Main/Sprites/ItemIcons/Mjc_icon_shiyou,14,cityBoss_shiyou
20001,0,,,1,1,36000,10,1,720,100281,Assets/Main/Sprites/BuildIconOutCity/gather_iron,14,CollectResourceStone_world_S2
20002,0,,,1,2,72000,10,1,720,100281,Assets/Main/Sprites/BuildIconOutCity/gather_iron,14,CollectResourceStone_world_S2
20003,0,,,1,3,108000,10,1,720,100281,Assets/Main/Sprites/BuildIconOutCity/gather_iron,14,CollectResourceStone_world_S2
20004,0,,,1,4,144000,10,1,720,100281,Assets/Main/Sprites/BuildIconOutCity/gather_iron,14,CollectResourceStone_world_S2
20005,0,,,1,5,180000,10,1,720,100281,Assets/Main/Sprites/BuildIconOutCity/gather_iron,14,CollectResourceStone_world_S2
20006,0,,,1,6,216000,10,1,720,100281,Assets/Main/Sprites/BuildIconOutCity/gather_iron,14,CollectResourceStone_world_S2
20007,0,,,1,7,288000,10,1,720,100281,Assets/Main/Sprites/BuildIconOutCity/gather_iron,14,CollectResourceStone_world_S2
20008,0,,,1,8,360000,10,1,720,100281,Assets/Main/Sprites/BuildIconOutCity/gather_iron,14,CollectResourceStone_world_S2
20009,0,,,1,9,432000,10,1,720,100281,Assets/Main/Sprites/BuildIconOutCity/gather_iron,14,CollectResourceStone_world_S2
20010,0,,,1,10,504000,10,1,720,100281,Assets/Main/Sprites/BuildIconOutCity/gather_iron,14,CollectResourceStone_world_S2
20011,0,,,1,11,576000,10,1,720,100281,Assets/Main/Sprites/BuildIconOutCity/gather_iron,14,CollectResourceStone_world_S2
20012,0,,,1,12,648000,10,1,720,100281,Assets/Main/Sprites/BuildIconOutCity/gather_iron,14,CollectResourceStone_world_S2
20101,0,,,14,1,36000,10,1,720,100317,Assets/Main/Sprites/BuildIconOutCity/gather_bread,14,CollectResourceWood_world_S2
20102,0,,,14,2,72000,10,1,720,100317,Assets/Main/Sprites/BuildIconOutCity/gather_bread,14,CollectResourceWood_world_S2
20103,0,,,14,3,108000,10,1,720,100317,Assets/Main/Sprites/BuildIconOutCity/gather_bread,14,CollectResourceWood_world_S2
20104,0,,,14,4,144000,10,1,720,100317,Assets/Main/Sprites/BuildIconOutCity/gather_bread,14,CollectResourceWood_world_S2
20105,0,,,14,5,180000,10,1,720,100317,Assets/Main/Sprites/BuildIconOutCity/gather_bread,14,CollectResourceWood_world_S2
20106,0,,,14,6,216000,10,1,720,100317,Assets/Main/Sprites/BuildIconOutCity/gather_bread,14,CollectResourceWood_world_S2
20107,0,,,14,7,288000,10,1,720,100317,Assets/Main/Sprites/BuildIconOutCity/gather_bread,14,CollectResourceWood_world_S2
20108,0,,,14,8,360000,10,1,720,100317,Assets/Main/Sprites/BuildIconOutCity/gather_bread,14,CollectResourceWood_world_S2
20109,0,,,14,9,432000,10,1,720,100317,Assets/Main/Sprites/BuildIconOutCity/gather_bread,14,CollectResourceWood_world_S2
20110,0,,,14,10,504000,10,1,720,100317,Assets/Main/Sprites/BuildIconOutCity/gather_bread,14,CollectResourceWood_world_S2
20111,0,,,14,11,576000,10,1,720,100317,Assets/Main/Sprites/BuildIconOutCity/gather_bread,14,CollectResourceWood_world_S2
20112,0,,,14,12,648000,10,1,720,100317,Assets/Main/Sprites/BuildIconOutCity/gather_bread,14,CollectResourceWood_world_S2
20201,0,,,2,1,21600,6,1,720,129027,Assets/Main/Sprites/BuildIconOutCity/gather_coin,14,CollectResourcesGold_world_S2
20202,0,,,2,2,43200,6,1,720,129027,Assets/Main/Sprites/BuildIconOutCity/gather_coin,14,CollectResourcesGold_world_S2
20203,0,,,2,3,64800,6,1,720,129027,Assets/Main/Sprites/BuildIconOutCity/gather_coin,14,CollectResourcesGold_world_S2
20204,0,,,2,4,86400,6,1,720,129027,Assets/Main/Sprites/BuildIconOutCity/gather_coin,14,CollectResourcesGold_world_S2
20205,0,,,2,5,108000,6,1,720,129027,Assets/Main/Sprites/BuildIconOutCity/gather_coin,14,CollectResourcesGold_world_S2
20206,0,,,2,6,129600,6,1,720,129027,Assets/Main/Sprites/BuildIconOutCity/gather_coin,14,CollectResourcesGold_world_S2
20207,0,,,2,7,172800,6,1,720,129027,Assets/Main/Sprites/BuildIconOutCity/gather_coin,14,CollectResourcesGold_world_S2
20208,0,,,2,8,216000,6,1,720,129027,Assets/Main/Sprites/BuildIconOutCity/gather_coin,14,CollectResourcesGold_world_S2
20209,0,,,2,9,259200,6,1,720,129027,Assets/Main/Sprites/BuildIconOutCity/gather_coin,14,CollectResourcesGold_world_S2
20210,0,,,2,10,302400,6,1,720,129027,Assets/Main/Sprites/BuildIconOutCity/gather_coin,14,CollectResourcesGold_world_S2
20211,0,,,2,11,345600,6,1,720,129027,Assets/Main/Sprites/BuildIconOutCity/gather_coin,14,CollectResourcesGold_world_S2
20212,0,,,2,12,388800,6,1,720,129027,Assets/Main/Sprites/BuildIconOutCity/gather_coin,14,CollectResourcesGold_world_S2
