id,fire_action,fire_effect,cast_effect,position_effect,fire_effect_time,cast_effect_time,fire_delay,eff_fire,fire_audio,fire_audio_1,fire_shake,fire_vibrate,warn_effect,warn_effect_time,warn_effect_bullet,sound_id_fire_1,sound_id_fire_2
1,,Assets/Main/Prefabs/LWBattle/Effect_Lod/Eff_hero_AK_qiangkou_new.prefab,,,500,,130,,fire/gump_shoot,,,,,,,1001,0
2,,Assets/_Art_LastWar/Effect/Prefab/Arms/Tanke/Eff_tanke_qiangkou.prefab,,,500,,130,,,,,,,,,0,0
3,,,,,500,,130,,,,,,,,,0,0
4,,,,,500,,130,,,,,,,,,0,0
5,,,,,500,,130,,,,,,,,,0,0
6,,,,,500,,130,,,,,,,,,0,0
7,,Assets/Main/Prefabs/LWBattle/Effect_Lod/Eff_hero_jiatelin_qiangkou_lod.prefab,,,500,,130,,fire/meisen_shoot_2,,,,,,,1007,0
8,,Assets/Main/Prefabs/LWBattle/Effect_Lod/Eff_hero_AK_qiangkou_new.prefab,,,500,,130,,fire/gump_shoot,,,,,,,1008,0
9,,,,,,,300,,fire/penhuoqi_skill,,,,,,,1009,0
10,,Assets/_Art_LastWar/Effect/Prefab/Arms/Shandianqiang/Eff_hero_shandianqiang_qiangkou.prefab,,,500,,130,,,,,,,,,0,0
11,,Assets/Main/Prefabs/LWBattle/Effect_Lod/Eff_hero_duyeqiang_qiangkou_lod.prefab,,,500,,130,,,,,,,,,0,0
13,,,,,,,130,,,,,,,,,0,0
14,,Assets/Main/Prefabs/Effect/Huojiantong/Eff_hero_huojiantong_qiangkou.prefab,,,500,,130,,,,,,,,,0,0
17,,Assets/_Art_LastWar/Effect/Prefab/Arms/Guanglingtanke/Eff_hero_guanglingtanke_qingkou.prefab,,,500,,130,,fire/lazer_attack,,,,,,,1014,0
18,,Assets/Main/Prefabs/Effect/Huojiantong/Eff_hero_huojiantong_qiangkou.prefab,,,500,,130,,,,,,,,,0,0
20,,Assets/Main/Prefabs/LWBattle/Effect_Lod/Eff_hero_nengliangbuqiang_qiangkou_lod.prefab,,,500,,130,,,,,,,,,0,0
22,,Assets/Main/Prefabs/Effect/Huojiantong/Eff_hero_huojiantong_qiangkou.prefab,,,500,,130,,,,,,,,,0,0
200,,,,,,,200,,,,,,,,,0,0
202,,Assets/Main/Prefabs/LWBattle/Effect_Lod/Eff_hero_duyeqiang_qiangkou_lod.prefab,,,500,,130,,,,,,,,,0,0
214,,Assets/Main/Prefabs/LWBattle/Effect_Lod/Eff_hero_duyeqiang_qiangkou_lod.prefab,,,500,,130,,,,,,,,,0,0
216,,,,,,,50,,,,,,,,,0,0
218,,,,,,,200,,stage/boss_skill_1,,0.3|0|0.5|0|6,0.5|0.2|0.1,,,,1022,0
220,,,,,,,200,,stage/boss_attack_1,stage/boss_attack_2,,0.14|0.1|0.018,,,,1023,1131
228,,,,,,,2800,,,,,,,,,0,0
232,,Assets/Main/Prefabs/LWBattle/Effect_Lod/Eff_hero_duyeqiang_qiangkou_lod.prefab,,,500,,130,,,,,,,,,0,0
270,,Assets/_Art_LastWar/Effect/Prefab/Boss/Eff_Boss_aisila_skill_02.prefab,,,3000,,2000,,,,,,Assets/_Art_LastWar/Effect/Prefab/xinshou/Eff_xinshou_guanka_yujing_02.prefab,5000,,0,0
272,,Assets/Main/Prefabs/LWBattle/Effect_Lod/Eff_hero_huojiantong_qiangkou_lod.prefab,,,2500,,500,,stage/fire_gun_1,,,,Assets/_Art_LastWar/Effect/Prefab/xinshou/Eff_xinshou_guanka_yujing_01.prefab,2500,,1027,0
273,,Assets/_Art_LastWar/Effect/Prefab/RiChang/aisila/Eff_s_aisila_xiaqian_Root.prefab,,,,,500,,,,,,,,,0,0
275,,Assets/_Art_LastWar/Effect/Prefab/RiChang/aisila/Eff_s_aisila_born_Root.prefab,,,3000,,500,,,,,,,,,0,0
276,,,,,3000,,1100,,aisila/SFX_Enemy_Boss_Aisila_Attack_Skill_1,,,,Assets/_Art_LastWar/Effect/Prefab/xinshou/Eff_xinshou_guanka_yujing_03.prefab,2000,,1030,0
277,,Assets/_Art_LastWar/Effect/Prefab/RiChang/aisila/Eff_s_aisila_skill2_kaihuo_root.prefab,,,3000,,2000,,aisila/SFX_Enemy_Boss_Aisila_Attack_Skill_2,,,,Assets/_Art_LastWar/Effect/Prefab/xinshou/Eff_xinshou_guanka_yujing_02.prefab,3000,1,1031,0
278,,Assets/_Art_LastWar/Effect/Prefab/RiChang/aisila/Eff_s_aisila_skill3_xuli_Root.prefab,,,1500,,1500,,aisila/SFX_Enemy_Boss_Aisila_Attack_Skill_2,,,,Assets/_Art_LastWar/Effect/Prefab/xinshou/Eff_xinshou_guanka_yujing_02.prefab,1500,1,1032,0
279,,Assets/_Art_LastWar/Effect/Prefab/RiChang/aisila/Eff_s_aisila_skill3_xuli_Root.prefab,,,1500,,1500,,aisila/SFX_Enemy_Boss_Aisila_Born_Pose,,,,Assets/_Art_LastWar/Effect/Prefab/xinshou/Eff_xinshou_guanka_yj_180_aisila.prefab,2000,,1033,0
280,,Assets/_Art_LastWar/Effect/Prefab/Common/Eff_boss_qiche_zidan_qiangkou.prefab,,,2000,,2000,,aisila/SFX_Enemy_Boss_Aisila_Attack_Touzhi,,,,Assets/_Art_LastWar/Effect/Prefab/xinshou/Eff_xinshou_guanka_yujing_04.prefab,3000,1,1034,0
281,,,,,500,,800,,fire/huojiantong_shoot,,,,Assets/Main/Prefabs/LWBattle/Bullet/Eff_xinshou_guanka_yujing_05.prefab,1500,1,1035,0
282,,,,,300,,700,,stage/machine_gun_1,,,,Assets/Main/Prefabs/LWBattle/Bullet/Eff_xinshou_guanka_yj_60_jiqiangguai.prefab,700,,1036,0
283,,,,,500,,800,,fire/huojiantong_shoot,,,,Assets/Main/Prefabs/LWBattle/Bullet/Eff_xinshou_guanka_yujing_06.prefab,1400,1,1037,0
284,,,,,500,,800,,fire/huojiantong_shoot,,,,Assets/Main/Prefabs/LWBattle/Bullet/Eff_xinshou_guanka_yujing_07.prefab,1400,1,1038,0
300,,Assets/_Art/Effect/prefab/scene/xinshou/VFX_kanshu_zha.prefab,,,500,,130,,,,,,,,,0,0
1000,,Assets/Main/Prefabs/LWBattle/Effect_Lod/Eff_hero_AK_qiangkou_lod.prefab,,,500,,300,,fire/gump_shoot,,,,,,,1040,0
1010,,Assets/Main/Prefabs/LWBattle/Effect_Lod/Eff_hero_AK_qiangkou_lod.prefab,,,500,,130,,fire/meisen_shoot_2,,,,,,,1041,0
1020,,Assets/Main/Prefabs/LWBattle/Effect_Lod/Eff_hero_jiatelin_qiangkou_lod.prefab,,,300,,130,,stage/machine_gun_1,,,,,,,1042,0
1030,,Assets/_Art_LastWar/Effect/Prefab/Arms/Jujiqiang/Eff_hero_jujiqiang_qiangkou.prefab,,,500,,130,,fire/meisen_skill,,,,,,,1043,0
1040,,Assets/Main/Prefabs/LWBattle/Effect_Lod/Eff_hero_xiandanqiang_qiangkou_lod.prefab,,,500,,130,,fire/gump_shoot,,,,,,,1044,0
1050,,Assets/Main/Prefabs/LWBattle/Effect_Lod/Eff_hero_nengliangbuqiang_qiangkou_lod.prefab,,,500,,130,,fire/lazer_attack,,,,,,,1045,0
1060,,Assets/Main/Prefabs/LWBattle/Effect_Lod/Eff_hero_nengliangbuqiang_qiangkou_lod.prefab,,,500,,130,,fire/lazer_attack,,,,,,,1046,0
1070,,Assets/Main/Prefabs/LWBattle/Effect_Lod/Eff_hero_duyeqiang_qiangkou_lod.prefab,,,500,,130,,buff/poisoning_buff,,,,,,,1047,0
1080,,Assets/Main/Prefabs/LWBattle/Effect_Lod/Eff_hero_xiandanqiang_qiangkou_lod.prefab,,,500,,130,,,,,,,,,0,0
1090,,Assets/Main/Prefabs/LWBattle/Effect_Lod/Eff_hero_xiandanqiang_qiangkou_lod.prefab,,,500,,130,,fire/energy_missile,,,,,,,1049,0
1100,,Assets/Main/Prefabs/LWBattle/Effect_Lod/Eff_hero_huojiantong_qiangkou_lod.prefab,,,300,,100,,fire/missile_attack,,,,,,,1050,0
1110,,,,,500,,130,,,,,,,,,0,0
1120,,,,,500,,130,,,,,,,,,0,0
1130,,,,,500,,130,,,,,,,,,0,0
1140,,Assets/Main/Prefabs/LWBattle/Effect_Lod/Eff_hero_huojiantong_qiangkou_lod.prefab,,,700,,500,,stage/fire_gun_1,,,,,,,1054,0
1150,,Assets/_Art_LastWar/Effect/Prefab/Arms/Shandianqiang/Eff_hero_shandianqiang_qiangkou.prefab,,,500,,130,,fire/lightningball_fire,,,,,,,1055,0
1160,,,,,,,130,,,,,,,,,0,0
1170,,Assets/_Art_LastWar/Effect/Prefab/Arms/Kaqiusha/Eff_kaqiusha_qiangkou.prefab,,,500,,130,,fire/huojiantong_shoot,,,,,,,1057,0
1180,,Assets/Main/Prefabs/LWBattle/Effect_Lod/D_chixu_lod.prefab,,,500,,130,,fire/energy_missile,,,,,,,1058,0
1190,,Assets/Main/Prefabs/LWBattle/Effect_Lod/Eff_hero_nengliangbuqiang_qiangkou_lod.prefab,,,500,,130,,fire/gump_shoot,,,,,,,1059,0
1200,,Assets/Main/Prefabs/Effect/Huojiantong/Eff_hero_huojiantong_qiangkou.prefab,,,500,,130,,fire/missile_attack,,,,,,,1060,0
1210,,Assets/Main/Prefabs/LWBattle/Effect_Lod/Eff_hero_AK_qiangkou_lod.prefab,,,500,,130,,fire/gump_shoot,,,,,,,1061,0
1220,,Assets/Main/Prefabs/LWBattle/Effect_Lod/Eff_hero_xiandanqiang_qiangkou_lod.prefab,,,500,,130,,fire/missile_attack,,,,,,,1062,0
1230,,Assets/Main/Prefabs/LWBattle/Effect_Lod/Eff_hero_AK_qiangkou_lod.prefab,,,500,,130,,fire/gump_shoot,,,,,,,1063,0
1240,,Assets/_Art_LastWar/Effect/Prefab/Common/D_huang_fashe.prefab,,,500,,130,,fire/gump_shoot,,,,,,,1064,0
1250,,,Assets/Main/Prefabs/LWBattle/Effect_Lod/Eff_hero_xiandanqiang_qiangkou_lod.prefab,,500,,130,,,,,,,,,0,0
10010,,Assets/Main/Prefabs/LWBattle/Effect_Lod/Eff_hero_AK_qiangkou_lod.prefab,,,500,,300,,fire/gump_shoot,,,,,,,1066,0
10011,,Assets/Main/Prefabs/LWBattle/Effect_Lod/Eff_hero_AK_qiangkou_lod.prefab,,,500,,300,,fire/gump_shoot,,,,,,,1067,0
10012,,Assets/Main/Prefabs/NewBies/Effect/Eff_ljw_hero_ak_qiangkou_blue.prefab,,,500,,130,,fire/meisen_shoot_2,,,,,,,1068,0
10013,,Assets/Main/Prefabs/LWBattle/Effect_Lod/Eff_hero_fuchouzhe_qiangkou_lod.prefab,,,500,,50,,fire/meisen_skill,,,,,,,1070,0
10014,,,,,500,,130,,,,,,,,,0,0
10015,,Assets/Main/Prefabs/LWBattle/Effect_Lod/Eff_hero_xiandanqiang_qiangkou_lod.prefab,,,500,,130,,fire/missile_attack,,,,,,,1072,0
10016,,,,,500,,130,,,,,,,,,0,0
10017,,Assets/Main/Prefabs/LWBattle/Effect_Lod/D_chixu_lod.prefab,,,500,,130,,fire/energy_missile,,,,,,,1074,0
100100,,Assets/Main/Prefabs/LWBattle/Effect_Lod/Eff_hero_AK_qiangkou_lod.prefab,,,500,,300,,fire/gump_shoot,,,,,,,1077,0
100121,,Assets/Main/Prefabs/NewBies/Effect/Eff_ljw_hero_ak_qiangkou_blue.prefab,,,500,,130,,fire/meisen_shoot_2,,,,,,,1069,0
300200,,Assets/Main/Prefabs/LWBattle/Effect_Lod/Eff_hero_xiandanqiang_qiangkou_lod.prefab,,,500,,130,,fire/gump_shoot,,,,,,,1075,0
400600,,Assets/Main/Prefabs/LWBattle/Effect_Lod/Eff_hero_huojiantong_qiangkou_lod.prefab,,,500,,300,,fire/penhuoqi_skill,,,,,,,1076,0
500600,,Assets/_Art_LastWar/Effect/Prefab/Arms/Murphy/Eff_Murphy_qiangkou.prefab,,,500,,50,,fire/tank_attack,,,,,,,1085,0
500610,,,Assets/_Art_LastWar/Effect/Prefab/Arms/Murphy/Eff_Murphy_skill.prefab,,,500,50,,,,,,,,,0,0
500620,,,Assets/_Art_LastWar/Effect/Prefab/Arms/Murphy/Eff_Murphy_zw_hudun_01.prefab,,,500,50,,,,,,,,,0,0
500700,,Assets/_Art_LastWar/Effect/Prefab/Arms/Ruike/Eff_ruike_qiangkou.prefab,,,500,,50,,fire/energy_missile,,,,,,,1097,0
500710,,Assets/_Art_LastWar/Effect/Prefab/Arms/Ruike/Eff_ruike_qiangkou.prefab,,,500,,50,,fire/energy_missile_double,,,,,,,1098,0
500770,,,Assets/_Art_LastWar/Effect/Prefab/HeroWeapon/Rick/Eff_Rick_zw_buff_shifang.prefab,,,500,50,,fire/energy_missile_double,,,,,,,1100,0
500780,,Assets/Main/Prefabs/LWBattle/Effect_Lod/Eff_Rick_zw_attack_kaihuo_01_lod.prefab,,,500,,50,,fire/energy_missile,,,,,,,1099,0
500800,,Assets/Main/Prefabs/LWBattle/Effect_Lod/Eff_nimizi_qiangkou_lod.prefab,,,500,,50,,fire/lazer_attack,,,,,,,1088,0
500810,,,Assets/_Art_LastWar/Effect/Prefab/Arms/nimizi/Eff_nimizi_skill.prefab,,,500,50,,,,,,,,,0,0
500840,,Assets/Main/Prefabs/LWBattle/Effect_Lod/Eff_nimizi_zw_qiangkou_lod.prefab,,,500,,50,,fire/lazer_attack,,,,,,,1090,0
500850,,,Assets/_Art_LastWar/Effect/Prefab/Arms/nimizi/Eff_nimizi_zw_buff_shifang.prefab,,,2500,50,,,,,,,,,0,0
500900,,Assets/_Art_LastWar/Effect/Prefab/Arms/Kaqiusha/Eff_kaqiusha_qiangkou.prefab,,,300,,50,,fire/energy_missile,,,,,,,1079,0
500910,,,Assets/_Art_LastWar/Effect/Prefab/Arms/Kaqiusha/Eff_kaqiusha_qiangkou.prefab,,,300,50,,fire/missile_skill,,,,,,,1080,0
501040,,Assets/Main/Prefabs/HeroUniqueWeaponEffect/Stetman/Eff_Stetman_zw_attack_kaihuo.prefab,,,300,,50,,,,,,,,,0,0
501060,,Assets/Main/Prefabs/HeroUniqueWeaponEffect/Stetman/Eff_Stetman_zw_attack_kaihuo.prefab,,,300,,50,,,,,,,,,0,0
501090,,Assets/Main/Prefabs/HeroUniqueWeaponEffect/Stetman/Eff_Stetman_zw_jiguang_01.prefab,,,500,,50,,,,,,,,,0,0
501200,,Assets/Main/Prefabs/LWBattle/Effect_Lod/Eff_hero_fuchouzhe_qiangkou_lod.prefab,,,500,,50,,fire/meisen_skill,,,,,,,1078,0
501310,,,Assets/_Art_LastWar/Effect/Prefab/Arms/Ewan/Eff_Ewan_skill.prefab,,,500,50,,,,,,,,,0,0
501340,,Assets/_Art_LastWar/Effect/Prefab/Arms/Ewan/Eff_Ewan_zw_qiangkou_01.prefab,,,500,,50,,,,,,,,,0,0
501370,,Assets/_Art_LastWar/Effect/Prefab/Arms/Ewan/Eff_Ewan_zw_kaipao_01.prefab,,,500,,50,,,,,,,,,0,0
501440,,Assets/Main/Prefabs/HeroUniqueWeaponEffect/Katyusha_01/Eff_s_Hero_Fiona_zw_attack_kaihuo_01.prefab,,,500,,50,,,,,,,,,0,0
501450,,Assets/Main/Prefabs/HeroUniqueWeaponEffect/Katyusha_01/Eff_s_Hero_Fiona_zw_skill_kaihuo_01.prefab,,,500,,50,,,,,,,,,0,0
501460,,Assets/Main/Prefabs/HeroUniqueWeaponEffect/Katyusha_01/Eff_s_Hero_Fiona_zw_skill_zidan_01_start.prefab,,,500,,50,,,,,,,,,0,0
501500,,Assets/_Art_LastWar/Effect/Prefab/Arms/kelusi/Eff_kelusi_qiangkou.prefab,,,500,,50,,fire/meisen_shoot_1;fire/meisen_shoot_2,,,,,,,1092,0
501510,,Assets/_Art_LastWar/Effect/Prefab/Arms/Swift/Eff_s_swift_skill_smoke.prefab,,,,500,50,,fire/meisen_shoot_1;fire/meisen_shoot_2,,,,,,,1093,0
501600,,Assets/Main/Prefabs/LWBattle/Effect_Lod/Eff_Steutmann_attack_qiangkou_lod.prefab,,,500,,50,,fire/energy_missile,,,,,,,1101,0
501610,,Assets/_Art_LastWar/Effect/Prefab/Arms/Steutmann/Eff_Steutmann_skill_qiangkou.prefab,,,500,,50,,fire/energy_missile,,,,,,,1102,0
501620,,Assets/Main/Prefabs/LWBattle/Effect_Lod/Eff_Steutmann_attack_qiangkou_lod.prefab,,,300,,50,,fire/lazer_attack,,,,,,,1103,0
501630,,,Assets/_Art_LastWar/Effect/Prefab/Arms/Tesla/Eff_Tesla_skill_01_1.prefab,,,600,50,,fire/lazer_attack,,,,,,,1104,0
501700,,Assets/_Art_LastWar/Effect/Prefab/Arms/Dva/Eff_dva_qiangkou.prefab,,,300,,50,,fire/missile_attack,,,,,,,1081,0
501710,,Assets/_Art_LastWar/Effect/Prefab/Arms/Dva/Eff_dva_skill_qiangkou.prefab,,,300,,50,,fire/missile_skill,,,,,,,1082,0
501720,,Assets/_Art_LastWar/Effect/Prefab/Arms/Dva/Eff_dva_skill_qiangkou.prefab,,,300,,300,,fire/missile_attack,,,,,,,1083,0
501730,,Assets/_Art_LastWar/Effect/Prefab/Arms/Dva/Eff_dva_qiangkou.prefab,,,300,,300,,fire/missile_skill,,,,,,,1084,0
502000,,Assets/Main/Prefabs/LWBattle/Effect_Lod/Eff_hero_fuchouzhe_qiangkou_lod.prefab,,,500,,50,,fire/meisen_skill,,,,,,,1105,0
502100,,,,,500,,50,,fire/meisen_skill,,,,,,,1112,0
502140,,Assets/Main/Prefabs/LWBattle/Eff_Einstein_zw_Fire_lod.prefab,,,500,,50,,fire/meisen_skill,,,,,,,1113,0
502150,,,Assets/_Art_LastWar/Effect/Prefab/2025/Eff_Einstein_zw/Eff_Einstein_zw_Skill.prefab,,500,,50,,,,,,,,,0,0
502200,,Assets/Main/Prefabs/LWBattle/Effect_Lod/Eff_yadang_qiangkou_lod.prefab,,,500,,50,,fire/meisen_shoot_1;fire/meisen_shoot_2,,,,,,,1115,0
502210,,,Assets/_Art_LastWar/Effect/Prefab/Arms/Murphy/Eff_Murphy_skill.prefab,,,500,50,,fire/meisen_skill,,,,,,,1116,0
502240,,Assets/_Art_LastWar/Effect/Prefab/HeroWeapon/Adam/Eff_hero_Adam_zw_attack_1_qiangkou.prefab,,,500,,50,,,,,,,,,0,0
502250,,,Assets/_Art_LastWar/Effect/Prefab/HeroWeapon/Adam/Eff_hero_Adam_zw_skill_1_shifa.prefab,,,,50,,,,,,,,,0,0
502400,,Assets/Main/Prefabs/LWBattle/Effect_Lod/Eff_Jinminxi_qiangKou_1_lod.prefab,,,2000,,50,,fire/tesla_attack,,,,,,,1119,0
502410,,Assets/_Art_LastWar/Effect/Prefab/Arms/Jinminxi/Eff_Jinminxi_qiangKou_2.prefab,,,2000,,50,,fire/tesla_skill,,,,,,,1120,0
502700,,Assets/Main/Prefabs/LWBattle/Effect_Lod/Eff_ljw_hero_sara03_attack_s_lod.prefab,,,2000,,50,,,,,,,,,0,0
502710,,,Assets/_Art_LastWar/Effect/Prefab/HeroWeapon/Sara/Eff_ljw_hero_sara03_skill01_s.prefab,,,2000,50,,,,,,,,,0,0
700100,,Assets/Main/Prefabs/LWBattle/Effect_Lod/Eff_wurenji_hongzha_lod.prefab,,,,,2000,,fire/alarm,,,,,,,1106,0
700200,,,,,2000,,2000,,,,,,,,,0,0
700300,,Assets/Main/Prefabs/LWBattle/Effect_Lod/Eff_wurenji_hongzha_lod.prefab,,,,,2000,,fire/alarm,,,,,,,1108,0
700400,,,,,,,50,,,,,,,,,0,0
700500,,Assets/Main/Prefabs/LWBattle/Effect_Lod_File/Eff_wurenji_nianshou_penhuo_lod.prefab,,,,,50,,fire/penhuoqi_skill,,,,,,,1110,0
700600,,Assets/Main/Prefabs/LWBattle/Effect_Lod/Eff_wurenji_hongzha_lod.prefab,,,,,2000,,fire/alarm,,,,,,,1111,0
800000,,Assets/Main/Prefabs/LWBattle/Effect_Lod_File/Eff_Zhuzai_monkey_attack_Qiangkou_LV00_lod.prefab,,,300,,50,,,,,,,,,0,0
800010,,,Assets/_Art_LastWar/Effect/Prefab/Zhuzai/Eff_s_Zhuzai_monkey_skill01.prefab,,,4000,2000,,,,,,,,,0,0
800030,,Assets/_Art_LastWar/Effect/Prefab/Zhuzai/Eff_Zhuzai_monkey_attack01_Qiangkou_LV06.prefab,,,300,,50,,,,,,,,,0,0
810000,,Assets/Main/CoditionLoadRes/Dominator/Hawk/Prefabs/Effect/Zhuzai_ying/Zhuzai_ying1_1/Eff_ljw_zhuzai_ying_attack_lv0_2_s.prefab,,,300,,50,,,,,,,,,0,0
810001,,Assets/Main/CoditionLoadRes/Dominator/Hawk/Prefabs/Effect/Zhuzai_ying/Zhuzai_ying1_3/Eff_ljw_zhuzai_ying_zhuiji2_lv0_2_s.prefab,,,300,,50,,,,,,,,,0,0
810010,,,Assets/Main/CoditionLoadRes/Dominator/Hawk/Prefabs/Effect/Zhuzai_ying/Zhuzai_ying1_1/Eff_ljw_zhuzai_ying_saomiao.prefab,,,1000,50,,,,,,,,,0,0
810020,,,Assets/Main/CoditionLoadRes/Dominator/Hawk/Prefabs/Effect/Zhuzai_ying/Zhuzai_ying1_1/Eff_ljw_zhuzai_ying_skill1_ld.prefab,,,4000,1800,,,,,,,,,0,0
810030,,Assets/Main/CoditionLoadRes/Dominator/Hawk/Prefabs/Effect/Zhuzai_ying/Zhuzai_ying1_3/Eff_ljw_zhuzai_ying_zhuiji2_lv5_6_s.prefab,,,300,,50,,,,,,,,,0,0
