id,hit_point,hit_effect,hit_effect_num,hit_action,hit_effect_direction,hit_vibrate,hit_sound,death_effect_nomal,death_pos,death_effect_fire,death_effect_ice,death_effect_crash,death_blood_path,death_shake,death_sound,death_action,death_vibrate,sound_id_hit,sound_id_dead,bubble_point
1,,Assets/Main/Prefabs/LWBattle/Effect_Lod/Eff_hero_hit_lod.prefab,0,,1,,,,0,,,,blood_red01|blood_red02|blood_red03|blood_red04|blood_red05,,,,,0,0,
2,,Assets/Main/Prefabs/LWBattle/Effect_Lod/Eff_Metal_hit_lod.prefab,0,,1,,,,0,,,,boom_dirt01|boom_dirt02|boom_dirt03|boom_dirt04|boom_dirt05,,,,,0,0,
11,,Assets/Main/Prefabs/LWBattle/Effect_Lod/Eff_ljw_monster_hit_lod.prefab,0,,1,,stage/zombie_hit-1;stage/zombie_hit-2,,0,,,,blood_dark01|blood_dark02|blood_dark03|blood_dark04|blood_dark05,,stage/zombie_dead-1;stage/zombie_dead-2;stage/zombie_dead-3;stage/zombie_dead-4;stage/zombie_dead-5,,,41000,41001,
12,,Assets/Main/Prefabs/LWBattle/Effect_Lod/Eff_stone_hit_lod.prefab,0,,1,,,Assets/_Art_LastWar/Effect/Prefab/Common/Eff_qiyoutong.prefab,0,,,,boom_dirt01|boom_dirt02|boom_dirt03|boom_dirt04|boom_dirt05,,,,,0,0,
13,,Assets/Main/Prefabs/LWBattle/Effect_Lod/Eff_monster_hit_lod.prefab,0,,1,,stage/common_hit,,0,,,,blood_dark01|blood_dark02|blood_dark03|blood_dark04|blood_dark05,1|1|1|1|10,stage/boss_dead_1,,0.5|0.2|0.1,41002,41003,
14,,,0,,,,,,0,,,,,,,,,0,0,
15,,Assets/_Art_LastWar/Effect/Prefab/Common/Eff_RedStone_hit.prefab,0,hit,1,,,Assets/_Art/Effect/prefab/scene/Common/VFX_animal_grow.prefab,0,,,,boom_dirt01|boom_dirt02|boom_dirt03|boom_dirt04|boom_dirt05,,stage/mutong_dead,dead,,0,41004,
16,,Assets/Main/Prefabs/LWBattle/Effect_Lod/Eff_Metal_hit_lod.prefab,0,,1,,,Assets/_Art_LastWar/Effect/Prefab/Arms/APS/VFX_dapao_shitou_hit_lw.prefab,0,,,,boom_dirt01|boom_dirt02|boom_dirt03|boom_dirt04|boom_dirt05,1|1|1|1|10,,,,0,0,
17,,Assets/Main/Prefabs/LWBattle/Effect_Lod/Eff_stone_hit_lod.prefab,0,,1,,,Assets/Main/Prefabs/LWBattle/Effect_Lod/Eff_guntong_dead_lod.prefab,0,,,,boom_dirt01|boom_dirt02|boom_dirt03|boom_dirt04|boom_dirt05,,stage/mutong_dead,,,0,41005,
18,,Assets/Main/Prefabs/LWBattle/Effect_Lod/Eff_stone_hit_lod.prefab,0,,1,,,Assets/Main/Prefabs/LWBattle/Effect_Lod/Eff_guntong_dead_lod.prefab,0,,,,,,stage/mutong_dead,,,0,41006,
19,,,0,hit,1,0.14|0.2|0.018,,Assets/Main/Prefabs/LWBattle/Effect_Lod/Eff_guntong_dead_lod.prefab,0,,,,,,stage/mutong_dead,dead,0.14|0.2|0.018,0,41007,
20,,Assets/Main/Prefabs/LWBattle/Effect_Lod/Eff_ljw_xinshou_hit_01_lod.prefab,0,,1,0.14|0.2|0.018,stage/common_hit,,0,,,,,,,,,41008,0,
21,,Assets/Main/Prefabs/LWBattle/Effect_Lod/Eff_stone_hit_lod.prefab,0,hit,1,0.14|0.2|0.018,,Assets/_Art_LastWar/Effect/Prefab/Common/Eff_Common_luntai_01.prefab,0,,,,boom_dirt01|boom_dirt02|boom_dirt03|boom_dirt04|boom_dirt05,,stage/mutong_dead,dead,0.14|0.2|0.018,0,41009,
22,,Assets/Main/Prefabs/LWBattle/Bottle/Eff_Hit_Water_Comm.prefab,10,hit,1,0.14|0.2|0.018,,Assets/Main/Prefabs/LWBattle/Bottle/Eff_Hit_WateSplash.prefab,1,,,,,,stage/mutong_dead,dead,0.14|0.2|0.018,0,41009,
23,,Assets/Main/Prefabs/LWBattle/Bottle/Eff_Hit_Water_Comm.prefab,10,hit,1,0.14|0.2|0.018,,Assets/Main/Prefabs/LWBattle/Bottle/Eff_Hit_WateSplash_Hero.prefab,1,,,,,,stage/mutong_dead,dead,0.14|0.2|0.018,0,41009,Hero@monika_skin/To_unity/DeformationSystem/Root/ren/Root_M/Spine1_M/Spine2_M/Chest_M/Neck_M/Head_M;1;0.85
24,,Assets/Main/Prefabs/LWBattle/Bottle/Eff_Hit_Water_Comm.prefab,10,hit,1,0.14|0.2|0.018,,Assets/Main/Prefabs/LWBattle/Bottle/Eff_Hit_WateSplash_Hero.prefab,1,,,,,,stage/mutong_dead,dead,0.14|0.2|0.018,0,41009,Hero@bubing05_skin (1)/To_unity/DeformationSystem/Root/Root_M/Spine1_M/Chest_M/Neck_M/Head_M;1.5;0.6
