id,name,attr_add,star_show,attr_ratio,shard_need,icon,icon_simple
1,129131,,0;1,1,10,Assets/Main/Sprites/UI/UILWHeroDetail/lyp_yingxiong_junxian_1.png,Assets/Main/Sprites/UI/UIHeroCommon/lyp_yingxiongliebiao_junxian_01.png
2,129178,50006;1265.63|50007;30.14|50009;6.03,1;3,1.05,10,Assets/Main/Sprites/UI/UILWHeroDetail/lyp_yingxiong_junxian_2.png,Assets/Main/Sprites/UI/UIHeroCommon/lyp_yingxiongliebiao_junxian_02.png
3,129179,50006;2151.67|50007;51.24|50009;10.25,2;3,1.05,10,Assets/Main/Sprites/UI/UILWHeroDetail/lyp_yingxiong_junxian_2.png,Assets/Main/Sprites/UI/UIHeroCommon/lyp_yingxiongliebiao_junxian_02.png
4,129180,50006;3269.48|50007;77.85|50009;15.57,3;3,1.05,20,Assets/Main/Sprites/UI/UILWHeroDetail/lyp_yingxiong_junxian_2.png,Assets/Main/Sprites/UI/UIHeroCommon/lyp_yingxiongliebiao_junxian_02.png
5,129182,50006;4776.81|50007;113.74|50009;22.75,1;3,1.1,20,Assets/Main/Sprites/UI/UILWHeroDetail/lyp_yingxiong_junxian_3.png,Assets/Main/Sprites/UI/UIHeroCommon/lyp_yingxiongliebiao_junxian_03.png
6,129183,50006;6739.78|50007;160.48|50009;32.1,2;3,1.1,20,Assets/Main/Sprites/UI/UILWHeroDetail/lyp_yingxiong_junxian_3.png,Assets/Main/Sprites/UI/UIHeroCommon/lyp_yingxiongliebiao_junxian_03.png
7,129184,50006;8709.78|50007;207.38|50009;41.48,3;3,1.1,40,Assets/Main/Sprites/UI/UILWHeroDetail/lyp_yingxiong_junxian_3.png,Assets/Main/Sprites/UI/UIHeroCommon/lyp_yingxiongliebiao_junxian_03.png
8,129186,50006;11028.47|50007;262.59|50009;52.52,1;3,1.15,30,Assets/Main/Sprites/UI/UILWHeroDetail/lyp_yingxiong_junxian_4.png,Assets/Main/Sprites/UI/UIHeroCommon/lyp_yingxiongliebiao_junxian_04.png
9,129187,50006;13709.72|50007;326.43|50009;65.29,2;3,1.15,30,Assets/Main/Sprites/UI/UILWHeroDetail/lyp_yingxiong_junxian_4.png,Assets/Main/Sprites/UI/UIHeroCommon/lyp_yingxiongliebiao_junxian_04.png
10,129188,50006;16759.63|50007;399.04|50009;79.81,3;3,1.15,60,Assets/Main/Sprites/UI/UILWHeroDetail/lyp_yingxiong_junxian_4.png,Assets/Main/Sprites/UI/UIHeroCommon/lyp_yingxiongliebiao_junxian_04.png
11,129170,50006;19380.69|50007;461.45|50009;92.29,1;3,1.2,40,Assets/Main/Sprites/UI/UILWHeroDetail/lyp_yingxiong_junxian_5.png,Assets/Main/Sprites/UI/UIHeroCommon/lyp_yingxiongliebiao_junxian_05.png
12,129171,50006;22303.51|50007;531.04|50009;106.21,2;3,1.2,40,Assets/Main/Sprites/UI/UILWHeroDetail/lyp_yingxiong_junxian_5.png,Assets/Main/Sprites/UI/UIHeroCommon/lyp_yingxiongliebiao_junxian_05.png
13,129172,50006;25565.68|50007;608.71|50009;121.75,3;3,1.2,80,Assets/Main/Sprites/UI/UILWHeroDetail/lyp_yingxiong_junxian_5.png,Assets/Main/Sprites/UI/UIHeroCommon/lyp_yingxiongliebiao_junxian_05.png
14,129136,50006;29209.33|50007;695.47|50009;139.1,1;3,1.3,50,Assets/Main/Sprites/UI/UILWHeroDetail/lyp_yingxiong_junxian_6.png,Assets/Main/Sprites/UI/UIHeroCommon/lyp_yingxiongliebiao_junxian_06.png
15,129137,50006;33281.54|50007;792.42|50009;158.49,2;3,1.3,50,Assets/Main/Sprites/UI/UILWHeroDetail/lyp_yingxiong_junxian_6.png,Assets/Main/Sprites/UI/UIHeroCommon/lyp_yingxiongliebiao_junxian_06.png
16,129138,50006;36191.97|50007;861.72|50009;172.35,3;3,1.3,100,Assets/Main/Sprites/UI/UILWHeroDetail/lyp_yingxiong_junxian_6.png,Assets/Main/Sprites/UI/UIHeroCommon/lyp_yingxiongliebiao_junxian_06.png
17,129140,50006;38671.23|50007;920.75|50009;184.15,1;3,1.4,60,Assets/Main/Sprites/UI/UILWHeroDetail/lyp_yingxiong_junxian_7.png,Assets/Main/Sprites/UI/UIHeroCommon/lyp_yingxiongliebiao_junxian_09.png
18,129141,50006;40702.25|50007;969.11|50009;193.83,2;3,1.4,60,Assets/Main/Sprites/UI/UILWHeroDetail/lyp_yingxiong_junxian_7.png,Assets/Main/Sprites/UI/UIHeroCommon/lyp_yingxiongliebiao_junxian_09.png
19,129142,50006;43211.15|50007;1028.84|50009;205.77,3;3,1.4,120,Assets/Main/Sprites/UI/UILWHeroDetail/lyp_yingxiong_junxian_7.png,Assets/Main/Sprites/UI/UIHeroCommon/lyp_yingxiongliebiao_junxian_09.png
20,129144,50006;45701.19|50007;1088.13|50009;217.63,1;3,1.5,70,Assets/Main/Sprites/UI/UILWHeroDetail/lyp_yingxiong_junxian_8.png,Assets/Main/Sprites/UI/UIHeroCommon/lyp_yingxiongliebiao_junxian_10.png
21,129145,50006;48210.09|50007;1147.86|50009;229.58,2;3,1.5,70,Assets/Main/Sprites/UI/UILWHeroDetail/lyp_yingxiong_junxian_8.png,Assets/Main/Sprites/UI/UIHeroCommon/lyp_yingxiongliebiao_junxian_10.png
22,129146,50006;51247.18|50007;1220.18|50009;244.04,3;3,1.5,,Assets/Main/Sprites/UI/UILWHeroDetail/lyp_yingxiong_junxian_8.png,Assets/Main/Sprites/UI/UIHeroCommon/lyp_yingxiongliebiao_junxian_10.png
