id,stage_name,stage_order,node_num,node_interval,first_boss_id,non_event_node_weight,idle_end_reward,back_pic_loop,preview_id
100001,t11_idle_game_desc_3,1,480,30,100001,10001;326|11001;9674,,Assets/Main/Prefabs/UI/T11IdleGame/Scene/Background/A_scene_bg_01_t11_idle_game.prefab;78|Assets/Main/Prefabs/UI/T11IdleGame/Scene/Background/A_scene_bg_01_t11_idle_game.prefab;78|Assets/Main/Prefabs/UI/T11IdleGame/Scene/Background/A_scene_bg_01_t11_idle_game.prefab;78,100001
100002,t11_idle_game_desc_3,2,480,30,101001,10002;330|11002;9670,,Assets/Main/Prefabs/UI/T11IdleGame/Scene/Background/A_scene_bg_01_t11_idle_game.prefab;78|Assets/Main/Prefabs/UI/T11IdleGame/Scene/Background/A_scene_bg_01_t11_idle_game.prefab;78|Assets/Main/Prefabs/UI/T11IdleGame/Scene/Background/A_scene_bg_01_t11_idle_game.prefab;78,100002
100003,t11_idle_game_desc_3,3,480,30,102001,10003;333|11003;9667,,Assets/Main/Prefabs/UI/T11IdleGame/Scene/Background/A_scene_bg_01_t11_idle_game.prefab;78|Assets/Main/Prefabs/UI/T11IdleGame/Scene/Background/A_scene_bg_01_t11_idle_game.prefab;78|Assets/Main/Prefabs/UI/T11IdleGame/Scene/Background/A_scene_bg_01_t11_idle_game.prefab;78,100003
100004,t11_idle_game_desc_3,4,480,30,103001,10004;337|11004;9663,,Assets/Main/Prefabs/UI/T11IdleGame/Scene/Background/A_scene_bg_01_t11_idle_game.prefab;78|Assets/Main/Prefabs/UI/T11IdleGame/Scene/Background/A_scene_bg_01_t11_idle_game.prefab;78|Assets/Main/Prefabs/UI/T11IdleGame/Scene/Background/A_scene_bg_01_t11_idle_game.prefab;78,100004
100005,t11_idle_game_desc_3,5,480,30,104001,10005;340|11005;9660,,Assets/Main/Prefabs/UI/T11IdleGame/Scene/Background/A_scene_bg_01_t11_idle_game.prefab;78|Assets/Main/Prefabs/UI/T11IdleGame/Scene/Background/A_scene_bg_01_t11_idle_game.prefab;78|Assets/Main/Prefabs/UI/T11IdleGame/Scene/Background/A_scene_bg_01_t11_idle_game.prefab;78,100005
100006,t11_idle_game_desc_3,6,480,30,105001,10006;344|11006;9656,,Assets/Main/Prefabs/UI/T11IdleGame/Scene/Background/A_scene_bg_01_t11_idle_game.prefab;78|Assets/Main/Prefabs/UI/T11IdleGame/Scene/Background/A_scene_bg_01_t11_idle_game.prefab;78|Assets/Main/Prefabs/UI/T11IdleGame/Scene/Background/A_scene_bg_01_t11_idle_game.prefab;78,100006
100007,t11_idle_game_desc_3,7,480,30,106001,10007;348|11007;9652,,Assets/Main/Prefabs/UI/T11IdleGame/Scene/Background/A_scene_bg_01_t11_idle_game.prefab;78|Assets/Main/Prefabs/UI/T11IdleGame/Scene/Background/A_scene_bg_01_t11_idle_game.prefab;78|Assets/Main/Prefabs/UI/T11IdleGame/Scene/Background/A_scene_bg_01_t11_idle_game.prefab;78,100007
100008,t11_idle_game_desc_3,8,480,30,107001,10008;351|11008;9649,,Assets/Main/Prefabs/UI/T11IdleGame/Scene/Background/A_scene_bg_01_t11_idle_game.prefab;78|Assets/Main/Prefabs/UI/T11IdleGame/Scene/Background/A_scene_bg_01_t11_idle_game.prefab;78|Assets/Main/Prefabs/UI/T11IdleGame/Scene/Background/A_scene_bg_01_t11_idle_game.prefab;78,100008
100009,t11_idle_game_desc_3,9,480,30,108001,10009;355|11009;9645,,Assets/Main/Prefabs/UI/T11IdleGame/Scene/Background/A_scene_bg_01_t11_idle_game.prefab;78|Assets/Main/Prefabs/UI/T11IdleGame/Scene/Background/A_scene_bg_01_t11_idle_game.prefab;78|Assets/Main/Prefabs/UI/T11IdleGame/Scene/Background/A_scene_bg_01_t11_idle_game.prefab;78,100009
100010,t11_idle_game_desc_3,10,480,30,109001,10010;358|11010;9642,,Assets/Main/Prefabs/UI/T11IdleGame/Scene/Background/A_scene_bg_01_t11_idle_game.prefab;78|Assets/Main/Prefabs/UI/T11IdleGame/Scene/Background/A_scene_bg_01_t11_idle_game.prefab;78|Assets/Main/Prefabs/UI/T11IdleGame/Scene/Background/A_scene_bg_01_t11_idle_game.prefab;78,100010
