id,node_type,asset_path,monster
10001,1,Assets/Main/Prefabs/BountyHunter/Item/BountyHunterChest_L.prefab,
10002,1,Assets/Main/Prefabs/BountyHunter/Item/BountyHunterChest_L.prefab,
10003,1,Assets/Main/Prefabs/BountyHunter/Item/BountyHunterChest_L.prefab,
10004,1,Assets/Main/Prefabs/BountyHunter/Item/BountyHunterChest_L.prefab,
10005,1,Assets/Main/Prefabs/BountyHunter/Item/BountyHunterChest_L.prefab,
10006,1,Assets/Main/Prefabs/BountyHunter/Item/BountyHunterChest_L.prefab,
10007,1,Assets/Main/Prefabs/BountyHunter/Item/BountyHunterChest_L.prefab,
10008,1,Assets/Main/Prefabs/BountyHunter/Item/BountyHunterChest_L.prefab,
10009,1,Assets/Main/Prefabs/BountyHunter/Item/BountyHunterChest_L.prefab,
10010,1,Assets/Main/Prefabs/BountyHunter/Item/BountyHunterChest_L.prefab,
10011,1,Assets/Main/Prefabs/BountyHunter/Item/BountyHunterChest_L.prefab,
10012,1,Assets/Main/Prefabs/BountyHunter/Item/BountyHunterChest_L.prefab,
10013,1,Assets/Main/Prefabs/BountyHunter/Item/BountyHunterChest_L.prefab,
10014,1,Assets/Main/Prefabs/BountyHunter/Item/BountyHunterChest_L.prefab,
10015,1,Assets/Main/Prefabs/BountyHunter/Item/BountyHunterChest_L.prefab,
10016,1,Assets/Main/Prefabs/BountyHunter/Item/BountyHunterChest_L.prefab,
10017,1,Assets/Main/Prefabs/BountyHunter/Item/BountyHunterChest_L.prefab,
10018,1,Assets/Main/Prefabs/BountyHunter/Item/BountyHunterChest_L.prefab,
10019,1,Assets/Main/Prefabs/BountyHunter/Item/BountyHunterChest_L.prefab,
10020,1,Assets/Main/Prefabs/BountyHunter/Item/BountyHunterChest_L.prefab,
10021,1,Assets/Main/Prefabs/BountyHunter/Item/BountyHunterChest_L.prefab,
10022,1,Assets/Main/Prefabs/BountyHunter/Item/BountyHunterChest_L.prefab,
10023,1,Assets/Main/Prefabs/BountyHunter/Item/BountyHunterChest_L.prefab,
10024,1,Assets/Main/Prefabs/BountyHunter/Item/BountyHunterChest_L.prefab,
10025,1,Assets/Main/Prefabs/BountyHunter/Item/BountyHunterChest_L.prefab,
10026,1,Assets/Main/Prefabs/BountyHunter/Item/BountyHunterChest_L.prefab,
10027,1,Assets/Main/Prefabs/BountyHunter/Item/BountyHunterChest_L.prefab,
10028,1,Assets/Main/Prefabs/BountyHunter/Item/BountyHunterChest_L.prefab,
10029,1,Assets/Main/Prefabs/BountyHunter/Item/BountyHunterChest_L.prefab,
10030,1,Assets/Main/Prefabs/BountyHunter/Item/BountyHunterChest_L.prefab,
11001,2,,"170030005,170030006,170030007|170030001,170030002,170030003,170030004"
11002,2,,"170030005,170030006,170030007|170030001,170030002,170030003,170030004"
11003,2,,"170030005,170030006,170030007|170030001,170030002,170030003,170030004"
11004,2,,"170030005,170030006,170030007|170030001,170030002,170030003,170030004"
11005,2,,"170030005,170030006,170030007|170030001,170030002,170030003,170030004"
11006,2,,"170030005,170030006,170030007|170030001,170030002,170030003,170030004"
11007,2,,"170030005,170030006,170030007|170030001,170030002,170030003,170030004"
11008,2,,"170030005,170030006,170030007|170030001,170030002,170030003,170030004"
11009,2,,"170030005,170030006,170030007|170030001,170030002,170030003,170030004"
11010,2,,"170030005,170030006,170030007|170030001,170030002,170030003,170030004"
12001,3,Assets/Main/Prefabs/UI/T11IdleGame/Scene/Soldier/T11IdleGameIdleBattleSoldier_02.prefab,
