id,share_type,need_num,para1,para2,para3,join_reward
10001,hero_stage_quality_num,10,26,3,5,281200001
10002,hero_stage_quality_num,10,26,5,5,281200001
10003,hero_stage_quality_num,10,26,8,5,281200001
10004,hero_stage_quality_num,10,26,10,5,281200001
10005,hero_stage_quality_num,5,26,15,5,281200001
10006,hero_stage_quality_num,5,26,18,5,281200001
10007,hero_level_quality_num,10,150,10,5,281200001
10008,hero_level_quality_num,10,150,15,5,281200001
10009,hero_level_quality_num,10,160,10,5,281200001
10010,hero_level_quality_num,10,160,15,5,281200001
10011,hero_level_quality_num,5,170,10,5,281200001
10012,hero_level_quality_num,5,175,10,5,281200001
10013,uav_level,5,,100,,281200001
10014,uav_level,10,,100,,281200001
10015,uav_level,5,,115,,281200001
10016,uav_level,10,,115,,281200001
10017,uav_level,5,,120,,281200001
10018,uav_level,10,,120,,281200001
10019,uav_level,5,,130,,281200001
10020,uav_level,10,,130,,281200001
10021,uav_level,5,,140,,281200001
10022,uav_level,10,,140,,281200001
10023,uav_level,5,,150,,281200001
10024,soldier_level,10,,8,,281200001
10025,soldier_level,10,,9,,281200001
10026,soldier_level,5,,10,,281200001
10027,soldier_level,10,,10,,281200001
10028,soldier_level,3,,11,,281200001
10029,soldier_level,5,,11,,281200001
10030,city_level,10,10100000,27,,281200001
10031,city_level,10,10100000,30,,281200001
10032,city_level,10,10100000,32,,281200001
10033,city_level,10,10100000,33,,281200001
10034,city_level,10,10100000,34,,281200001
10035,city_level,10,10100000,35,,281200001
