id,type,lv,max_lv,front_building,prefab,icon,scale,hp,cost,para1,para2,para3
100,5,0,3,,Assets/Main/Prefabs/LastStand/LastStandHome.prefab,wxy_xinshou_idleaction_jidi,,0,10,,,
101,5,1,3,100,Assets/Main/Prefabs/LastStand/LastStandHome.prefab,wxy_xinshou_idleaction_jidi,,500,20,,,
102,5,2,3,101|201;202;203,Assets/Main/Prefabs/LastStand/LastStandHome.prefab,wxy_xinshou_idleaction_jidi,,750,30,,,
103,5,3,3,102|202;203,Assets/Main/Prefabs/LastStand/LastStandHome.prefab,wxy_xinshou_idleaction_jidi,,1000,0,,,
200,4,0,3,101;102;103,Assets/Main/Prefabs/LastStand/LastStandTurret.prefab,wxy_xinshou_idleaction_paota,,0,10,,,
201,4,1,3,200|101;102;103,Assets/Main/Prefabs/LastStand/LastStandTurret.prefab,wxy_xinshou_idleaction_paota,,500,20,10101,,
202,4,2,3,201|102;103,Assets/Main/Prefabs/LastStand/LastStandTurret.prefab,wxy_xinshou_idleaction_paota,,750,30,10102,,
203,4,3,3,202|103,Assets/Main/Prefabs/LastStand/LastStandTurret.prefab,wxy_xinshou_idleaction_paota,,1000,0,10103,,
300,5,0,3,,Assets/Main/Prefabs/LastStand/LastStandHome.prefab,wxy_xinshou_idleaction_jidi,,0,10,,,
301,5,1,3,300,Assets/Main/Prefabs/LastStand/LastStandHome.prefab,wxy_xinshou_idleaction_jidi,,1000,20,,,
302,5,2,3,301|401;402;403,Assets/Main/Prefabs/LastStand/LastStandHome.prefab,wxy_xinshou_idleaction_jidi,,1500,30,,,
303,5,3,3,302|402;403,Assets/Main/Prefabs/LastStand/LastStandHome.prefab,wxy_xinshou_idleaction_jidi,,2000,0,,,
400,4,0,3,301;302;303,Assets/Main/Prefabs/LastStand/LastStandTurret.prefab,wxy_xinshou_idleaction_paota,,0,10,,,
401,4,1,3,400|301;302;303,Assets/Main/Prefabs/LastStand/LastStandTurret.prefab,wxy_xinshou_idleaction_paota,,500,20,10101,,
402,4,2,3,401|302;303,Assets/Main/Prefabs/LastStand/LastStandTurret.prefab,wxy_xinshou_idleaction_paota,,750,30,10102,,
403,4,3,3,402|303,Assets/Main/Prefabs/LastStand/LastStandTurret.prefab,wxy_xinshou_idleaction_paota,,1000,0,10103,,
500,2,0,2,301;302;303|601;602;603|401;402;403,Assets/Main/Prefabs/LastStand/LastStandBarracks.prefab,wxy_xinshou_idleaction_bingying,,0,10,0,,
501,2,1,2,500|302;303,Assets/Main/Prefabs/LastStand/LastStandBarracks.prefab,wxy_xinshou_idleaction_bingying,,500,20,6,,
502,2,2,2,501|303,Assets/Main/Prefabs/LastStand/LastStandBarracks.prefab,wxy_xinshou_idleaction_bingying,,750,30,5,,
600,3,0,2,301;302;303|401;402;403,Assets/Main/Prefabs/LastStand/LastStandArmyYard.prefab,wxy_xinshou_idleaction_jiaochang,,0,10,0,,
601,3,1,2,600|302;303,Assets/Main/Prefabs/LastStand/LastStandArmyYard.prefab,wxy_xinshou_idleaction_jiaochang,,500,20,3,,
602,3,2,2,601|303,Assets/Main/Prefabs/LastStand/LastStandArmyYard.prefab,wxy_xinshou_idleaction_jiaochang,,750,30,6,,
700,5,0,1,,Assets/Main/Prefabs/LastStand/LastStandHome.prefab,wxy_xinshou_idleaction_jidi,,0,10,,,
701,5,1,1,700,Assets/Main/Prefabs/LastStand/LastStandHome.prefab,wxy_xinshou_idleaction_jidi,,500,0,,,
800,4,0,1,701,Assets/Main/Prefabs/LastStand/LastStandTurret.prefab,wxy_xinshou_idleaction_paota,,0,10,,,
801,4,1,1,800|701,Assets/Main/Prefabs/LastStand/LastStandTurret.prefab,wxy_xinshou_idleaction_paota,,500,0,10101,,
1000,1,0,2,5001;5002;5003|4001;4002;4003|2001;2002;2003,Assets/Main/Prefabs/LastStand/LastStandHospital.prefab,wxy_xinshou_idleaction_yiyuan,,0,10,0,,
1001,1,1,2,1000|5002;5003,Assets/Main/Prefabs/LastStand/LastStandHospital.prefab,wxy_xinshou_idleaction_yiyuan,,500,20,6,,
1002,1,2,2,1001|5003,Assets/Main/Prefabs/LastStand/LastStandHospital.prefab,wxy_xinshou_idleaction_yiyuan,,750,30,5,,
2000,2,0,2,5001;5002;5003|4001;4002;4003|3001;3002;3003,Assets/Main/Prefabs/LastStand/LastStandBarracks.prefab,wxy_xinshou_idleaction_bingying,,0,10,0,,
2001,2,1,2,2000|5002;5003,Assets/Main/Prefabs/LastStand/LastStandBarracks.prefab,wxy_xinshou_idleaction_bingying,,500,20,6,,
2002,2,2,2,2001|5003,Assets/Main/Prefabs/LastStand/LastStandBarracks.prefab,wxy_xinshou_idleaction_bingying,,750,30,5,,
3000,3,0,2,5001;5002;5003|4001;4002;4003,Assets/Main/Prefabs/LastStand/LastStandArmyYard.prefab,wxy_xinshou_idleaction_jiaochang,,0,10,0,,
3001,3,1,2,3000|5002;5003,Assets/Main/Prefabs/LastStand/LastStandArmyYard.prefab,wxy_xinshou_idleaction_jiaochang,,500,20,3,,
3002,3,2,2,3001|5003,Assets/Main/Prefabs/LastStand/LastStandArmyYard.prefab,wxy_xinshou_idleaction_jiaochang,,750,30,6,,
4000,4,0,3,5001;5002;5003,Assets/Main/Prefabs/LastStand/LastStandTurret.prefab,wxy_xinshou_idleaction_paota,,0,10,,,
4001,4,1,3,4000|5001;5002;5003,Assets/Main/Prefabs/LastStand/LastStandTurret.prefab,wxy_xinshou_idleaction_paota,,500,20,10101,,
4002,4,2,3,4001|5002;5003,Assets/Main/Prefabs/LastStand/LastStandTurret.prefab,wxy_xinshou_idleaction_paota,,750,30,10102,,
4003,4,3,3,4002|5003,Assets/Main/Prefabs/LastStand/LastStandTurret.prefab,wxy_xinshou_idleaction_paota,,1000,0,10103,,
5000,5,0,3,,Assets/Main/Prefabs/LastStand/LastStandHome.prefab,wxy_xinshou_idleaction_jidi,,0,10,,,
5001,5,1,3,5000,Assets/Main/Prefabs/LastStand/LastStandHome.prefab,wxy_xinshou_idleaction_jidi,,1000,20,,,
5002,5,2,3,5001|4001;4002;4003,Assets/Main/Prefabs/LastStand/LastStandHome.prefab,wxy_xinshou_idleaction_jidi,,1500,30,,,
5003,5,3,3,5002|4002;4003,Assets/Main/Prefabs/LastStand/LastStandHome.prefab,wxy_xinshou_idleaction_jidi,,2000,0,,,
6000,6,0,1,5001;5002;5003,Assets/Main/Prefabs/LastStand/LastStandGate.prefab,wxy_xinshou_idleaction_chengqiang,,0,10,120,,
6001,6,1,1,6000,Assets/Main/Prefabs/LastStand/LastStandGate.prefab,wxy_xinshou_idleaction_chengqiang,,500,10,120,,
6100,6,0,1,5001;5002;5003,Assets/Main/Prefabs/LastStand/LastStandGate.prefab,wxy_xinshou_idleaction_chengqiang,,0,10,120,,
6101,6,1,1,6100,Assets/Main/Prefabs/LastStand/LastStandGate.prefab,wxy_xinshou_idleaction_chengqiang,,750,10,120,,
6200,6,0,1,5001;5002;5003,Assets/Main/Prefabs/LastStand/LastStandGate.prefab,wxy_xinshou_idleaction_chengqiang,,0,10,120,,
6201,6,1,1,6200,Assets/Main/Prefabs/LastStand/LastStandGate.prefab,wxy_xinshou_idleaction_chengqiang,,1000,10,120,,
6300,6,0,1,5001;5002;5003,Assets/Main/Prefabs/LastStand/LastStandGate.prefab,wxy_xinshou_idleaction_chengqiang,,0,10,120,,
6301,6,1,1,6300,Assets/Main/Prefabs/LastStand/LastStandGate.prefab,wxy_xinshou_idleaction_chengqiang,,1500,10,120,,
6400,6,0,1,5001;5002;5003,Assets/Main/Prefabs/LastStand/LastStandGate.prefab,wxy_xinshou_idleaction_chengqiang,,0,10,120,,
6401,6,1,1,6400,Assets/Main/Prefabs/LastStand/LastStandGate.prefab,wxy_xinshou_idleaction_chengqiang,,2000,10,120,,
6500,6,0,1,5001;5002;5003,Assets/Main/Prefabs/LastStand/LastStandGate.prefab,wxy_xinshou_idleaction_chengqiang,,0,10,120,,
6501,6,1,1,6500,Assets/Main/Prefabs/LastStand/LastStandGate.prefab,wxy_xinshou_idleaction_chengqiang,,2500,10,120,,
6900,6,0,1,5001;5002;5003,Assets/Main/Prefabs/LastStand/LastStandGate.prefab,wxy_xinshou_idleaction_chengqiang,,999999,10,120,,
6901,6,1,1,6900,Assets/Main/Prefabs/LastStand/LastStandGate.prefab,wxy_xinshou_idleaction_chengqiang,,999999,10,120,,
