id,group,range,range_rate,identity_type,identity_name,identity_icon,cost,para
1,1,0;4850000,,0,migration_activity_identity_name_10001,Assets/Main/Sprites/UI/LWUIMigration/mjc_S2_yimin_shenfen_icon_1.png,50,
2,1,4850001;6500000,,1,migration_activity_identity_name_10002,Assets/Main/Sprites/UI/LWUIMigration/mjc_S2_yimin_shenfen_icon_2.png,50,
3,1,6500001;-1,,2,migration_activity_identity_name_10003,Assets/Main/Sprites/UI/LWUIMigration/mjc_S2_yimin_shenfen_icon_3.png,50,
4,2,,11;100,3,migration_activity_identity_name_10004,Assets/Main/Sprites/UI/LWUIMigration/mjc_S2_yimin_shenfen_icon_4.png,50,0
5,2,,1.1;11,0,migration_activity_identity_name_10001,Assets/Main/Sprites/UI/LWUIMigration/mjc_S2_yimin_shenfen_icon_1.png,50,100
6,2,,0.18;1.1,1,migration_activity_identity_name_10002,Assets/Main/Sprites/UI/LWUIMigration/mjc_S2_yimin_shenfen_icon_2.png,50,100000
7,2,,0;0.18,2,migration_activity_identity_name_10003,Assets/Main/Sprites/UI/LWUIMigration/mjc_S2_yimin_shenfen_icon_3.png,50,100000
